person_id,name,popularity,Recognizability,best_known_for_acting
2,Mark Hamill,2.0847,8,True
3,Harrison Ford,3.2373,10,True
4,Carrie Fisher,1.138,9,True
5,Peter Cushing,0.9095,7,True
12248,Alec Guinness,0.5721,9,True
6,Anthony Daniels,0.4214,6,True
130,Kenny Baker,0.3543,5,True
24343,Peter Mayhew,0.3098,6,True
24342,David Prowse,0.257,5,True
33032,Phil Brown,0.1588,2,True
131625,Shelagh Fraser,0.171,1,True
132538,Jack Purvis,0.8363,1,True
216087,Alex McCrindle,0.136,1,True
69249,Eddie Byrne,0.1439,2,True
47401,Drewe Henley,0.1845,2,True
13,Albert Brooks,1.3666,7,True
14,Ellen DeGeneres,0.496,10,True
12,Alexander Gould,0.5255,5,True
5293,Willem Dafoe,2.8957,9,True
118,Geoffrey Rush,2.0128,8,True
18,Brad Garrett,1.3193,7,True
19,Allison Janney,2.1454,8,True
6168,Austin Pendleton,0.645,4,True
17401,Stephen Root,1.5672,6,True
14723,Vicki Lewis,0.4184,4,True
20,Elizabeth Perkins,1.2052,7,True
981048,Nicholas Bird,0.3163,2,True
10,Bob Peterson,0.6996,5,True
22,Barry Humphries,0.4996,6,True
8783,Eric Bana,3.5409,8,True
7907,John Ratzenberger,1.1566,6,True
57675,Daryl Sabara,1.2038,6,True
120617,Vanessa Marano,1.2877,6,True
31,Tom Hanks,12.4673,10,True
32,Robin Wright,2.9694,8,True
33,Gary Sinise,1.0311,7,True
35,Sally Field,1.2191,8,True
34,Mykelti Williamson,1.2305,6,True
37821,Michael Conner Humphreys,0.9438,4,True
204997,Hanna Hall,0.7509,4,True
9640,Haley Joel Osment,2.2576,8,True
6751,Siobhan Fallon Hogan,0.5013,5,True
3817610,Rebecca Williams,0.0838,1,True
196855,Bob Penny,0.1908,1,True
3052237,Harold G. Herthum,0.6611,3,True
951881,George Kelly,0.1813,2,True
3817629,John Randall,0.0707,1,True
36221,Sam Anderson,0.726,4,True
1215432,Margo Moorer,0.2312,2,True
37827,John William Galt,2.0658,3,True
1979,Kevin Spacey,1.3107,9,True
516,Annette Bening,1.3572,8,True
2155,Thora Birch,0.9415,7,True
8210,Wes Bentley,1.6121,7,True
8211,Mena Suvari,1.3577,7,True
8212,Peter Gallagher,1.2648,7,True
2955,Chris Cooper,1.3746,7,True
2154,Scott Bakula,1.2665,7,True
8213,Sam Robards,0.3378,4,True
8214,Barry Del Sherman,0.1683,2,True
64189,Ara Celi,0.4198,3,True
68842,John Cho,1.1048,7,True
45399,Hal Fort Atkinson,0.0491,1,True
166961,Sue Casey,0.1325,1,True
9634,Kent Faulcon,0.1899,2,True
85,Johnny Depp,4.0845,10,True
114,Orlando Bloom,1.6009,9,True
116,Keira Knightley,2.9632,9,True
1709,Jack Davenport,1.1322,6,True
378,Jonathan Pryce,4.7145,8,True
1710,Lee Arenberg,0.4248,4,True
1711,Mackenzie Crook,1.0185,6,True
1712,Damian O'Hare,0.3187,4,True
1713,Giles New,0.1773,3,True
1714,Angus Barnett,0.2245,4,True
1715,David Bailie,1.1173,4,True
1716,Michael Berry Jr.,1.2903,4,True
1717,"Isaac C. Singleton, Jr.",0.2199,3,True
2449,Kevin McNally,1.0353,6,True
12802,Treva Etienne,0.2178,3,True
8691,Zoe Saldaña,3.2987,9,True
139,Uma Thurman,4.1464,9,True
140,Lucy Liu,2.9765,9,True
2535,Vivica A. Fox,1.0715,7,True
589,Daryl Hannah,1.9812,8,True
141,David Carradine,1.606,8,True
147,Michael Madsen,1.8075,8,True
2539,Julie Dreyfus,0.8166,5,True
2538,Chiaki Kuriyama,1.275,6,True
2537,Sonny Chiba,0.6184,6,True
240171,Gordon Liu Chia-Hui,1.2069,5,True
2536,Michael Parks,0.7087,5,True
2234,Michael Bowen,0.872,5,True
2541,Jun Kunimura,0.6104,5,True
138435,Kenji Ohba,0.5896,4,True
545394,Yuki Kazamatsuri,1.7961,4,True
87312,James Parks,0.2994,3,True
131,Jake Gyllenhaal,3.1871,9,True
134,Jamie Foxx,1.9746,9,True
133,Peter Sarsgaard,1.3856,7,True
2050,Noah Huntley,0.3512,4,True
68307,Luke Mably,0.3816,4,True
2258,Stuart McQuarrie,0.206,1,True
63003,Ricci Harnett,0.4356,4,True
29237,Leo Bill,0.5356,4,True
195446,Junior Laniyan,0.0861,1,True
82107,Ray Panthaki,0.535,4,True
2067293,Sanjay Rambaruth,0.0975,1,True
2052,Christopher Dunne,0.4558,1,True
2054,Emma Hitching,0.1849,1,True
2077,Laurence Luckinbill,0.4672,4,True
2078,Charles Cooper,0.3008,4,True
2079,Cynthia Gouw,0.0214,1,True
2080,Todd Bryant,0.3304,1,True
77740,Spice Williams-Crosby,0.2183,1,True
16066,Rex Holman,0.3067,1,True
2081,George Murdock,0.4871,4,True
1444735,Jonathan Simpson,0.0071,1,True
2109,Kim Cattrall,1.1984,9,True
2111,Rosanna DeSoto,0.7564,4,True
2115,Kurtwood Smith,1.0274,5,True
160414,Paul Rossilli,0.0745,1,True
2224,Christian Slater,1.9766,9,True
2130,Cary Elwes,1.1209,8,True
2140,Monica Potter,1.1424,5,True
2131,Ken Leung,0.931,5,True
2139,Makenzie Vega,1.4849,4,True
2136,Michael Emerson,0.8834,5,True
2133,Dina Meyer,2.5878,5,True
2144,Tobin Bell,1.2058,5,True
2142,Alexandra Bokyun Chun,0.313,1,True
2134,Mike Butters,0.2668,1,True
2135,Paul Gutrecht,0.1026,1,True
2141,Ned Bellamy,0.3885,4,True
2143,Avner Garbi,0.1379,1,True
2157,Robin Williams,2.4574,10,True
99,Amanda Plummer,1.1728,5,True
2167,Mercedes Ruehl,0.62,5,True
2169,Michael Jeter,1.0901,4,True
2719690,William Jay Marshall,0.0752,1,True
981542,Adam Bryant,0.1189,1,True
11075,Paul Lombardi,0.0214,1,True
11076,David Hyde Pierce,0.5833,7,True
57357,Ted Ross,0.5408,1,True
11073,Lara Harris,0.2996,1,True
1075039,Warren Olney,0.0143,1,True
170237,Frazer Smith,0.0897,1,True
11074,Kathy Najimy,1.0582,5,True
157549,Diane Robin,1.1282,1,True
2227,Nicole Kidman,4.6389,10,True
2228,Sean Penn,1.4444,10,True
2229,Catherine Keener,1.5117,8,True
2244,Jesper Christensen,0.4691,4,True
2245,Yvan Attal,0.4553,4,True
2246,Earl Cameron,0.2488,4,True
2248,Michael Wright,0.5322,4,True
2249,Clyde Kusatsu,0.3296,4,True
2250,Eric Keenleyside,0.3896,4,True
2251,Hugo Speer,0.461,1,True
2252,Maz Jobrani,0.302,4,True
2253,Yusuf Gatewood,0.3475,1,True
2254,Curtiss Cook,0.2612,1,True
2255,Byron Utley,0.0777,1,True
2256,Robert Clohessy,0.6363,4,True
22821,David Zayas,2.1007,5,True
2206,Samantha Morton,1.6335,8,True
2201,Max von Sydow,1.0871,9,True
2208,Kathryn Morris,1.2931,5,True
2202,Steve Harris,0.6382,4,True
2203,Neal McDonough,2.656,5,True
32286,Patrick Kilpatrick,0.4706,4,True
2205,Jessica Capshaw,1.0052,5,True
95604,Daniel London,0.3346,4,True
2207,Lois Smith,0.9466,4,True
1213094,Caroline Lagerfelt,0.5009,1,True
130749,Jason Antoon,0.3059,1,True
24173,Mike Binder,0.3213,4,True
81685,Frank Grillo,2.4707,5,True
62567,Karina Logue,1.109,1,True
76000,Kathi Copeland,1.3694,1,True
2230,Pam Grier,0.986,8,True
2231,Samuel L. Jackson,16.6414,10,True
2233,Bridget Fonda,1.5652,8,True
2232,Michael Keaton,2.426,10,True
5694,Robert Forster,1.4255,5,True
66,Chris Tucker,0.9053,9,True
8396,Tommy Lister Jr.,0.62,4,True
1212688,Hattie Winston,0.2916,4,True
5695,Sid Haig,0.7036,4,True
35545,Aimee Graham,0.5977,1,True
1219510,Ellis Williams,0.1112,1,True
97260,Tangie Ambrose,0.212,1,True
534301,T'Keyah Crystal Keymáh,0.1658,4,True
56890,Malcolm McDowell,1.9752,8,True
2264,Patrick Magee,0.6855,4,True
2272,Carl Duering,0.1694,1,True
2267,Michael Bates,0.4224,4,True
2268,Warren Clarke,0.5901,4,True
2270,James Marcus,0.2425,1,True
2271,Michael Tarn,0.1469,1,True
1450799,Brandon Brendel,0.0362,1,True
160474,Marc Alaimo,0.4153,5,True
6451,Michael J. Pollard,0.4221,6,True
80579,Robert Z'Dar,0.8166,4,True
1377933,Leslie Morris,0.136,1,True
156617,Susan Krebs,0.1513,1,True
9294,David Byrd,0.1527,1,True
103601,Tamara Landry,1.8065,1,True
58727,Jamie Renée Smith,0.2843,1,True
108939,Jeremy Foley,0.3518,1,True
1219410,Elizabeth Hoffman,0.1697,1,True
1219650,Kirk Trutner,0.283,1,True
105649,Bill Bolender,0.3276,1,True
183404,Carole Androsky,0.464,1,True
1936679,Jeffrey L. Ward,0.0214,1,True
53820,Michael C. Hall,3.348,9,True
63547,Claudette Mink,0.4052,1,True
54246,Peter Friedman,0.2332,2,True
172822,Christopher Kennedy,0.0835,1,True
59240,Michelle Harrison,0.6389,1,True
1215524,Paula Deen,0.0844,3,True
99043,Dan Biggers,0.1548,1,True
11672,Alice Marie Crowe,0.1323,1,True
1086871,Tim Devitt,0.0256,1,True
21848,Regina Taylor,0.3804,2,True
156532,Bruce Beatty,0.1503,1,True
58271,Neil Fanning,0.2351,1,True
74354,Miguel A. Núñez Jr.,0.9211,2,True
53591,Steven Grives,0.3176,1,True
2632078,Charles Stan Frazier,0.0526,1,True
2213667,Craig Bullock,0.2515,1,True
2213677,Matthew Murphy Karges,0.0453,1,True
35753,Mark McGrath,0.4149,3,True
2213682,Rodney Sheppard,0.0484,1,True
2213669,Sam Greco,0.129,1,True
1325996,Charlie Cousins,0.2067,1,True
1262385,David Vallon,1.4732,1,True
11824,Tom Welling,1.7149,8,True
5958,Hilary Duff,1.4531,10,True
58965,Alyson Stoner,0.9907,7,True
76996,Jonathan Bennett,0.7092,6,True
9829,Jacob Smith,0.3231,6,True
148615,Morgan York,0.344,5,True
6365,Desmond Harrington,3.0271,6,True
70456,Emily Browning,1.8475,7,True
1004151,Francesca Rettondini,0.3335,1,True
217030,Bob Ruggiero,0.055,1,True
1262387,Jamie Giddens,0.0453,1,True
75655,Alex Dimitriades,0.3863,2,True
152421,Boris Brkic,0.1411,1,True
1322698,Iain Gardiner,0.1071,1,True
3824173,Adam Bieshaar,0.0379,1,True
95024,Bobcat Goldthwait,0.7574,6,True
57116,David Johansen,0.3186,4,True
1445671,Nicholas Phillips,0.153,1,True
52031,Mabel King,0.4204,2,True
66107,John Murray,1.1825,1,True
55432,Jamie Farr,0.5688,7,True
67393,Buddy Hackett,0.3983,6,True
18589,Lee Majors,1.2833,8,True
135842,Alvin Hammer,2.026,1,True
61980,Wendie Malick,1.5634,6,True
3802971,Lynne Randall,1.0083,1,True
237370,Boris Lee Krutonog,0.1764,1,True
237371,Gawtti,0.2383,1,True
2282795,Kobra Devoux,0.0143,1,True
76094,Oscar Nuñez,0.6768,6,True
58347,Fausto Callegarini,0.0777,1,True
58348,Stefano Petronelli,0.042,1,True
38561,Kelly Brook,1.3616,7,True
51975,Laura Ramsey,1.0345,5,True
58369,Alexandra Breckenridge,2.1256,7,True
58371,Brandon Jay McLaren,0.8428,5,True
58372,Clifton MaCabe Murray,0.0988,1,True
58373,James Snyder,0.1817,1,True
58401,Joanne Samuel,0.4015,1,True
26060,Hugh Keays-Byrne,0.3461,6,True
45211,Steve Bisley,0.2251,5,True
1125220,Tim Burns,0.7015,1,True
94809,Roger Ward,1.3954,1,True
141381,Vincent Gil,0.1641,1,True
413762,Lulu Pinkus,0.1562,1,True
1125222,Lisa Aldenhoven,0.1534,1,True
1125223,David Bracks,0.1763,1,True
1125224,Bertrand Cadart,1.1554,1,True
172747,David Cameron,0.1143,1,True
1125225,Robina Chaffey,0.0725,1,True
252659,Stephen Clark,0.0614,1,True
1466390,Mathew Constantine,0.0214,1,True
58426,Jihmi Kennedy,0.3056,1,True
58141,Donovan Leitch,0.1899,1,True
1184011,JD Cullum,0.2409,1,True
1340960,Christian Baskous,0.0647,1,True
84209,RonReaco Lee,0.4139,2,True
557314,Michael Wayne Thomas,1.6109,1,True
289370,Angel Coulby,0.428,5,True
74056,Brendan Coyle,0.5861,6,True
54722,Laura Marano,0.7548,7,True
176227,Richard Dillane,0.4303,5,True
1231512,Jonah Lotan,0.2751,4,True
29697,Nigel Whitmey,0.4072,2,True
101034,Kerry Shale,1.2479,3,True
14103,Mark Blum,0.2675,4,True
1230287,Terry Gill,0.1703,1,True
3256404,Peter Turnbull,0.0404,1,True
2536857,Khristina Totos,0.0563,1,True
1223003,Missy Doty,0.0785,1,True
109740,Alysia Reiner,0.8614,2,True
177131,Shaun Duke,0.2744,1,True
83781,Robert Covarrubias,0.1233,1,True
12545,Joe Marinelli,0.1409,1,True
2998161,Chris Burroughs,0.0362,1,True
18658,Mia Kirshner,1.51,7,True
58473,James Otis,0.1908,1,True
58474,Anthony Russell,0.1311,1,True
54126,Rachel Miner,0.8825,5,True
62932,Jemima Rooper,1.1085,5,True
58556,Anatoli Davydov,0.4692,2,True
47757,Kelly Rowan,0.5981,6,True
58557,Kerry Skalsky,0.1675,1,True
58558,James Douglas Haskins,0.0143,1,True
58559,Stephen Liska,0.1712,1,True
58561,Edward J. Rosen,0.1232,1,True
58562,Christina Orchid,0.0261,1,True
2568159,Bruce R. Orchid,0.0261,1,True
1611202,Choco Orta,1.1974,1,True
58488,"David ""Shark"" Fralick",1.1889,1,True
64986,Clare-Hope Ashitey,0.4501,2,True
81134,Oana Pellea,0.1412,1,True
58587,Phaldut Sharma,0.3547,1,True
58575,Juan Gabriel Yacuzzi,0.0379,1,True
58576,Mishal Husain,0.133,1,True
58577,Rob Curling,0.1002,1,True
58586,Maria McErlane,0.1688,1,True
1216608,Barnaby Edwards,1.3006,3,True
58619,Cindy Cheung,0.1974,1,True
17302,Noah Gray-Cabey,0.3755,5,True
58620,Joseph D. Reitman,0.4411,1,True
7463,Grant Monohon,0.0598,1,True
58621,John Boyd,0.6673,1,True
63280,Ethan Cohn,0.1617,1,True
177918,Camryn Grimes,0.6223,5,True
172355,Angelo Pagán,0.1044,1,True
944478,Chic Daniel,0.5412,1,True
76001,Tim DeKay,0.7346,6,True
1115919,Laura Lane,0.485,1,True
27125,Molly Parker,2.4173,7,True
102710,Michael Wiseman,0.2728,1,True
2972732,Zemphira Gosling,0.0143,1,True
27122,Matthew Walker,0.154,1,True
189719,Christine Willes,0.2762,2,True
1510198,Sophie Hough,0.4753,1,True
15789,Alex D. Linz,0.7711,6,True
15799,Lenny Von Dohlen,0.3755,3,True
114021,Kevin Kilner,0.3871,2,True
90519,Christopher Curry,0.2565,1,True
170921,Baxter Harris,0.212,1,True
1506200,Kevin Gudahl,0.2177,1,True
2021234,Freeman Coffey,0.0883,1,True
58737,Jack McBrayer,0.7382,8,True
1910988,Houston Tumlin,0.0482,1,True
111921,Grayson Russell,0.3798,2,True
58768,Jim Turner,0.2716,1,True
58769,Stephen Colbert,0.3625,10,False
58770,Carole Shelley,0.1125,2,True
58772,James Lipton,0.1456,3,True
81200,Conan O'Brien,0.4999,10,False
1782117,Molly Gordon,1.9411,5,True
58710,Amy Steel,0.5462,4,True
105625,Warrington Gillette,0.2983,1,True
55571,John Furey,0.1278,1,True
83336,Steve Dash,0.1224,1,True
58711,Kirsten Baker,0.2191,1,True
92758,Marta Kober,0.3575,1,True
102436,Russell Todd,0.1448,1,True
1048670,Lauren-Marie Taylor,0.1794,1,True
1036511,Tom McBride,0.3829,1,True
2040748,Jack Marks,0.0286,1,True
1234924,Bill Randolph,0.0522,1,True
59031,Didier Bourdon,0.31,5,True
59032,Isabelle Candelier,0.1521,4,True
58787,Giannina Facio,0.7952,3,True
58783,Ben Righton,0.0891,1,True
58807,Richard Brooker,0.1577,1,True
58799,Dana Kimmell,0.3341,1,True
1225471,Tracie Savage,0.2334,1,True
1782844,David Wiley,0.1208,1,True
82176,Rachel Howard,0.2493,1,True
58808,Anne Gaybis,0.1962,1,True
558477,Larry Zerner,0.6431,2,True
58802,Paul Kratka,0.1,1,True
106249,Jeffrey Rogers,0.5096,1,True
1682653,David Katims,0.0505,1,True
1219431,Kevin O'Brien,0.0264,1,True
995980,Nick Savage,0.1171,1,True
1236245,Cheri Maugans,0.1045,1,True
72541,Judie Aronson,0.2747,2,True
2174,Kimberly Beck,0.4391,5,True
21458,Joan Freeman,0.6163,4,True
58814,Barbara Howard,0.2077,1,True
58813,Erich Anderson,0.3081,2,True
59442,Peter Barton,0.3053,3,True
106752,Lawrence Monoson,0.5298,2,True
22050,Camilla More,0.1942,3,True
563576,Carey More,0.2201,2,True
102570,Bonnie Hellman,0.2609,2,True
97708,Lisa Freeman,0.2851,2,True
208720,Frankie Hill,0.1231,1,True
103967,Tiffany Helm,0.2246,2,True
162927,John Shepherd,0.531,2,True
98583,Juliette Cummins,0.2832,2,True
197057,Melanie Kinnaman,0.1697,1,True
1520288,Deborah Voorhees,0.4955,2,True
179625,Mark Venturini,1.055,2,True
1212555,Shavar Ross,0.1167,1,True
105200,Rebecca Wood,0.7122,3,True
2136650,Ron Sloan,0.201,1,True
58819,Anthony Barrile,0.191,2,True
176352,Caskey Swaim,0.0479,1,True
56691,Saverio Guerra,0.4341,3,True
9313,Lisa Boyle,0.6674,3,True
87360,Michael Taliferro,0.1795,2,True
137416,Emmanuel Xuereb,0.4472,2,True
77079,Cory Hodges,1.081,2,True
147788,Fawn Reed,1.1066,2,True
184581,Hamish Linklater,0.7485,4,True
77036,David Parker,0.122,1,True
74353,Maria Menounos,0.5437,5,True
583061,Michael Kopsa,0.4008,2,True
64917,Pascale Hutton,0.2984,3,True
119811,G. Michael Gray,0.1084,1,True
46906,David Richmond-Peck,0.1437,1,True
10814,Wesley Snipes,1.9255,9,True
15788,Nigel Hawthorne,0.4554,6,True
6326,Pat Skipper,0.186,3,True
1640613,Paul Bollen,0.0362,1,True
1464789,Mark Colson,0.0679,1,True
109470,Andre Gregory,0.0888,3,True
3809,Francesca Neri,0.5643,4,True
91756,Hazelle Goodman,0.4207,3,True
953778,James Opher,0.07,1,True
35106,Fabrizio Gifuni,0.4098,3,True
1187541,Alex Corrado,0.1145,1,True
101610,Kelly Piper,1.5437,3,True
33689,Charlayne Woodard,0.3784,4,True
1882245,Johnny Hiram Jamison,0.0637,1,True
1882246,Michaelia Carroll,0.1012,1,True
102996,Bostin Christopher,0.8884,2,True
1882248,Davis Duffield,0.3725,1,True
73836,Laura Regan,0.2999,4,True
17194,Chance Kelly,0.348,4,True
149484,Will Rothhaar,0.5745,3,True
66741,Taylor Handley,0.7019,3,True
1215262,Jay Johnston,0.149,1,True
93846,Googy Gress,0.3883,3,True
170759,Wayne Federman,0.1247,3,True
58925,Lester Speight,0.2214,3,True
58926,Katt Williams,0.6504,5,True
58929,Jeanette Miller,0.1781,2,True
58930,Alexis Rhee,0.3475,2,True
109869,Kristen Schaal,1.0688,6,True
43232,Valerie Cruz,0.724,4,True
29020,Eric Christian Olsen,0.4923,5,True
58942,Will Beinbrink,0.2008,2,True
58950,Greg Collins,0.2613,3,True
1223973,Erin Foster,0.3312,2,True
58941,Brenda Ballard,0.0777,1,True
58947,Paige Cannon,0.0071,1,True
58952,Adam Campbell,0.3791,2,True
58955,Kevin McDonald,0.3717,4,True
58956,George Alvarez,0.0668,1,True
62847,Dana Seltzer,0.0533,2,True
54593,Tad Hilgenbrink,1.1317,3,True
2754238,David Whatley-Zepeda,1.0636,1,True
1283083,Michelle Lang,1.1858,2,True
58959,Damaine Radcliff,0.2052,2,True
58966,Deirdre Lovejoy,0.8114,4,True
58962,Drew Sidora,0.2344,3,True
58963,Josh Henderson,0.3658,4,True
1194209,Ryan Sands,0.3389,2,True
1752125,Frank Herzog,0.0617,1,True
58960,De'Shawn Washington,0.0641,1,True
58964,Tim Lacatena,0.0544,1,True
58967,Jane Beard,0.0495,1,True
58982,Kuno Becker,0.387,4,True
176,Kieran O'Brien,0.6032,2,True
58984,Kate Tomlinson,0.0193,1,True
58985,Zachary Johnson,0.0256,1,True
47644,Frances Barber,0.7652,4,True
58986,Kevin Knapman,0.0926,1,True
59011,Jade Yorker,0.3652,2,True
59012,David V. Thomas,0.702,2,True
59013,Setu Taase,0.3177,1,True
59014,Mo McRae,0.5264,3,True
59015,James Earl,0.1309,2,True
59016,Trever O'Brien,0.5151,2,True
427978,Brandon Mychal Smith,0.8312,3,True
203512,Danny Martinez,0.5778,2,True
38583,Ivan Sergei,0.5249,4,True
59024,Vernon Vaughn,0.1429,2,True
59025,Elaine Robinson,0.0239,2,True
84093,Liesel Matthews,0.457,4,True
65740,Donna Bullock,0.4433,1,True
155841,Michael Ray Miller,0.1454,1,True
157140,Carl Weintraub,0.1206,1,True
1080064,Elester Latham,0.9986,1,True
2368,Ilya Baskin,0.7777,3,True
59165,Lilli Lavine,0.1469,1,True
59166,"Michael Guarino, Jr.",0.0916,1,True
59167,Abdul Alshawish,0.0214,1,True
59170,Stephen Bruce,0.0256,1,True
36816,David Sparrow,0.5763,2,True
59171,Gary Gerbrandt,0.0534,1,True
59168,Ann Talman,0.1914,1,True
59169,Crystal Bock,0.1295,1,True
59172,Kate Blumberg,0.2337,3,True
59174,America Ferrera,0.671,8,True
59175,Blake Lively,2.8936,9,True
18331,Nancy Travis,0.9508,6,True
59176,Jenna Boyd,0.4487,4,True
59178,Maria Konstadarou,0.1735,1,True
59179,George Touliatos,0.3486,1,True
59180,Erica Hubbard,0.5412,3,True
59256,Adam Herschman,0.2053,1,True
31132,Columbus Short,0.243,5,True
59258,Lewis Black,0.4646,7,True
1219597,Jim O'Heir,0.3812,4,True
59259,Mark Derwin,0.2665,3,True
59260,Ann Cusack,0.9148,6,True
59261,Hannah Marks,0.6681,1,True
59262,Robin Lord Taylor,0.982,4,True
203200,Lisa Gleave,0.1092,1,True
77796,Sam Horrigan,2.1226,1,True
28660,Emilie de Ravin,0.9848,7,True
59283,Dan Byrd,2.0823,4,True
59284,Desmond Askew,0.2081,3,True
59285,Ezra Buzzington,0.2347,3,True
59286,Laura Ortiz,0.2197,1,True
59288,Maisie Camilleri Preziosi,0.0662,1,True
101416,Michael McMillian,0.2997,3,True
55463,Jessica Stroup,0.6727,4,True
59295,Lee Thompson Young,0.3578,4,True
59296,Daniella Alonso,0.8312,3,True
59293,Archie Kao,0.3048,4,True
59297,Eric Edelstein,0.4835,4,True
59298,Joseph Beddelem,0.3617,1,True
59299,Ben Crowley,0.1025,1,True
127909,Reshad Strik,0.3997,3,True
565498,Laura Cayouette,0.2976,3,True
205164,Lennox Brown,1.0861,1,True
1115118,Tom Quinn,1.1769,1,True
10883,Rick Yune,0.7466,4,True
12796,Johnny Strong,0.5058,4,True
1479424,Stanton Rutledge,0.1935,1,True
1479425,R.J. de Vera,0.0453,1,True
1005339,Beau Holden,0.3236,1,True
552527,Robert W. Castle,0.0464,1,True
91428,Daniel Chapman,0.7566,1,True
1176208,David Drake,0.1355,1,True
174982,Neil Pearson,0.6523,3,True
19331,Donald Douglas,0.1016,1,True
1317410,Shirley Dixon,0.3966,1,True
1117371,Dominic McHale,0.044,1,True
87097,Neil Dudgeon,1.023,3,True
169586,Vanessa Marcil,1.2009,6,True
1235953,Jim Maniaci,0.2627,1,True
166893,Brendan Kelly,0.3934,1,True
49832,R. D. Call,0.2178,3,True
59350,Chaim Jeraffi,0.3232,1,True
85500,Sab Shimono,0.3276,3,True
59352,Zitto Kazann,0.0879,1,True
41741,Rita Zohar,0.1151,1,True
59361,Sarah Vowell,0.1751,3,True
59360,Spencer Fox,0.435,1,True
59358,Eli Fucile,1.0208,1,True
59359,Maeve Andrews,0.1339,1,True
155917,Jean Sincere,0.1507,1,True
1075147,Wayne Canney,0.0461,1,True
59568,Fredro Starr,0.2372,3,True
36068,Bianca Lawson,0.482,4,True
59569,Vince Green,0.3426,1,True
59570,Garland Whitt,0.267,3,True
59571,Elisabeth Oas,0.1976,1,True
59572,Artel Great,0.0585,1,True
59573,Cory Stewart,0.0143,1,True
59574,Jennifer Anglin,0.087,1,True
59575,Dorothy Martin,0.0168,1,True
59576,Kim Tlusty,0.0261,1,True
59577,Felicia Fields,0.0404,1,True
59578,Ora Jones,0.0898,1,True
55422,Elaine Hendrix,0.8978,4,True
145345,Maggie Wheeler,0.6992,7,True
94837,Ronnie Stevens,0.2647,1,True
1242306,Erin Mackey,0.1807,4,True
14506,Joanna Barnes,0.2435,4,True
1714926,Hallie Meyers-Shyer,0.174,1,True
2057586,Maggie Emma Thomas,0.1183,1,True
3708725,Courtney Woods,0.0214,1,True
159962,Kat Graham,0.8779,6,True
1254112,Michael Lohan Jr.,0.1997,1,True
59642,Sandra Hess,0.3288,2,True
59643,Lynn 'Red' Williams,0.2449,2,True
69532,Irina Pantaeva,0.1448,1,True
31368,Deron McBee,0.2945,2,True
1645507,Tyrone C. Wiggins,0.3922,2,True
227199,Chris Conrad,0.3345,2,True
1277922,Ridley Tsui Bo-Wah,0.4322,2,True
71727,Betty White,0.5461,9,True
4095,David James Lewis,0.3906,2,True
87740,Tim Dixon,0.6832,3,True
21430,Natassia Malthe,0.5116,2,True
18706,Meredith Salenger,0.6467,3,True
21110,Richard Leacock,0.2525,2,True
140257,Jake T. Roberts,0.0598,1,True
140258,Warren Takeuchi,0.1299,1,True
42711,Ty Olsson,0.769,3,True
2307357,J.J. Johnson,0.0362,1,True
59685,Gary Commock,0.0797,1,True
47538,Polly Adams,0.2043,2,True
59686,Opal Alladin,0.1626,1,True
59687,Starla Benford,0.0969,1,True
59688,Trish Gates,0.1736,2,True
59689,Nancy McDoniel,0.0533,1,True
59691,Richard Bekins,0.1527,1,True
59692,Ray Charleson,0.1322,1,True
59693,Liza Colón-Zayas,0.3742,2,True
59694,Lorna Dallas,0.0357,1,True
59696,Trieste Kelly Dunn,1.0381,4,True
106049,Jennifer Ellison,0.215,2,True
1340418,Imogen Bain,0.2033,2,True
2769498,Miles Western,0.0256,1,True
203505,Judith Paris,0.1456,1,True
2769499,Halcro Johnston,0.0311,1,True
57829,Anthony LaPaglia,0.9333,7,True
59784,Carlos Alazraqui,0.4339,6,True
4992,Lombardo Boyar,0.2302,2,True
59782,Jeffrey Garcia,0.1553,1,True
59783,Johnny A. Sanchez,0.1069,1,True
59785,Fat Joe,0.2325,7,True
1080300,Bobby Motown,0.0286,1,True
217524,Eden Riegel,0.3197,2,True
1008866,Ofra Haza,0.193,5,True
51547,James Avery,0.3909,8,True
1303010,Aria Noelle Curzon,0.0813,1,True
56490,Stephanie Sawyer,0.2737,2,True
6416,Polly Walker,1.6674,7,True
67028,Hugh Fraser,0.6618,3,True
56951,Berlinda Tolbert,0.3212,2,True
1123460,Tom Watt,1.0597,4,True
40462,Kristen Bell,1.7555,10,True
18973,Mila Kunis,3.0398,10,True
448309,Liz Cackowski,0.3956,2,True
221945,Da'Vone McDonald,0.154,1,True
160546,Steve Landesberg,0.1531,6,True
108391,Kalani Robb,0.1897,2,True
1118712,Ross St. Phillip,0.0143,1,True
1118713,John Hauk,0.0963,1,True
154335,Nick Angotti,0.0553,1,True
59956,Estelle Getty,0.3028,8,True
73586,John Wesley,0.3465,2,True
33833,Al Fann,0.2646,2,True
58681,Ella Joyce,0.1619,1,True
83362,Dennis Burkley,0.2463,2,True
1771200,Jana Arnold,0.0888,1,True
1214614,Christopher Collins,0.2497,2,True
2577584,Mark Mikesell,0.0168,1,True
1591894,Gord Martineau,0.0286,1,True
106711,Vince Corazza,0.1283,1,True
196707,Stephanie Mills,0.1519,1,True
60796,Jerry Grayson,0.1013,1,True
44033,Barbara Alyn Woods,0.5111,3,True
106714,Kimberly Flynn,0.1053,1,True
66877,Rena Riffel,0.3079,2,True
16855,Mandy Moore,0.8078,9,True
1464357,Kimleigh Smith,0.2301,2,True
75333,Mindy Burbano,0.1229,1,True
1523044,Elizabeth Gudenrath,0.5537,3,True
149213,Bianca Lopez,0.7456,3,True
20667,Sami Bouajila,0.5875,3,True
136530,Mark Valley,0.5787,3,True
159850,Jack Gwaltney,0.2844,2,True
129101,Lance Reddick,1.602,8,True
65829,Wood Harris,0.9217,8,True
82167,David Costabile,0.6251,7,True
1343275,Christian Chase,0.0764,1,True
2684330,Ahmed Ben Larby,0.1521,1,True
61545,Rick Worthy,0.3202,2,True
1233911,Ethan Dampf,0.1149,1,True
1190010,Jorge Zepeda,1.1293,4,True
60003,Cassandra Magrath,0.519,3,True
60004,Kestie Morassi,0.4847,3,True
1382388,Gordon Poole,0.0505,1,True
2557542,Guy O'Donnell,0.0281,1,True
3522720,Phil Stevenson,0.0071,1,True
64162,Geoff Revell,0.094,1,True
78962,Andy McPhee,0.4332,2,True
94706,Michael Moody,0.0214,1,True
1416777,David Rock,0.051,1,True
24741,Paul Curran,0.1053,1,True
79721,Aaron J. March,0.0379,1,True
21411,Ice-T,0.7203,9,True
538687,Denis Akiyama,0.4513,1,True
23378,Barbara Sukowa,0.3766,7,True
122159,Tracy Tweed,0.1409,6,True
180682,Falconer Abraham,0.126,1,True
87461,Don Francks,0.1719,3,True
168614,Diego Chambers,0.0622,1,True
43301,Sherry Miller,0.6701,3,True
176006,Arthur Eng,0.0431,1,True
64888,Von Flores,0.6223,1,True
1214398,Rene Kirby,0.084,1,True
283444,Tony Robbins,0.2549,9,True
65239,Susan Ward,0.8489,6,True
78837,Brooke Burns,1.0756,8,True
3461587,Joshua 'Li'iBoy' Shintani,0.0338,1,True
87039,Nan Martin,0.5025,5,True
203407,Sasha Joseph Neulinger,0.0746,1,True
60015,Dylan Hartigan,0.0691,1,True
60016,Fallon Brooking,0.0363,1,True
60017,Faith Hill,0.401,10,False
28101,Harry O'Reilly,0.659,3,True
26046,Amy Stiller,0.7878,5,True
134772,Keith Gibbs,0.0491,1,True
93925,Tommy Hinkley,0.2574,2,True
61961,Dave Thomas,0.3578,8,True
58381,Vince Vieluf,0.4145,5,True
49815,Silas Weir Mitchell,0.8415,7,True
59192,Emmanuelle Chriqui,1.7067,8,True
1239447,Garry Robbins,0.1179,1,True
111203,James Downing,0.3696,2,True
5897,Wayne Robson,0.8296,5,True
1253667,Yvonne Gaudry,0.1077,1,True
106469,Ted Clark,0.1479,1,True
60227,Greg Cipes,0.335,6,True
60228,Colin Hay,0.1767,7,True
60229,Miles Marsico,0.2229,2,True
60230,Jack De Sena,0.3982,2,True
18594,Don Cherry,0.1057,7,True
60231,Christian Argueta,0.0071,1,True
17258,Kerry Fox,0.7934,7,True
149359,Colin McCredie,0.1247,1,True
1739314,Frances Low,0.3594,2,True
1739324,Robert David MacDonald,0.0143,1,True
1739329,Leonard O'Malley,0.1359,1,True
1739330,Victoria Nairn,0.0261,1,True
2877761,David Scoular,0.0071,1,True
60251,Zach Tyler Eisen,0.2065,4,True
60254,Creagen Dow,0.1303,1,True
60258,Mark DeCarlo,0.6216,5,True
60255,Jake T. Austin,0.5248,7,True
1214870,Tyler James Williams,1.1252,8,True
60272,Cam Clarke,0.4397,6,True
43125,Rob Paulsen,0.6996,7,True
60274,Tino Insana,0.3179,5,True
60275,Dom Irrera,0.1539,4,True
60257,S. Scott Bullock,0.2137,5,True
60276,Madeline Lovejoy,0.078,1,True
168638,Beatrice Winde,0.1388,5,True
975133,Wade Dominguez,0.4924,2,True
188642,Bruklin Harris,1.1771,3,True
156637,Roberto Alvarez,0.0495,1,True
190913,Richard Grant,0.0143,1,True
1074672,Marisela Gonzales,0.0598,1,True
1074673,Toni Nichelle Buzhardt,0.0214,1,True
2720262,Norris Young,0.0637,1,True
4800,Gena Rowlands,0.6891,9,True
60388,Marion Zinser,0.139,1,True
60386,Maxine Barnett,0.0563,1,True
60387,Fahnlohnee R. Harris,0.0838,1,True
29933,Deneen Tyler,0.2959,2,True
60389,Ann Dalrymple,0.0509,1,True
60394,Jen Apgar,0.1207,1,True
60391,Thomas Uskali,0.0143,1,True
60395,Jamie Lee Redmon,0.0389,1,True
60392,Tonya Staten,0.0311,1,True
168846,Samantha Quan,0.2649,2,True
186494,Justin Peroff,0.0983,1,True
101781,James Murtaugh,0.2685,2,True
1589148,Rebecca Harris,0.0898,1,True
187971,Archie MacGregor,0.0459,1,True
60526,Sebastien Andrieu,0.1393,1,True
60527,Ida Martin,0.0622,1,True
60528,David E. Collier,0.0778,1,True
60529,Kieran O'Rorke,0.0286,1,True
60530,Digger Mesch,0.5185,2,True
60531,Ryan Martin,0.0289,1,True
60533,Ricardo Mamood-Vega,0.5276,2,True
60538,Jack Murphy,0.0071,1,True
552392,Huang Kaisen,1.0674,3,True
60642,Tom Petty,0.2946,10,False
82519,Scott Bairstow,0.332,5,True
167565,Ron McLarty,0.0864,5,True
152759,Peggy Lipton,0.4659,8,True
127070,Brian Anthony Wilson,0.1767,1,True
21484,Todd Allen,0.2405,2,True
79905,Betty Moyer,1.2734,3,True
60561,Mo'Nique,0.5142,8,True
19148,Brian Austin Green,0.7777,9,True
19146,Ian Ziering,0.491,8,True
60581,Riz Abbasi,0.0641,1,True
83349,Drew Carey,0.3885,8,True
3008,Alan Rosenberg,1.1454,5,True
75309,Joey Diaz,0.2826,4,True
171375,Jerome Le Page,0.1449,2,True
1968031,Brian Rogalski,0.0756,1,True
3766589,Patrick Marcune,0.0071,1,True
3766581,John F. Gooding,0.0311,1,True
3489753,Henry Morales-Ballet,0.0168,1,True
1001804,Scott Dillin,0.1189,2,True
171016,Ted Neustadt,0.0665,1,True
164397,Callie Thorne,1.0919,5,True
73022,Robert Culp,0.5987,6,True
7668,Hume Cronyn,0.5999,6,True
118617,Nicholas Woodeson,0.3573,4,True
1708173,Ed Johnson,1.0236,2,True
24516,Daniel Baldwin,0.7422,5,True
1324478,Clarke Coleman,0.1156,2,True
156605,Mark Sivertsen,0.1892,2,True
4679,John Furlong,0.3672,2,True
20360,Angelina Torres,0.105,2,True
2133201,David Weisenberg,0.153,2,True
1263529,Rainer Judd,0.7292,2,True
1361236,Luciano Miele,0.2315,2,True
53490,Michael O'Hagan,0.1945,2,True
159329,Eve Sigall,0.2315,2,True
10884,Will Yun Lee,0.7088,5,True
60715,Kirsten Zien,0.5772,3,True
60717,Chris Ackerman,0.1687,2,True
60716,Bob Sapp,0.4726,4,True
60719,Hiro Kanagawa,0.6021,3,True
60720,Laura Ward,0.0841,1,True
60723,Kevan Ohtsji,0.2193,2,True
60721,Kurt Max Runte,0.3625,3,True
60901,Toby Hemingway,0.4479,4,True
60899,Chace Crawford,1.0041,7,True
60902,Christian Baril,0.0168,1,True
60903,Basia Jasinski,0.1028,2,True
60904,Rob Burns,0.0544,1,True
60906,Robert Crooks,0.07,1,True
60905,Steven Crowder,0.2712,3,True
60939,Scott Hamilton,0.232,3,True
60940,Greg Lindsay,0.0214,1,True
39214,Nick Jameson,0.1391,2,True
38709,Tom Virtue,0.4222,3,True
60941,Ben Wilson,0.0398,1,True
1233749,Fiona Gubelmann,1.0559,3,True
58412,Courtney Taylor Burness,0.2158,2,True
61098,Shyann McClure,0.0906,1,True
61102,Laurel Whitsett,0.1076,2,True
52885,Ritchie Montgomery,0.2388,2,True
61099,Irene Ziegler,0.4082,3,True
61100,Phillip DeVona,0.1918,2,True
20496,Jason Douglas,0.2954,2,True
61103,Kristin Ketterer,0.0482,1,True
61105,Floriana Tullio,0.0281,1,True
4761,Darlanne Fluegel,0.6187,4,True
53087,William Allen Young,0.3287,4,True
61233,Larry Romano,0.3466,4,True
61234,John Lilla,0.0143,1,True
1279744,Dean Rader Duval,0.3761,2,True
61236,Jerry Strivelli,0.0856,1,True
61237,David Anthony Marshall,0.2364,2,True
61238,Kurek Ashley,0.0878,1,True
203288,Michael Petroni,0.0214,1,True
1201,Garry Marshall,0.4312,7,True
61423,Mark Walton,0.0874,1,True
61426,Sean Elmore,0.0451,1,True
61427,Evan Dunn,0.0214,1,True
61259,Dominic Scott Kay,0.3341,3,True
2222,Beau Bridges,1.2609,7,True
146399,Irina Apeksimova,0.2113,2,True
90356,Lev Prygunov,0.2816,2,True
87416,Charlotte Cornwell,0.1184,2,True
955006,Lucija Šerbedžija,0.4612,3,True
1079977,Egor Pazenko,0.0878,1,True
1810376,Adam C. Smith,0.1309,2,True
61960,Jason Raize,0.212,3,True
61962,D. B. Sweeney,0.7232,5,True
54221,Paul Christie,0.2384,2,True
61963,Danny Mastrogiorgio,0.1574,4,True
61965,Greg Proops,0.208,4,True
35111,Bumper Robinson,0.4628,4,True
62018,Mark Patton,0.2799,3,True
55958,Kim Myers,0.4951,4,True
52306,Robert Rusler,0.3935,3,True
62019,Clu Gulager,0.8412,5,True
197303,Melinda O. Fee,0.3888,2,True
58494,Tom McFadden,0.2383,2,True
156925,Sydney Walsh,0.3914,2,True
52146,Edward Blackoff,0.0837,1,True
102716,Christie Clark,0.3712,2,True
553731,Donna Bruce,0.0214,1,True
158696,Hart Sprager,0.0703,1,True
92841,Allison Barron,0.5344,2,True
19131,Marsha Mason,0.3384,6,True
6561,Moses Gunn,0.3348,4,True
40618,Eileen Heckart,0.2173,4,True
32389,Boyd Gaines,0.1976,4,True
118130,Arlen Dean Snyder,0.1838,2,True
184217,Vincent Irizarry,0.2398,3,True
150172,Ramón Franco,0.5139,2,True
181343,Begonya Plaza,0.8323,2,True
162235,Mike Gomez,0.4233,2,True
951308,Rodney Hill,0.0286,1,True
62031,Liam Waite,0.1511,2,True
48071,Lobo Sebastian,0.4795,2,True
57991,Wanda De Jesus,0.3085,3,True
62034,Rick Edelstein,0.0662,1,True
62050,Paige O'Hara,0.3353,5,True
15048,Robby Benson,0.5519,6,True
108055,Richard White,0.6102,4,True
28010,David Ogden Stiers,0.8332,7,True
75599,Jesse Corti,0.4451,3,True
166994,Jo Anne Worley,0.2075,5,True
60739,Kath Soucie,0.707,5,True
170898,Alvin Epstein,0.1295,2,True
81842,Brian Cummings,0.137,2,True
62054,Faith Ford,0.3812,6,True
72997,Chris Potter,0.7202,4,True
78576,Scott Thompson,0.348,4,True
1337815,Mung-Ling Tsui,0.1143,2,True
1752070,Allison Lynn,0.0362,1,True
1720992,Gabriel Antonacci,0.0214,1,True
95039,Sofia Vassilieva,0.8558,5,True
181074,Evan Ellingson,0.401,3,True
1109920,Nicole Marie Lenz,0.1358,2,True
1592478,Chris Kinkade,0.0641,1,True
1356751,Jeffrey Markle,0.0582,1,True
19664,Samaire Armstrong,1.7152,6,True
62066,Faizon Love,0.6232,6,True
62067,Carlos Ponce,0.6419,6,True
62069,Danny Jones,0.1432,4,True
62068,Tom Fletcher,0.1328,3,True
62070,Harry Judd,0.0731,3,True
62071,Dougie Poynter,0.0873,3,True
41640,Tovah Feldshuh,0.6928,4,True
60874,Dane Rhodes,0.1333,2,True
62072,Jaqueline Fleming,0.1734,2,True
62074,Ira Hawkins,0.1223,2,True
87440,Chris Carmack,1.7486,6,True
62105,Kerry Condon,6.7726,5,True
8032,Dylan Brown,0.083,1,True
62106,Michael Jenn,1.737,2,True
62107,Carole Ann Wilson,0.0357,1,True
62108,Mike Lambert,0.6941,2,True
62110,Puthirith Chou,0.045,1,True
62109,Jaclyn Tze Wey,0.1028,2,True
62111,Tony Theng,0.0168,1,True
62112,Owen Lay,0.0286,1,True
62122,Romeo,0.3496,3,True
62127,Lonette McKee,0.4592,4,True
62124,Zachary Isaiah Williams,0.1427,2,True
138943,Christian Monzon,0.2194,2,True
60507,Al Shearer,0.2489,2,True
62132,Jull Weber,0.1242,2,True
557794,Laurieann Gibson,0.4061,3,True
3878923,O'Neal McKnight,0.0071,1,True
62134,Kevin Duhaney,0.4034,3,True
3878927,William Omar Tobar,0.0214,1,True
1046144,Ivan 'Flipz' Velez,0.0884,1,True
4274454,Jeremy Cedeno,0.0809,1,True
62171,Ellia English,0.2827,2,True
205300,Lonny Ross,0.1538,2,True
62167,Mackenzie Mowat,0.1871,2,True
62168,Sasha Pieterse,0.6598,5,True
62169,Caroline Ford,0.1187,2,True
33053,Chiara Zanni,0.4703,3,True
62172,Benjamin Ayres,0.3778,3,True
58908,Carrie Anne Fleming,0.3809,3,True
1216429,Tava Smiley,0.2209,2,True
1224766,Annie Wood,0.4586,3,True
62246,Amy Matysio,0.1158,2,True
62244,Giacomo Beltrami,0.0214,1,True
62245,Fred Ewanuick,0.3017,3,True
62247,Wendy Anderson,0.1142,2,True
62250,Mike O'Brien,0.0643,1,True
62248,Devyn Burant,0.0388,1,True
62249,Jaden Ryan,0.0286,1,True
62251,Annie Brebner,0.0591,1,True
12798,Enrique Murciano,0.5779,5,True
17039,Nick Offerman,0.7688,8,True
126932,Elisabeth Röhm,1.1714,6,True
1212123,Leslie Grossman,0.4217,4,True
2930774,Molly Gottlieb,0.0429,1,True
67020,Susan Chuang,0.4287,3,True
67274,Dolly Parton,1.634,9,True
148428,Alexandra Davies,0.187,2,True
1291386,Caroline de Souza Correa,0.2054,2,True
3118471,Jaipetch Toonchalong,0.0363,1,True
1232126,Megan Gale,0.175,3,True
11662,Jason Lee,1.0393,6,True
62493,Michael McCabe,0.0389,1,True
9128,Derek de Lint,0.2445,3,True
59697,Kate Jennings Grant,0.2017,3,True
141687,Dianna Agron,0.8305,8,True
62561,Tessa Thompson,1.4864,8,True
62563,Arthur Young,0.1597,2,True
62569,Escher Holloway,0.0894,1,True
62568,Rosine 'Ace' Hatem,0.1478,2,True
46433,Dick Clark,0.3226,8,True
96007,Johnny Reno,0.1115,1,True
157904,A. J. Langer,0.4324,4,True
35529,Georges Corraface,0.2856,1,True
62036,Robert Carradine,0.6057,6,True
41820,Michelle Forbes,1.445,6,True
94089,James Lew,0.3152,3,True
62728,Isabel Conner,0.0883,1,True
62729,Brendan Donaldson,0.0659,1,True
62730,Annabel Armour,0.2126,1,True
62731,Rich Komenich,0.1744,1,True
62732,David Gee,0.0453,1,True
59145,Danny McCarthy,0.3835,1,True
62733,Nancy Lollar,0.0561,1,True
62734,José Taitano,0.0143,1,True
62737,Lenore Thomas,0.1571,1,True
62747,Chad Michael Murray,2.7423,7,True
38406,Paris Hilton,0.4223,9,True
49623,Jared Padalecki,2.0859,9,True
62752,Damon Herriman,0.9746,4,True
62748,Dragicia Debert,0.1509,1,True
62750,Murray Smith,0.051,1,True
62749,Thomas Adamson,0.0261,1,True
62751,Sam Harkess,0.1306,1,True
62754,Emma Lung,0.2215,1,True
62753,Andy Anderson,0.1303,1,True
62893,Craig Wasson,0.3935,3,True
63915,Ken Sagoes,0.1461,1,True
63916,Rodney Eastman,0.3452,3,True
56978,Jennifer Rubin,0.4431,3,True
44816,Ira Heiden,0.4172,3,True
174848,Penelope Sudrow,0.3038,4,True
101013,Clayton Landey,0.0911,1,True
72157,Brooke Bundy,0.4387,3,True
52854,Sophie Monk,0.2866,4,True
61696,Marie Matiko,0.2743,1,True
62843,Meera Simhan,0.2149,3,True
62844,Mauricio Sanchez,0.0382,1,True
62846,Charlie Dell,0.2164,1,True
62845,Beverly Polcyn,0.262,1,True
62861,Andy Samberg,2.4105,9,True
62863,Jorma Taccone,0.7772,5,True
62864,Chester Tam,0.2714,1,True
32751,Mark Acheson,0.381,1,True
62865,Brittany Tiplady,0.1732,1,True
62866,Britt Irvin,0.3807,3,True
41434,Alana Husband,0.1031,1,True
62867,Andrew Moxham,0.125,1,True
116691,Marcia DeBonis,0.8155,3,True
63372,Christa B. Allen,0.7982,4,True
63373,Sean Marquette,0.3009,3,True
86128,Susan Egan,0.2558,4,True
155621,Renee Olstead,0.4837,3,True
60073,Brie Larson,1.6394,9,True
93892,Masatô Ibu,0.5913,1,True
1239914,Emily Richard,0.9738,1,True
1602690,Peter Gale,0.3751,1,True
1169235,Takatarô Kataoka,0.0758,1,True
41957,Robert Stephens,0.409,1,True
1315503,Zhai Naishe,0.1058,1,True
104275,Danny Hassel,0.1586,1,True
63918,Andras Jones,0.294,1,True
63914,Tuesday Knight,0.3361,3,True
63917,Lisa Wilcox,0.3041,3,True
87112,Nicholas Mele,0.992,1,True
104277,Toy Newkirk,0.1118,1,True
104276,Brooke Theiss,0.4483,3,True
553743,John Beckman,0.0143,1,True
553746,Kisha Brackel,0.0214,1,True
553745,Wanda Bursey,0.0143,1,True
98944,Hope Marie Carlton,0.4586,3,True
552162,Kristen Clayton,0.2097,1,True
63941,Marshall R. Teague,0.4969,3,True
63942,Julie Michaels,0.7436,1,True
42746,John Doe,0.334,1,True
106359,Travis McKenna,0.1998,1,True
129013,Roger Hewlett,0.1898,1,True
951198,Jeff Healey,0.4812,3,True
42558,Charlotte Lewis,0.7044,3,True
559312,J.L. Reate,0.0596,1,True
931994,Shakti Chen,2.0598,1,True
2173217,Tau Logo,0.1715,1,True
1808144,Masanori Toguchi,0.2473,1,True
106867,Pons Maar,0.1231,1,True
22438,Eric Douglas,1.7004,4,True
118071,Charles Levin,0.1631,3,True
110654,Stan Freberg,0.2421,3,True
94008,Allyce Beasley,0.4974,3,True
73641,Christiane Amanpour,0.1563,6,True
113676,Helena Mattsson,1.6849,3,True
81364,Olivia Munn,1.1105,7,True
467645,Boyd Holbrook,1.4435,6,True
67601,Lucas Grabeel,0.5749,6,True
1245364,Jeff Koons,0.1115,3,True
93491,Will Poulter,1.994,7,True
962438,Laura Brent,0.5138,1,True
75170,Gary Sweet,0.2831,1,True
187107,Terry Norris,0.1064,3,True
42393,Bille Brown,0.1252,1,True
143271,Colin Moody,0.1042,1,True
25134,Shane Rangi,0.2475,1,True
107474,Arthur Angel,1.1004,1,True
67392,Samuel E. Wright,0.2294,6,True
35232,Pat Carroll,0.3985,6,True
31468,Christopher Daniel Barnes,0.4022,4,True
184030,Jason Marin,0.5907,3,True
157660,Paddi Edwards,0.2392,3,True
71781,Ben Wright,0.3267,3,True
214701,Sherry Lynn,0.1915,3,True
84493,Mickie McGowan,0.7537,3,True
63982,Christopher Kovaleski,0.1523,1,True
2751529,Matthew Pleszewicz,0.0193,1,True
2751530,Katie Cooper,0.0143,1,True
1781693,Scott Nicholson,0.2513,1,True
2751531,P.J. Morrison,0.0286,1,True
1446696,Kathryn Faughnan,0.0362,1,True
1215617,Felix Solis,0.5695,3,True
63992,Brett Kelly,0.4117,3,True
15100,Lauren Tom,0.8839,6,True
27772,John Ritter,0.9639,8,True
1398494,Harrison Bieker,0.0482,1,True
1398495,Alexandra Korhan,0.0239,1,True
1398496,Dylan Charles,0.0143,1,True
1398497,Lisa Ross,0.0973,1,True
78320,Bryan Callen,0.6768,4,True
1525534,Marga Gómez,0.2792,1,True
168702,Huey Lewis,0.4144,7,True
132434,Bernard Hocke,0.2468,1,True
25544,James Pickens Jr.,0.7938,6,True
172677,Michael Keys Hall,0.1724,3,True
75205,Ralph Tabakin,0.1377,1,True
15212,Art Metrano,0.3163,3,True
170680,Peter Van Norden,0.1333,1,True
95216,Tim Kazurinsky,0.2384,3,True
3666,Ed Herlihy,0.3067,3,True
102823,Sandy Ward,0.2979,1,True
4810,Rosie Perez,0.8152,7,True
1315404,Marques Johnson,0.0683,1,True
36040,Ernest Harden Jr.,0.1827,3,True
1194347,John Marshall Jones,0.2346,3,True
68223,David Roberson,0.1297,1,True
295370,Kevin Benton,0.1522,1,True
134770,Nigel Miguel,0.2565,1,True
80746,Bill Henderson,0.1679,1,True
1577868,Sonny Craver,0.0362,1,True
1517991,Jon Hendricks,0.0143,1,True
97781,Reynaldo Rey,2.0033,1,True
131725,William Lucking,0.3808,3,True
1221121,Dennis Keiffer,0.4408,1,True
55205,Stephen Bishop,0.3709,4,True
1815342,Chuck Norman,0.0453,1,True
42882,Erika Anderson,0.3369,1,True
64033,Valorie Armstrong,0.1892,1,True
64034,Michael Ashton,0.0143,1,True
119475,Joe Seely,0.3334,1,True
19484,Burr DeBenning,0.1713,3,True
189664,Beatrice Boepple,0.1065,1,True
84163,Matt Borlenghi,0.2005,3,True
553750,Noble Craig,0.1179,1,True
75034,E.R. Davies,0.0327,1,True
55156,Mai Zetterling,0.3313,3,True
1024257,Charlie Potter,0.3058,1,True
104795,Bill Paterson,1.6887,4,True
2079510,Nora Connolly,0.0347,1,True
1024258,Rose English,0.0741,1,True
39027,Jenny Runacre,0.1574,1,True
1925983,Angelique Rockas,0.0528,1,True
93167,Rosamund Greenwood,0.0956,1,True
1219786,Sukie Smith,0.068,1,True
1232128,Emma Relph,0.091,1,True
40314,Annabel Brooks,0.2116,1,True
74302,Cory Hardrict,0.3281,3,True
60928,Busy Philipps,0.6613,6,True
1619410,Rod Keller,0.1126,1,True
54453,Wilson Cruz,0.2251,4,True
56685,Brooke Bloom,0.3284,1,True
74227,Morgan Lily,1.1331,3,True
42157,Ed Begley Jr.,0.8302,6,True
198149,Bobby Lee,0.6351,4,True
82179,Art Napiontek,0.0551,1,True
7574,Cleo King,0.379,3,True
24264,Craig Ferguson,0.5097,7,True
130081,Robin Atkin Downes,0.3184,3,True
138619,Philip McGrade,0.0894,1,True
138620,Kieron Elliott,0.5931,1,True
55398,Ashley Jensen,0.535,4,True
118489,Walt Dohrn,0.4877,3,True
3138,Kathy Griffin,0.6305,7,True
118490,Meredith Vieira,0.2819,7,True
167662,Ryan Seacrest,0.2447,8,True
1096415,Emily Hahn,0.3572,1,True
74568,Chris Hemsworth,2.4439,10,True
91606,Tom Hiddleston,1.8445,9,True
13275,Tadanobu Asano,1.0032,4,True
77880,Josh Dallas,0.6272,6,True
59817,Jaimie Alexander,2.3745,7,True
1018947,Maximiliano Hernández,0.3547,3,True
88816,Noah Ringer,0.2319,4,True
76788,Dev Patel,0.8463,7,True
61186,Nicola Peltz Beckham,0.9057,5,True
19729,Katharine Houghton,0.3341,4,True
2274,Miriam Karlin,0.3348,4,True
2265,Adrienne Corri,0.448,4,True
2276,Sheila Raynor,0.1541,1,True
2278,Aubrey Morris,0.2571,4,True
2280,Clive Francis,0.7871,4,True
117548,John Clive,0.3079,4,True
2273,Paul Farrell,1.2034,4,True
1231170,Michael Gover,0.1127,1,True
2299,Josh Hartnett,1.9344,9,True
2282,Ben Kingsley,4.5397,10,True
2283,Stanley Tucci,2.0567,9,True
12978,Peter Outerbridge,0.6117,4,True
205104,Michael Rubenfeld,0.105,1,True
34395,Kevin Chamberlin,0.4086,4,True
26718,Dorian Missick,0.4699,4,True
63859,Scott Gibson,0.725,1,True
74541,Corey Stoll,0.936,5,True
65727,Sam Jaeger,0.9302,4,True
1004,Danny Aiello,0.4074,5,True
56731,Jessica Alba,2.7426,10,True
2296,Clive Owen,1.7735,9,True
2295,Mickey Rourke,1.8267,9,True
6279,Alexis Bledel,1.5948,8,True
6280,Powers Boothe,0.8523,5,True
6408,Nick Stahl,1.0075,5,True
6278,Devon Aoki,1.1589,4,True
5916,Rosario Dawson,1.9156,8,True
17832,Carla Gugino,2.2121,8,True
5915,Jaime King,0.9101,5,True
6407,Marley Shelton,1.0543,5,True
16851,Josh Brolin,2.5437,9,True
24045,Joseph Gordon-Levitt,2.2882,9,True
10912,Eva Green,4.0195,9,True
11477,Ray Liotta,1.8969,9,True
78324,Jamie Chung,1.6294,5,True
12799,Jeremy Piven,2.434,8,True
36594,Juno Temple,1.8933,5,True
936970,Julia Garner,3.4934,5,True
237405,Lady Gaga,1.2457,10,False
2387,Patrick Stewart,1.5906,10,True
2388,Jonathan Frakes,0.6883,7,True
1213786,Brent Spiner,0.4568,7,True
2390,LeVar Burton,0.4961,7,True
2391,Michael Dorn,0.612,7,True
2392,Gates McFadden,0.5016,5,True
2393,Marina Sirtis,0.9623,5,True
2394,Alan Ruck,1.304,5,True
34199,Thomas Dekker,0.6768,4,True
1368723,Cameron Oppenheimer,0.6269,1,True
3981,Jenette Goldstein,0.5538,4,True
55538,Tim Russ,0.534,4,True
2453,Mary Steenburgen,1.2174,8,True
2454,Matt Clark,0.3956,4,True
15413,Richard Dysart,0.3023,4,True
21460,Pat Buttram,0.35,4,True
4316,"Harry Carey, Jr.",1.1908,4,True
6463,Dub Taylor,0.6422,4,True
2455,Christopher Wynne,0.4428,1,True
13003,Marvin J. McIntyre,1.5856,4,True
2461,Mel Gibson,3.4093,10,True
2462,Catherine McCormack,1.4797,5,True
1957,Sophie Marceau,1.8383,8,True
2463,Patrick McGoohan,1.1581,8,True
2464,Angus Macfadyen,0.5633,5,True
2465,James Robinson,0.5117,4,True
2467,James Cosmo,2.513,5,True
2468,Sean McGinley,0.5381,4,True
2469,Gerda Stevenson,0.0798,1,True
2470,Mhairi Calvey,0.0918,1,True
2471,Jeanne Marine,0.2776,1,True
2472,Sean Lawlor,0.1868,1,True
2473,Sandy Nelson,0.0528,1,True
2474,Alan Tall,1.262,4,True
2475,Andrew Weir,0.0214,1,True
2480,Tam White,1.5736,1,True
2482,David O'Hara,1.1259,5,True
2505,James Cromwell,1.9967,8,True
2506,Alice Krige,1.7641,5,True
28248,Dwight Schultz,0.9532,4,True
16180,Robert Picardo,0.7562,5,True
36801,Adam Scott,1.5299,5,True
2516,Anthony Zerbe,0.9588,4,True
2518,Gregg Henry,0.9819,4,True
2517,Donna Murphy,0.768,4,True
22111,Daniel Hugh Kelly,0.6573,4,True
128012,Stephanie Niznik,0.6868,4,True
56676,Michael Welch,0.9341,4,True
582202,Mark Deakins,0.142,1,True
2524,Tom Hardy,4.3919,10,True
2372,Ron Perlman,2.1229,9,True
8693,Jude Ciccolella,0.5179,4,True
2525,Shannon Cochran,0.3486,4,True
35317,Kate Mulgrew,0.5201,5,True
3033,Wil Wheaton,0.7826,5,True
52760,Alan Dale,0.6931,4,True
2598,Sophie Okonedo,1.1211,5,True
2607,Fana Mokoena,0.1947,1,True
2602,Desmond Dube,0.0728,1,True
2603,Hakeem Kae-Kazim,0.4151,4,True
2606,Tony Kgoroge,0.1809,1,True
73336,Summer Bishil,0.3121,3,True
1377246,Jessica Jade Andres,0.753,1,True
1317363,John D'Alonzo,0.0261,1,True
164102,Keong Sim,0.2262,1,True
1381,John Noble,1.2572,7,True
937913,Morgan Spector,1.0954,6,True
66252,Bruno Campos,0.1871,5,True
110885,Jennifer Cody,0.1432,2,True
1340669,Paul Briggs,0.1104,1,True
1001821,Jerry Kernion,0.2102,1,True
91337,Sunita Prasad,0.292,2,True
85613,Juan Riedinger,0.2555,1,True
979103,Sam Gilroy,0.1936,1,True
206669,Tanya Champoux,0.2687,2,True
82666,Rhys Darby,0.4518,7,True
18972,Danny Masterson,0.3342,8,True
49275,Spencer Garrett,0.7207,6,True
576511,Jonathan Morgan Heit,0.1829,1,True
1187842,Laura Ann Kesling,0.1355,1,True
17522,Cécile de France,0.5935,7,True
57831,Karen Mok,0.8785,5,True
27822,David Ryall,0.4638,4,True
158079,Richard Branson,0.2064,9,True
62831,Will Forte,1.4466,8,True
64436,Daniel Wu,1.7692,6,True
119454,Mars,1.1613,10,False
1346978,Johnny Cheung Wa,1.0726,1,True
78567,Peter Callan,0.1169,1,True
2478065,Liam Falconer,0.1033,1,True
2478066,Ryan Falconer,0.0566,1,True
2478067,Brett Pickup,0.0168,1,True
1535696,Ashley Lyons,0.1074,1,True
1970803,Wayne McDaniel,0.18,1,True
1344406,Sandy Winton,0.1126,1,True
1176943,Rebecca Massey,0.1016,1,True
2478102,Issac Longmuir,0.0286,1,True
2478103,Tayzin Fahey-Leigh,0.0,1,True
137925,Zara Turner,0.9091,2,True
1256066,Paul Brightwell,0.317,1,True
77165,Virginia McKenna,0.7375,5,True
1827905,Theresa Kartell,0.0214,1,True
46427,Paul Stacey,0.4319,1,True
1230252,Peter Howitt,0.2415,3,True
171476,Mal Z. Lawrence,0.0239,1,True
1392770,Paul Cicero,0.0538,1,True
155549,Ray Iannicelli,0.2924,1,True
130724,Merwin Goldsmith,0.143,1,True
1392772,Sonny Zito,0.0557,1,True
87131,Lenny Clarke,0.2336,5,True
121718,Bill Camp,1.4293,6,True
64655,Dennis Alexio,0.1862,3,True
64662,Dennis Chan Kwok-San,1.2325,1,True
169702,Haskell V. Anderson III,0.2573,1,True
190185,Rochelle Ashana,0.523,2,True
126051,Richard Foo,0.1531,1,True
1076566,Ricky Liu,0.0214,1,True
1417177,Thomas Sin Ho-Ying,0.6888,1,True
1882378,Tony Chan Tak-Hing,0.0487,1,True
1076567,Brad Kerner,0.0382,1,True
43670,Dean Harrington,0.0544,1,True
1076568,Richard Santoro,0.0214,1,True
237791,Michael Lee Ming-Yeung,0.3899,1,True
2971832,Kong Long,0.0382,1,True
118748,Bruce Law Lai-Yin,1.1714,1,True
64198,Thom Mathews,0.4636,5,True
64199,Jennifer Cooke,0.9313,2,True
82956,Darcy DeMoss,0.2897,6,True
156587,Ann Ryerson,0.3548,1,True
64201,Renée Jones,0.3085,4,True
1220679,Temi Epstein,1.5547,2,True
151318,Michael Swan,0.4093,1,True
64200,David Kagen,0.3012,1,True
1394114,Kerry Noonan,0.2834,1,True
2136658,Cynthia Kania,0.3076,1,True
64203,C.J. Graham,0.1095,1,True
97068,Vincent Guastaferro,0.1107,1,True
64202,Tom Fridley,0.2698,1,True
75352,Ron Palillo,0.1812,6,True
1341637,Nancy McLoughlin,0.0892,1,True
1122282,Thomas Nowell,3.4625,1,True
59671,Clayne Crawford,1.5452,7,True
1230911,Matt Lutz,0.087,1,True
1232540,Al Thompson,0.1201,1,True
1223006,Jonathan Parks Jordan,0.1866,1,True
56112,David Lee Smith,0.4862,4,True
1749189,Xavier Hernandez,0.0071,1,True
1567465,Marisa Miller,0.0071,7,True
1148729,Erik Smith,0.1035,1,True
1749190,Al Butler,0.0143,1,True
64719,Lar Park Lincoln,0.2008,6,True
62596,Kane Hodder,0.5716,6,True
64721,Kevin Spirtas,0.6797,4,True
64720,Susan Jennifer Sullivan,0.7796,6,True
1659011,Debora Kessler,0.1381,1,True
98078,Elizabeth Kaitan,0.322,5,True
100268,Staci Greason,0.1319,1,True
166926,Jennifer Banko,0.372,2,True
102576,John Otrin,0.0888,1,True
88523,Heidi Kozak,0.1417,4,True
22555,Diana Barrows,0.1613,1,True
19548,Susan Blu,0.4369,3,True
81460,William Butler,0.1853,1,True
572609,Craig Thomas,0.132,1,True
83330,Diane Almeida,0.1677,1,True
64733,Jensen Daggett,0.7023,3,True
159614,Sharlene Martin,0.5196,1,True
1196615,Scott Reeves,0.1586,1,True
2421188,Amber Pawlick,0.1046,1,True
64730,Todd Caldecott,1.1653,1,True
13401,Peter Mark Richman,0.3482,3,True
64734,Barbara Bingham,0.1003,1,True
151339,Warren Munson,0.1933,1,True
158374,Fred Henderson,0.273,1,True
160111,Saffron Henderson,0.1775,1,True
116573,Martin Cummins,0.4571,3,True
87209,David Longworth,0.1197,1,True
64741,John D. LeMay,0.2285,3,True
64742,Kari Keegan,0.164,1,True
63544,Steven Culp,0.9857,4,True
33850,Erin Gray,0.4546,6,True
34407,Rusty Schwimmer,0.3607,3,True
30861,Leslie Jordan,0.3385,6,True
1341053,James Gleason,0.157,1,True
172400,Tony Ervolina,0.2273,1,True
1593497,Diana Georger,0.0931,1,True
8549,Scott G. Anderson,0.6046,1,True
1211995,Mark Casella,0.0667,1,True
1391805,Norm Compton,0.1927,1,True
65699,Andrew Fiscella,0.1174,3,True
81365,Dale Waddington,0.1579,1,True
1763080,Bryan Ross,0.0662,1,True
2909248,Chevon Hicks,0.0143,1,True
943150,Avner Eisenberg,0.0746,1,True
1076195,Paul David Magid,0.08,1,True
1076196,Howard Jay Patterson,0.0338,1,True
1076197,Randall Edwin Nelson,0.0621,1,True
1076198,Samuel Ross Williams,0.0457,1,True
1076199,Timothy Daniel Furst,0.0538,1,True
1076200,Hamid Fillali,0.0311,1,True
1076201,Guy Cuevas,0.0495,1,True
1076202,Peter DePalma,0.0362,1,True
1076203,Mark Daly Richards,0.0478,1,True
2928134,Sadeke Colobanane,0.0071,1,True
131879,Dick Latessa,0.1322,1,True
112300,Tom Hodges,0.2786,1,True
156517,Lydia Hazan,0.0338,1,True
64239,Frankie Thorn,0.0849,1,True
198772,Daniella Kuhn,0.076,1,True
1266585,James Greene,0.1304,2,True
32747,Stephen Lang,2.1621,9,True
94431,Waleed Zuaiter,0.2913,3,True
27031,Tim Griffin,0.5194,3,True
43596,Jacob Browne,0.1751,1,True
1504586,Todd Lawson LaTourrette,0.0857,1,True
159907,Brad Grunberg,0.2108,3,True
1504587,Elsa Villafane,0.0071,1,True
38581,Rachael Leigh Cook,1.2514,7,True
58006,Jodi Lyn O'Keefe,2.5334,4,True
57553,Lil' Kim,0.571,7,True
102313,Tamara Mello,0.2839,3,True
1332415,Eric Chase Anderson,0.134,1,True
1332416,Robin Hurlstone,0.0807,1,True
992097,Hugo Guinness,0.1019,1,True
107170,Jarvis Cocker,0.3387,4,True
1332418,Juman Malouf,0.1421,3,True
2978,Max Minghella,0.864,4,True
49971,Jennifer Ehle,2.1404,6,True
91030,Michael Mantell,0.1716,1,True
150672,Yuriy Sardarov,0.8959,1,True
972921,Bella Ivory,0.0362,1,True
972922,Maya Sayre,0.0438,1,True
146413,Danny Mooney,0.404,1,True
1741959,John Manfredi,0.0071,1,True
932326,David McConnell,1.0919,1,True
84247,Emily VanCamp,1.8472,7,True
61829,Kelly Overton,0.7472,4,True
155743,James Lesure,0.3867,3,True
107791,Kelly Stables,0.5928,4,True
162828,Cooper Thornton,0.2141,1,True
167098,Marilyn McIntyre,0.0502,1,True
1214389,Jesse Burch,0.1618,1,True
112053,Michael Chieffo,0.2463,3,True
12446,Peter Sellers,0.8117,9,True
19550,Melvyn Douglas,0.346,6,True
5403,Richard Basehart,0.5181,6,True
20160,Ruth Attaway,0.045,1,True
164131,Fran Brill,0.1345,4,True
1192920,Denise DuBarry,2.5011,3,True
14106,Alice Hirson,0.1988,3,True
68897,John Harkins,0.1809,1,True
152699,James Noble,0.1008,3,True
128602,Mitch Kreindel,0.1301,1,True
1201772,Oteil Burbridge,0.1704,3,True
1150085,J Barton,0.2428,1,True
64930,Bob Newhart,0.442,9,True
1371769,Madeleine Wade,0.413,1,True
194670,Tahnee Welch,0.8463,3,True
21151,Maureen Stapleton,0.2476,6,True
64929,Jack Gilford,0.1379,3,True
54122,Gwen Verdon,0.1134,4,True
29508,Barret Oliver,0.499,4,True
102392,Tyrone Power Jr.,0.2331,1,True
92821,Mike Nomad,0.0398,1,True
61904,Christina Vidal,0.563,3,True
137169,Ryan Malgarini,0.7136,4,True
159985,Haley Hudson,0.4807,1,True
112288,Lucille Soong,0.3669,3,True
68769,Julie Gonzalo,0.7393,4,True
1575802,Christina Marie Walter,0.0193,1,True
1433893,Lu Elrod,0.158,1,True
51812,Nicol Williamson,0.3953,3,True
89251,Melinda Clarke,1.1093,6,True
1072036,Sydni Beaudoin,0.1619,1,True
64849,Todd McFarlane,0.1603,4,True
149448,Robia LaMorte,0.2448,4,True
1772250,Laurie Lathem,0.5087,1,True
152339,Bert Kramer,0.1547,1,True
158012,Bo Eason,0.0817,1,True
87108,Dayton Callie,0.5106,4,True
61287,Michael Cutt,0.1322,1,True
4183748,Edward Janda,0.0286,1,True
4183753,Nicholas Lombardi,0.0261,1,True
4183755,Chris Milan,0.0281,1,True
1229795,Kenny Hotz,0.1673,3,True
4029139,Anne Wade,0.1001,1,True
135855,Jim Norton,0.2507,4,True
65235,Kiana Tom,0.2353,3,True
11321,Heidi Schanz,0.974,1,True
160082,Justin Lazard,0.2743,3,True
106911,James Black,0.2291,1,True
154531,Karis Paige Bryant,0.4344,3,True
180538,Brent Anderson,0.0588,1,True
1686826,Mark Dalton,0.0762,1,True
78722,Woody Watson,0.0864,1,True
2484950,Jacqueline Klein,0.0071,1,True
1405589,Maria Arita,0.0311,1,True
65019,Lane Smith,0.4525,6,True
161691,Paulene Myers,0.2737,1,True
3342064,Michael Simpson,0.0071,1,True
108180,Lou Walker,0.2476,1,True
196945,Kenny Jones,0.2099,1,True
1075148,Michael Bird,0.1199,1,True
1075150,Devon Cole Borisoff,0.0071,1,True
70615,Rodger Bumpass,0.3373,7,True
35172,Robert Clotworthy,0.1942,3,True
35980,Brooke Langton,0.8387,4,True
1532981,Ace Yonamine,0.1447,1,True
76476,Troy Winbush,0.1989,3,True
46921,Michael Jace,0.3184,4,True
49425,Annabeth Gish,1.0283,6,True
942021,Benjamin Weir,0.4211,1,True
21021,John Maclaren,0.2604,1,True
168273,Ed Evanko,0.1039,1,True
11357,Bruce Campbell,1.257,9,True
43458,Brennan Elliott,0.3549,3,True
158575,Tom McBeath,0.5431,3,True
25868,Vicellous Shannon,0.2766,3,True
88161,Debbi Morgan,0.3141,4,True
47774,Vincent Pastore,0.7017,6,True
36172,Al Waxman,0.2025,3,True
80991,David Lansbury,0.8999,3,True
26009,Gail O'Grady,1.157,6,True
90149,Big Boy,0.2298,4,True
954122,Dina Platias,0.3401,1,True
952333,Deborah Lemen,0.0499,1,True
65197,Mark Cheng Ho-Nam,0.8493,1,True
65196,Nadine Velazquez,0.6965,4,True
44151,Andrea Roth,0.7579,4,True
65195,Mathew St. Patrick,0.5008,4,True
65200,Steph Song,0.21,1,True
65199,Kennedy Montano,0.1094,3,True
65284,Alexis Smith,0.5868,1,True
28028,Howard Erskine,0.5427,1,True
1190705,John McLoughlin,0.0256,1,True
1190706,Christopher Nilsson,0.0168,1,True
1033159,Carolyn Farina,0.0748,3,True
138236,Thomas Barbour,1.6021,1,True
64181,Dave Goelz,0.2381,6,True
68455,Jerry Nelson,0.2196,6,True
65294,Don Austen,0.0286,1,True
1221466,Jessica Fox,0.1097,1,True
65297,Meredith Braun,0.0214,1,True
62967,Robin Weaver,0.3667,3,True
5482,Raymond Coulthard,0.4214,1,True
2671965,Russell Martin,0.0281,1,True
1253291,Kristopher Milnes,0.0629,1,True
35241,Nicholle Tom,0.8589,6,True
65299,Christopher Castile,0.335,3,True
992507,Ashley Hamilton,0.1997,3,True
22248,Heather McComb,0.5247,4,True
1599678,Scott Waara,0.0752,1,True
54455,Devon Gummersall,0.5331,4,True
65309,Omri Katz,0.4736,3,True
951643,Tobias Jelinek,0.6022,3,True
2175565,Amanda Shepherd,0.1645,1,True
1210516,Karyn Malchus,0.1101,1,True
1230381,Sean Murray,0.7425,8,True
1210517,Steve Voboril,0.0357,1,True
24292,Jerry Adler,0.6532,4,True
371587,Melanie Norris,0.0636,1,True
166772,Joy Behar,0.1607,9,True
28006,John Doumanian,0.1289,1,True
122239,Sylvia Kauders,0.1952,1,True
28029,Ira Wheeler,0.9643,2,True
19783,Marge Redmond,0.133,1,True
1158427,George J. Manos,0.0389,1,True
56881,Shelley Long,0.9401,8,True
159755,Yakov Smirnoff,0.1604,6,True
133853,Carmine Caridi,0.4449,5,True
118946,Brian Backer,0.0593,5,True
1105814,Billy Lombardo,0.0869,1,True
1218005,Mia Dillon,0.1816,4,True
24554,John van Dreelen,0.3142,1,True
124934,Douglass Watson,0.151,1,True
1105816,Lucille Dobrin,0.0071,1,True
77054,Tetchie Agbayani,0.2865,1,True
87192,Mike O'Malley,0.5498,6,True
1621825,Katie Scharf,0.0168,1,True
1218202,Meredith Deane,0.0503,1,True
65535,Alice Evans,0.4914,6,True
72315,Ben Crompton,0.4521,1,True
133498,Carol MacReady,0.0835,1,True
5319,Ron Cook,0.9055,4,True
133032,David Horovitch,0.6532,4,True
156375,Dick Brannick,0.0641,1,True
1198239,Mike Hayley,0.0602,1,True
76511,Natalie Martinez,1.4986,6,True
76512,Jason Clarke,1.149,7,True
76513,Frederick Koehler,0.5124,4,True
76514,Justin Mader,0.1454,1,True
65831,Robert LaSardo,0.5978,5,True
80178,Benz Antoine,0.2409,4,True
105499,Danny Blanco Hall,0.3883,1,True
1141258,Christian Paul,0.2568,1,True
54217,Janaya Stephens,0.3606,5,True
68321,Michael Carman,0.1117,1,True
1077896,Maddison Joyce,0.0486,1,True
59118,Christopher James Baker,0.4096,5,True
207938,Rhonda Doyle,0.082,1,True
1014587,Bryan Probets,0.1474,1,True
985532,Mark Brady,0.0668,1,True
26056,Anthony Simcoe,0.5371,1,True
1077897,Russell Butler,0.0143,1,True
1077898,Andrew Nason,0.0646,1,True
1077899,Dorothy Thorsen,0.0,1,True
65403,Danny Pintauro,0.2053,6,True
65404,Christopher Stone,0.3445,1,True
140344,Kaiulani Lee,0.145,4,True
84164,Billy Jayne,0.7696,5,True
89141,Jerry Hardin,0.3221,5,True
140346,Merritt Olsen,0.0416,1,True
158904,Clare Torao,0.194,1,True
949345,Robert Craighead,0.1554,1,True
15905,Robyn Lively,0.9549,6,True
65205,Sean Kanan,0.2501,5,True
1340974,Jonathan Avildsen,0.3234,1,True
1325314,William Christopher Ford,0.144,1,True
114628,Pat E. Johnson,0.3492,1,True
1215961,Rick Hurst,0.24,1,True
1214019,Joseph V. Perry,0.296,1,True
151731,Diana Webster,0.0387,1,True
2767501,Patrick R. Posada,0.0536,1,True
11370,Elton John,0.5827,10,False
1718935,Elijah Chiang,0.0704,1,True
1718936,Cyrus Shaki-Khan,0.0461,1,True
52951,Jane Leeves,0.9093,7,True
1686558,Rosanna Scotto,0.2472,5,True
25282,Marthe Keller,0.4979,6,True
944596,James Wing Woo,0.0766,1,True
19215,Lou Gilbert,0.235,1,True
26890,Jacques Marin,0.2169,1,True
14795,Allen Joseph,0.4512,1,True
90441,Tito Goya,0.3711,1,True
935831,Ben Dova,0.0558,1,True
2327909,Nicole Deslauriers,0.0297,1,True
94325,Lotte Palfi Andor,0.0634,1,True
1504114,Glenn Robards,1.1433,1,True
23821,Bryan Greenberg,0.4987,6,True
81388,Steve Howey,1.161,6,True
13635,Kristen Johnston,0.7338,7,True
83874,Michael Arden,0.2503,1,True
59872,John Pankow,0.5121,6,True
1337520,Zoe O'Grady,0.0357,1,True
1337521,Shannon Ferber,0.052,1,True
83873,June Diane Raphael,0.7986,6,True
1572020,Emily Sarah Stikeman,0.0143,1,True
111922,Robert Capron,0.5342,6,True
109561,Sherri Shepherd,0.4291,7,True
94075,David Soren,1.039,3,True
1224835,Conner Rayburn,1.0381,1,True
112692,Robert Maillet,0.4158,5,True
84865,William Houston,0.728,1,True
37168,Hans Matheson,0.5865,5,True
1270734,Oran Gurel,0.128,1,True
1156243,Ky Discala,0.149,1,True
65529,Irene Bedard,0.5417,7,True
31365,John Kassir,0.3685,6,True
110316,Judy Kuhn,0.3152,4,True
163070,Michelle St. John,0.1655,1,True
950126,James Apaumut Fall,0.055,1,True
80117,Billy Idol,0.7131,9,True
122378,John Densmore,0.1128,7,True
218506,Gretchen Becker,0.5638,1,True
3265764,Jerry Sturm,0.0071,1,True
3265765,Kendall Deichen,0.0143,1,True
27422,Bruce Payne,0.7774,6,True
46924,Alex Datcher,0.9002,2,True
128123,Duchess Tomasello,0.067,1,True
1161627,William Edward Roberts,0.0758,1,True
191339,James Short,0.0811,1,True
1161630,Joel Fogel,0.0143,1,True
1161631,Jane McPherson,0.0214,1,True
1267243,Lesa Thurman,0.9626,1,True
72250,Paul Kandel,0.3722,4,True
34398,Bill Fagerbakke,0.6076,7,True
61968,Patrick Pinney,0.3937,4,True
18736,Jane Withers,0.2757,5,True
154857,Ziggy Marley,0.2073,7,True
166658,Katie Couric,0.2089,9,True
31549,Phil LaMarr,0.5842,6,True
44897,Shelley Morrison,0.1991,6,True
25878,Shawn Doyle,0.4373,5,True
65756,Melissa Errico,0.1592,4,True
65762,Jordan Bridges,0.5539,5,True
65757,Daniel Henson,0.0379,1,True
65758,Stephen Joffe,0.1848,1,True
65760,Marin Hinkle,0.961,7,True
65759,Jack McCormack,0.0214,1,True
65761,Richard Sali,0.1687,1,True
154693,Peter Siragusa,0.3608,1,True
56950,Della Reese,0.3423,7,True
1485439,Zachary Bostrom,0.0434,1,True
1395151,Chelsea Russo,0.254,1,True
65683,Alex Vincent,0.2737,7,True
12965,Tommy Swerdlow,0.1284,1,True
19139,Jack Colvin,0.3354,5,True
1816899,Alan Wilder,0.1969,1,True
2613545,Richard Baird,0.0338,1,True
1781067,Ray Oliver,0.211,1,True
1504070,Tyler Hard,0.0214,1,True
2565617,Ted Liss,0.0362,1,True
1877677,Roslyn Alexander,0.0495,1,True
51878,John Kani,0.4717,7,True
1156168,Jack Devnarain,0.2748,1,True
143476,Henry Cele,2.0721,1,True
667748,Kurt Egelhof,0.0466,1,True
1556203,Satchu Annamalai,0.0143,1,True
1556204,Teddy Reddy,0.0143,1,True
1556205,Raheem Khan,0.0143,1,True
541462,Glen Gabela,0.0665,1,True
2759785,Richard Nwamba,0.0362,1,True
1165978,Nick Lorentz,1.1176,1,True
141429,Lance Kinsey,0.2377,1,True
1212317,Derek McGrath,0.1693,1,True
140778,Billie Bird,0.3159,4,True
553478,George R. Robertson,0.2807,1,True
135532,Danielle C. Ryan,0.5643,1,True
1056728,Taylor Rice,0.0574,1,True
982705,Brittany Oaks,0.1679,1,True
168388,Talia-Lynn Prairie,0.0577,1,True
153606,Victor Brandt,0.2269,1,True
35053,Đơn Dương,1.4655,1,True
65715,Robert Bagnell,0.2099,1,True
65716,Josh Daugherty,0.1179,1,True
65743,Jacob Young,0.1822,5,True
65738,Brian Kolodziej,0.1122,1,True
65739,Sung-Hi Lee,0.7011,1,True
65742,Ulysses Lee,0.1441,1,True
65744,Harris Laskawy,0.1099,1,True
65745,Julie Osburn,0.0902,1,True
65746,Laird Stuart,0.8946,1,True
65838,Jeremy Sumpter,0.5751,6,True
4390,Ludivine Sagnier,0.925,6,True
1315716,Harry Newell,0.0766,1,True
1315717,Freddie Popplewell,0.0803,1,True
29791,Lynn Redgrave,0.4301,6,True
3882831,Theodore Chester,0.0445,1,True
1657148,Rupert Simonian,0.1811,1,True
146750,George MacKay,0.644,7,True
3882828,Patrick Gooch,0.0571,1,True
5332788,Lachlan Gooch,0.0143,1,True
3831099,Carsen Gray,0.0593,1,True
20361,John Bennett Perry,0.4208,5,True
58090,Greg Cruttwell,0.4831,1,True
1229698,Kelly Miracco,0.7843,1,True
61307,Michael Chinyamurindi,0.2497,1,True
953505,Abdoulaye N'Gom,0.1836,1,True
559485,Lydell M. Cheshier,0.0862,1,True
94979,Keith Scott,0.5713,1,True
82719,Jon Pennell,0.1532,1,True
127614,Richard Elfman,1.6328,3,True
66131,Tracey Cherelle Jones,0.5278,4,True
27590,Chris Spencer,0.1221,1,True
66132,Rappin' Granny,0.083,1,True
1214127,Suli McCullough,0.1652,4,True
95189,Kim Wayans,0.2659,7,True
154272,Virginia Watson,0.2001,1,True
83102,Darrel Heath,0.0757,1,True
54615,Christy Chung Lai-Tai,1.6614,5,True
148142,Johann Myers,0.8496,4,True
1624031,Alexander Bao,0.0379,1,True
56804,Lau Siu-Ming,0.9869,3,True
1939952,Diana C. Weng,0.0759,1,True
3848836,Pok Fu Chow,0.0,1,True
1407529,Chan Tat-Kwong,0.8672,2,True
1184081,Mak Wai-Cheung,0.1654,1,True
552395,Go Shut-Fung,0.1408,1,True
1624033,Bruce Khan,0.8727,2,True
1039927,Hiro Hayama,1.3745,4,True
2602681,Sammy Hung Tin-Chiu,1.0615,3,True
32598,Daniel Franzese,0.1853,5,True
1213130,Rajiv Surendra,0.1309,1,True
56323,Tina Fey,1.0617,10,True
43776,Neil Flynn,0.8557,7,True
1226928,Dwayne Hill,0.2044,1,True
142193,Diego Klattenhoff,0.8686,6,True
1688878,Molly Shanahan,0.0416,1,True
141827,Angela Means,0.6444,2,True
1218331,Vickilyn Reynolds,0.1536,1,True
2991967,Ronn Riser,0.2173,1,True
1213883,Kathleen Bradley,0.1061,1,True
83101,Anthony Johnson,0.1125,1,True
22122,Meagan Good,1.1772,8,True
1227734,Craig Kirkwood,0.1607,1,True
65561,Kip Pardue,0.6566,4,True
84116,Earl Poitier,0.3095,1,True
117309,Burgess Jenkins,0.1698,1,True
1572967,Neal Ghant,0.0143,1,True
1572968,David Jefferson,0.0387,1,True
81375,Colleen Flynn,0.3334,1,True
112600,Marc Donato,0.1718,1,True
1229915,Liza Snyder,0.4553,4,True
1450290,Hannah Leder,0.1769,1,True
57992,Tina Lifford,0.2253,2,True
15956,David Soul,0.7061,7,True
64119,Robert Urich,0.5828,6,True
151447,Kip Niven,0.6292,2,True
103716,Christine White,0.1693,1,True
157441,Adele Yoshioka,0.9785,3,True
102787,Richard Devon,0.5847,2,True
3414,Tony Giorgio,0.3401,1,True
21925,Albert Popwell,0.3848,1,True
111994,Jack Kosslyn,0.0786,1,True
34660,Will Hutchins,1.229,5,True
114761,Tim Rose,0.1608,1,True
4706922,Steve Sleap,0.0214,1,True
2596475,Peter Baird,0.0286,1,True
4706924,Mary Wells,0.0453,1,True
1573112,Lisa Sturz,0.0286,1,True
1012338,Dominique Davalos,0.0979,1,True
168581,Holly Robinson Peete,0.172,6,True
123175,Wood Moy,1.7481,3,True
66586,Mariah Carey,0.8893,10,False
1245993,Yamit Sol,0.1528,1,True
166976,Adria Tennor,0.1678,1,True
66069,Daoud Heidami,0.3646,1,True
66070,Dave Matthews,0.3963,1,True
66071,Charlotte Rae,0.2256,7,True
66072,Michael Buffer,0.3291,5,True
66073,Ido Mosseri,1.8293,3,True
1401102,Uzimann,1.0143,3,True
67764,Jerry Reed,0.4834,5,True
124016,Al Whiting,0.0704,1,True
1676573,Robert Kokol,0.0546,1,True
55901,Gemma Ward,0.256,4,True
60509,Kip Weeks,0.4511,1,True
162813,Laura Margolis,0.1875,1,True
448998,Alex Fisher,0.0338,1,True
448999,Peter Clayton-Luce,0.0491,1,True
66178,Ed Ramey,0.2477,1,True
1152299,Billy Redden,0.4176,1,True
153393,Seamon Glass,0.1627,1,True
138884,Randall Deal,0.0728,1,True
1533240,Herbert 'Cowboy' Coward,0.1166,1,True
1735373,Lewis Crone,0.0214,1,True
1735374,Ken Keener,0.0286,1,True
88453,Johnny Popwell,0.0546,1,True
1735375,John Fowler,0.0214,1,True
1204482,Kathy Rickman,0.0736,1,True
1735376,Louise Coldren,0.0362,1,True
118757,Chuck Pfeiffer,0.3163,1,True
166598,Franklin Cover,0.2319,1,True
15098,June Foray,0.4774,5,True
187678,Marni Nixon,0.2914,4,True
140567,Donny Osmond,0.1474,9,True
8925,Emmanuelle Seigner,0.6211,6,True
185316,Jacques Ciron,0.1331,1,True
18765,Alexandra Stewart,1.3063,5,True
24696,Yorgo Voyagis,0.2539,1,True
66198,Djiby Soumare,0.0143,1,True
38876,Roch Leibovici,0.1858,1,True
2560767,Dominique Virton,0.0071,1,True
549010,Gérard Klein,0.0934,1,True
2917267,Stéphane D'Audeville,0.0,1,True
115686,Laurent Spielvogel,0.1536,1,True
66199,Stacey Nelkin,0.2731,1,True
66200,Michael Currie,0.1673,1,True
66201,Ralph Strait,0.099,1,True
140337,Jadeen Barbor,0.0416,1,True
140338,Brad Schacter,0.2564,1,True
140339,Garn Stephens,0.0727,1,True
97953,Jonathan Terry,0.9045,3,True
140340,Al Berry,0.1075,2,True
140341,Wendy Wessberg,0.1294,2,True
140342,Essex Smith,0.078,1,True
103087,Maidie Norman,0.5929,3,True
140343,John MacBride,1.3884,4,True
6674,Julia Dietze,0.2318,2,True
75175,Christopher Kirby,0.1874,2,True
220914,Peta Sergeant,0.3504,2,True
936496,Stephanie Paul,0.1768,2,True
13812,Tilo Prückner,0.2193,2,True
1232566,Michael Cullen,0.2002,2,True
999445,Kym Jackson,0.278,2,True
2211786,Ben Siemer,0.0672,1,True
150804,Tom Hoßbach,0.126,2,True
2523536,Milo Kaukomaa,0.0268,1,True
2523537,Vivian Schneider,0.0368,1,True
1157287,Fang Yu,0.1234,2,True
35540,Irshad Panjatan,0.1181,2,True
36856,Claus Wilcke,0.0583,1,True
72754,Elissa Knight,0.4453,3,True
60074,Jeff Garlin,0.8098,5,True
24358,Lori Alan,0.5504,3,True
167295,John Cygan,0.1972,2,True
86006,Paul Eiding,0.2843,2,True
117081,Teresa Ganzel,0.5508,3,True
84495,Jess Harnell,0.3759,3,True
66257,Owen Kline,0.2313,2,True
928396,Halley Feiffer,0.1735,2,True
1294153,David Benger,0.0379,1,True
1788144,Molly Barton,0.0143,1,True
1788145,Bo Berkman,0.0261,1,True
1788146,Matthew Kaplan,0.0143,1,True
1788147,Simon Kaplan,0.0214,1,True
1788148,Matthew Kirsch,0.0286,1,True
1788149,Daniella Markowicz,0.0143,1,True
1788150,Ben Schrank,0.0297,1,True
962997,Adam Rose,1.6127,4,True
382960,Michael Santiago,1.1383,4,True
109513,Alexandra Daddario,7.2077,9,True
96072,Jonathan Katz,0.1904,2,True
87056,Khamani Griffin,0.5468,3,True
81083,Max Burkholder,0.791,4,True
23679,Billy West,0.4988,4,True
932719,Jeff Gordon,0.2194,2,True
27974,Daniel Tay,0.3963,3,True
20788,Artie Lange,0.209,3,True
1267155,Leon Redbone,0.0773,2,True
268179,David Speck,0.7903,4,True
1158447,Rebecca Jernigan,0.1647,2,True
14320,Jack Thibeau,0.3606,3,True
66293,Bruce M. Fischer,0.3625,2,True
66294,Frank Ronzio,0.2364,2,True
66295,Fred Stuthman,0.3126,2,True
66296,David Cryer,0.2446,2,True
66302,Ray K. Goman,0.1085,2,True
66297,Madison Arnold,0.2095,2,True
4203,Garry Goodrow,0.5489,3,True
78730,Oliver James,0.9776,4,True
47625,Christina Cole,1.0563,4,True
1517174,Ben Scholfield,0.1134,2,True
72003,Tara Summers,0.3472,2,True
1267471,Peter Hugo,0.0412,1,True
1417042,Jonah Russell,0.1757,2,True
25074,Stanley Townsend,0.4501,3,True
66670,Chief Dan George,0.269,3,True
66223,Sondra Locke,1.0393,4,True
1173474,Geraldine Keams,0.343,2,True
40381,Joyce Jameson,0.4567,3,True
4080,Sheb Wooley,0.6455,4,True
19968,Royal Dano,0.5773,3,True
117028,John Verros,0.0811,1,True
15969,William O'Connell,0.234,2,True
36219,Marsha Thomason,0.9638,4,True
27631,Nathaniel Parker,0.6968,4,True
62646,Marc John Jefferies,0.5203,3,True
1430209,Aree Davis,0.1509,2,True
89500,Heather Juergensen,0.2089,2,True
1015053,Clayton Martinez,0.0434,1,True
35550,Danny Strong,0.5896,3,True
66536,Jack Carpenter,0.5765,3,True
55779,John Schneider,1.2715,5,True
58507,Samm Levine,0.5315,3,True
66540,Arnie Pantoja,0.2739,2,True
66537,Crystal Hunt,0.1619,2,True
66538,Adam Hendershott,0.2735,2,True
66539,Libby Mintz,0.1002,1,True
66541,Donté Bonner,0.097,1,True
66542,Brian Patrick Clarke,0.3042,2,True
66555,Whitney Cummings,0.4366,4,True
66556,Emily Nelson,0.0797,1,True
66557,Selma Stern,0.1808,2,True
1122899,Annalaina Marks,1.414,4,True
62892,Anatole Taubman,0.3033,2,True
139549,Rory Kinnear,0.7443,4,True
76857,Joaquín Cosío,0.564,4,True
149307,Fernando Guillén Cuervo,0.1288,2,True
136290,Lucrezia Lante della Rovere,0.1755,2,True
566331,Oona Chaplin,1.4647,6,True
149209,Mia Cottet,0.3164,1,True
166510,Scott Wickware,0.3168,1,True
1212946,Christian Potenza,0.308,3,True
79403,Karen Glave,0.3382,1,True
70445,Scott Yaphe,0.1003,1,True
66750,Colin Mochrie,0.3584,7,True
8252,William Holden,0.6752,9,True
29903,Peter Finch,0.3685,8,True
66712,Wesley Addy,0.3951,4,True
66713,Arthur Burghardt,0.4306,1,True
2244868,Bill Burrows,0.0071,1,True
2244869,John Carpenter,0.453,5,True
949374,Kathy Cronkite,0.0214,1,True
192660,Jerome Dempsey,0.0629,1,True
13420,Ellen Greene,0.671,6,True
1227338,Levi Stubbs,0.1282,5,True
2805806,Michelle Weeks,0.0647,1,True
141823,Tisha Campbell,0.4043,7,True
1222070,Stan Jones,0.0786,1,True
980203,Bertice Reading,0.0286,1,True
3198104,Ed Wiley,0.0,1,True
1234110,Mildred Shay,1.0164,1,True
171379,Katherine Borowitz,0.2666,1,True
37255,Christopher Kriesa,0.1616,1,True
10138,Brian Haley,0.2186,4,True
170185,Gregg Binkley,0.7564,5,True
124131,Alan Fudge,0.2957,4,True
37822,Peter Dobson,0.2905,3,True
101776,Jim Fyfe,0.1549,1,True
101777,Julianna McCarthy,0.2078,3,True
1236966,Angela Bloomfield,0.1235,1,True
135316,Desmond Kelly,0.0944,1,True
132659,Jonathan Blick,0.1171,1,True
956719,Tim DeZarn,0.2709,3,True
2122655,L.A. Calkins,0.0404,1,True
2122656,Allison Marich,0.0362,1,True
2122657,Marcus H. Nelson,0.0835,1,True
68122,Tim Daly,1.1001,7,True
66143,Cristián de la Fuente,0.3678,4,True
3576938,Dena Johnston,0.0071,1,True
982098,Nick Loren,0.777,1,True
4671004,Steven Maye,0.0,1,True
62003,James Morrison,0.4061,3,True
129124,Richard Steinmetz,0.1961,3,True
10137,Steve Rankin,0.3431,3,True
141489,David Keats,0.0322,1,True
87794,Mark Borchardt,0.4766,1,True
105626,Alan Rachins,0.213,5,True
955883,Lin Tucci,0.1095,3,True
9312,Greg Travis,0.1999,1,True
37254,Al Ruscio,0.2608,3,True
111080,Patrick Bristow,0.3888,3,True
156029,William Shockley,0.2924,1,True
155483,Michelle Johnston,0.7047,1,True
167676,Dewey Weber,0.0998,1,True
1513682,Melissa Williams,0.11,1,True
1768246,Caroline Key Johnson,1.8732,1,True
1108333,Elayn J. Taylor,0.1499,3,True
1212758,Victor Raider-Wexler,0.2948,3,True
60603,Mark Griffin,0.1866,1,True
44990,Peter Horton,0.6286,5,True
18708,Courtney Gains,0.5192,4,True
152351,Anne Marie McEvoy,0.234,3,True
94491,Robby Kiger,0.9555,1,True
97291,Julie Maddalena,0.4152,3,True
1587456,Jonas Marlowe,0.102,1,True
1905631,Dan Snook,0.0736,1,True
1905632,David Cowen,0.0261,1,True
1905633,Suzy Southam,0.0071,1,True
1905634,D.G. Johnson,0.0071,1,True
1905637,Teresa Toigo,0.0071,1,True
1905635,Patrick Boylan,0.0143,1,True
24203,Rhea Perlman,0.5812,8,True
8188,Jean Speegle Howard,0.3299,4,True
109693,Brian Levinson,0.8086,1,True
2059552,Sara Magdalin,0.2729,1,True
2581003,Gregory R. Goliath,0.0429,1,True
109694,Kiami Davael,0.3204,3,True
228236,Leor Livneh Hackel,0.3297,1,True
167189,Jacqueline Steiger,0.3656,1,True
63208,Tommy Chong,0.4295,8,True
77253,Robert Plunket,0.0586,1,True
77254,Larry Block,0.1741,3,True
214666,Robin Johnson,1.1821,1,True
67199,Stephanie Farrow,0.0453,2,True
37446,Van Johnson,0.5408,7,True
937681,Zoe Caldwell,0.1485,5,True
47137,Milo O’Shea,0.3649,4,True
1290895,Rick Petrucelli,0.1518,1,True
2110895,Peter Castellotti,0.0491,3,True
34985,Cree Summer,0.8253,6,True
52300,Claudia Christian,0.8615,6,True
84323,Florence Stanley,0.5676,4,True
182258,Natalie Strom,0.0404,1,True
552467,Michael McCleery,0.5472,1,True
67538,Jessica Bowman,1.0823,4,True
156011,Stuart Stone,0.2124,1,True
154838,Brian Leckner,0.2906,1,True
154996,Mary Wickliffe,0.0872,1,True
552465,McKenzie Satterthwaite,0.0143,1,True
12548,Kenneth White,0.135,1,True
3590507,Luis Cortés,0.0511,1,True
69395,Bug Hall,1.4224,6,True
148996,Brittany Ashton Holmes,2.1329,5,True
67378,Travis Tedford,0.366,6,True
67379,Kevin Jamal Woods,0.7927,5,True
67380,Jordan Warkol,0.3992,1,True
67381,Zachary Mabry,0.1686,1,True
55961,Courtland Mead,0.3135,4,True
67383,Sam Saletta,0.1828,1,True
67384,Blake Jeremy Collins,0.2351,1,True
67385,Blake McIver Ewing,0.3201,4,True
67386,Juliette Brewer,1.8648,1,True
51391,Frankie Muniz,0.9498,8,True
65528,Cynthia Stevenson,0.5204,6,True
80343,Connor Widdows,0.1574,5,True
1505136,Marc Shelton,0.0357,1,True
53119,Chris Gauthier,0.4015,4,True
58655,Harry Van Gorkum,0.1655,5,True
87739,Eliza Norbury,0.166,1,True
62918,Ben Immanuel,0.219,1,True
93149,Brian Peck,0.3981,1,True
97619,Linnea Quigley,0.5979,5,True
536499,Beverly Randolph,1.1183,5,True
106669,Jewel Shepard,0.1409,5,True
153422,Cathleen Cordell,0.4283,5,True
105572,David Bond,0.1173,1,True
2292865,Derrick Brice,0.0538,1,True
2292863,Paul Cloud,0.0261,1,True
20157,Pearl Bailey,0.1742,6,True
3461,Jack Albertson,0.3187,7,True
88947,Sandy Duncan,0.3419,6,True
77548,Paul Winchell,0.532,5,True
5247,John Fiedler,0.8438,6,True
56145,Keith Coogan,0.5117,6,True
1235193,Brad Silverman,0.2269,1,True
1407026,Joseph Rosenberg,0.0544,1,True
98089,Bobby Cooper,0.7151,5,True
12226,Michael B. Silver,0.4203,1,True
67620,Grant Bardsley,0.6854,1,True
67621,Susan Sheridan,1.1528,4,True
84400,John Byner,0.1516,5,True
954444,Lindsay Rich,0.0286,1,True
84112,Brandon Call,0.7219,5,True
218750,Gregory Levinson,0.0168,1,True
140796,Eda Reiss Merin,0.1153,1,True
156703,Adele Malis-Morey,0.3065,1,True
112821,Billie Hayes,0.0596,7,True
35132,Peter Renaday,0.2663,4,True
165584,James Almanzar,0.2138,1,True
61373,Cory Edwards,0.3137,5,True
77089,Ken Marino,0.8166,6,True
2302956,Joshua J. Greene,0.0416,1,True
67838,Marianne Hagan,0.1967,5,True
15655,Kim Darby,0.4616,6,True
1234009,Bradford English,0.2144,1,True
139343,Keith Bogart,0.174,4,True
133456,Mariah O'Brien,0.2684,5,True
97719,Leo Geter,0.9356,1,True
1219397,J.C. Brandy,0.1379,1,True
1109673,Devin Gardner,0.0286,1,True
182515,Susan Swift,0.5083,1,True
1762900,Janice Knickrehm,0.175,1,True
1805173,Alan Echeverria,0.0617,1,True
3214432,Hildur Ruriks,0.0362,1,True
67817,Alexander Pollock,0.3032,1,True
81662,Richard Steven Horvitz,0.3665,5,True
168649,Tom Brennan,0.1243,1,True
89461,J.J. Johnston,0.1324,1,True
118132,Sam Coppola,0.2978,1,True
165458,Justine Johnston,0.0643,1,True
2159971,Christine Farrell,0.0774,1,True
157176,Mary Joy,0.7951,5,True
65508,James Olson,0.4322,4,True
24967,Alyssa Milano,1.4641,9,True
1183969,Sharon Wyatt,0.5369,5,True
105089,Michael Delano,0.3155,5,True
156869,Bob Minor,0.4506,5,True
98137,Lenny Juliano,0.3815,5,True
1794752,Charles Meshack,0.1926,5,True
49148,Calista Flockhart,0.8139,8,True
734028,Kirby Mitchell,0.3015,1,True
193457,Luca Tommassini,0.0945,1,True
116154,Luis Camacho,0.0613,1,True
2008753,Andre Fuentes,0.0582,1,True
59154,Tamala Jones,0.6684,6,True
1088201,Billy 'Sly' Williams,0.9083,5,True
75323,Brandon de Paul,0.1746,5,True
1219226,Matthew Glave,0.7181,5,True
15276,Angela Featherstone,0.3736,5,True
19578,Alexis Arquette,0.3409,6,True
170306,Jodi Thelen,0.3211,5,True
1251368,Patrick McTavish,0.1739,1,True
67761,Ruth Nelson,0.2024,4,True
32394,Anne Meara,0.4253,6,True
77135,Dexter Gordon,0.0998,4,True
20163,Richard Libertini,0.3778,5,True
171425,Laura Esterman,0.2171,1,True
142635,Blake Woodruff,0.384,5,True
148617,Brent Kinsman,0.278,5,True
148618,Shane Kinsman,0.1956,5,True
59449,Paula Marshall,0.7357,5,True
35554,Steven Anthony Lawrence,0.8782,5,True
67787,Karen Lynn Gorney,0.3785,5,True
62014,Barry Miller,0.579,6,True
67788,Joseph Cali,0.1138,5,True
174563,Paul Pape,0.2972,1,True
1216751,Donna Pescow,0.5602,5,True
119054,Martin Shakar,0.3542,5,True
951077,Nina Hansen,0.0935,1,True
1191736,Lisa Peluso,0.0715,1,True
1161044,Bert Michaels,0.1194,1,True
33492,Robert Costanzo,0.5606,6,True
1191737,Robert Weil,0.4125,5,True
952664,Michael Maccarone,0.1054,1,True
974420,Jonathan Hilario,0.147,1,True
155845,Mariangela Pino,0.1259,5,True
2266,Stephi Lineburg,0.6771,5,True
60957,Reggie Jackson,0.2998,9,True
33163,Claudia Schiffer,0.347,9,True
188694,Mark Beltzman,0.2044,1,True
77226,Theresa Merritt,0.1757,5,True
44155,Hrant Alianak,0.1263,1,True
185154,Vincent Marino,0.0281,1,True
1073822,Christopher Kelk,0.0239,1,True
2987552,Keith Cole,0.0071,1,True
2987553,Chris Mei,0.0,1,True
123306,Vernon Chapman,1.2954,1,True
55493,Brady Corbet,0.5926,6,True
67599,Vanessa Hudgens,1.0085,9,True
1212913,Cynthia Ettinger,0.4364,1,True
1385661,Ulysses Estrada,0.0694,1,True
1385662,Sarah Blakley-Cartwright,0.9077,5,True
1385663,Jenicka Carey,0.0404,1,True
1385664,Jasmine Di Angelo,0.0498,1,True
1227095,Tessa Ludwick,0.0736,1,True
1385665,Cece Tsou,0.2013,1,True
154551,Jamison Yang,0.2264,1,True
1212818,Pat O'Brien,0.0441,1,True
1507621,Bill Meilen,0.058,1,True
58902,Zahf Paroo,0.2133,1,True
83424,Peter New,0.22,5,True
1180002,Morgan Brayton,0.1196,5,True
89545,Lisa Ann Beley,2.4088,5,True
1081841,Ken Baker,0.0535,1,True
949125,Susanna Clemm,0.4763,1,True
156453,Brandon Maggart,0.233,1,True
1081842,Amalie Collier,0.0071,1,True
51791,Mary Davenport,0.1355,1,True
99845,Anneka Di Lorenzo,0.4294,5,True
1081843,Norman Evans,0.0362,1,True
1081844,Robbie L. McDermott,0.0143,1,True
3263933,Sean O'Rinn,0.0071,1,True
102719,Ed Grady,0.2525,1,True
24199,Jennifer Echols,0.1931,5,True
1215021,Cullen Moss,0.4112,5,True
174093,Thunderbird Dinwiddie,0.5662,1,True
107404,James Middleton,0.1363,1,True
67913,Henry Simmons,0.3189,6,True
71198,Christian Kane,0.7123,6,True
73753,Ana Cristina Oliveira,0.2952,1,True
1538414,Ingrid Vandebosch,0.0362,1,True
1533813,Magali Amadei,0.193,5,True
151432,Boris McGiver,0.5838,6,True
94432,Adrian Martinez,0.4921,5,True
1217553,Joe Lisi,0.1097,1,True
1456300,Bryna Weiss,0.0503,1,True
67937,Paul Greco,0.3963,1,True
6394,John Lurie,0.3788,6,True
68091,Cleavon Little,0.4704,7,True
14253,Slim Pickens,0.7012,7,True
133952,Burton Gilliam,0.3603,6,True
73234,Alex Karras,0.3495,6,True
9597,George Furth,0.2072,5,True
80626,Carol Arthur,0.2276,5,True
151849,Richard Collier,0.149,1,True
981005,Charles McGregor,0.8597,5,True
42743,Mari Morrow,0.2676,5,True
1781865,Gerry Del Sol,0.0914,1,True
7037,Jean-Hugues Anglade,0.5207,5,True
132825,André Lacoste,0.0582,1,True
548026,Billy Two Rivers,2.3588,1,True
1033722,Richard Lemire,0.0672,1,True
545079,Julien Poulin,0.196,1,True
1879614,Brigitte Bedard,0.0256,1,True
68000,Colleen Haskell,0.3836,6,True
75889,Michael Caton,0.2483,4,True
3218,Louis Lombardi,0.5447,6,True
193939,Bob Rubin,0.048,1,True
1465493,Pilar Schneider,0.6379,1,True
165214,Raymond Ma,0.135,1,True
94149,Ron Roggé,0.2984,5,True
1497311,Holly Maples,0.1396,1,True
1224522,Henriette Mantel,0.1483,5,True
2672911,Jeremy Kramer,0.0698,1,True
1789205,Molly Grant Kallins,0.0281,1,True
1214238,David Chandler,0.7636,1,True
3292022,Stewart Summers,0.0214,1,True
3292023,Jake Dylan Baumer,0.0071,1,True
2617,Cara Seymour,0.7753,5,True
2612,Mosa Kaiser,0.3008,1,True
2600,Mathabo Pieterson,0.0357,1,True
2599,Ofentse Modiselle,0.0441,1,True
1821650,Xolani Mali,0.0621,1,True
1821664,Rosie Motene,0.0261,1,True
1567414,Neil McCarthy,0.0659,1,True
2692,Robert Sean Leonard,1.9254,8,True
2694,Josh Charles,1.1637,7,True
2693,Gale Hansen,1.2455,5,True
2695,Dylan Kussman,0.5996,4,True
2696,Allelon Ruggiero,0.7836,4,True
2697,James Waterston,0.6268,4,True
2698,Norman Lloyd,0.4844,5,True
2699,Carla Belver,0.2474,1,True
2700,Leon Pownall,0.6278,4,True
2701,George Martin,0.1766,4,True
2444534,Joe Aufiery,0.1528,1,True
2444541,Matt Carey,0.0143,1,True
25711,Kevin Cooney,0.2952,4,True
6684,Lara Flynn Boyle,1.2225,8,True
2677,Bahar Soomekh,0.36,4,True
2680,Donnie Wahlberg,0.8752,7,True
59713,Mpho Koaho,0.2412,4,True
43429,Barry Flatman,0.3375,4,True
2687,Lyriq Bent,0.2439,4,True
139631,J. LaRose,0.2328,1,True
197341,Debra McCabe,0.2394,1,True
36055,Costas Mandylor,0.8426,4,True
22434,Betsy Russell,0.3959,5,True
1238088,Jane Luk,0.9064,1,True
2355421,Stefan Georgiou,0.0261,1,True
186491,Christopher Marren,1.3187,1,True
2681,Erik Knudsen,1.295,4,True
2682,Franky G,0.4218,4,True
2683,Glenn Plummer,0.6582,4,True
2684,Emmanuelle Vaugier,1.7303,5,True
2685,Beverley Mitchell,0.3863,4,True
33668,Noam Jenkins,0.2476,4,True
2686,Timothy Burd,0.5011,1,True
76528,Tony Nappo,0.4242,4,True
76529,Kelly Jones,0.1216,1,True
1632655,Linette Doherty,0.0646,1,True
10959,Shia LaBeouf,2.6422,10,True
5538,Ray Winstone,1.3576,8,True
5049,John Hurt,2.2922,10,True
388,Jim Broadbent,1.6483,9,True
52761,Igor Jijikine,0.6092,4,True
173269,Dimitri Diatchenko,0.3735,4,True
109667,Ilia Volok,0.3802,4,True
1133682,Emmanuel Todorov,0.0825,1,True
52762,Pasha D. Lychnikoff,0.7725,4,True
36218,Andrew Divoff,0.7849,4,True
1427626,Venya Manzyuk,0.0297,1,True
155978,Joel Stoffer,0.1757,1,True
2712,Michael Biehn,0.8517,8,True
2713,Linda Hamilton,1.3377,10,True
2714,Lance Henriksen,1.3019,8,True
2717,Rick Rossovich,0.4845,4,True
2715,Bess Motta,0.1427,1,True
2716,Earl Boen,0.5161,4,True
102441,Dick Miller,0.3796,4,True
35710,Franco Columbu,0.4481,4,True
100626,Brad Rearden,0.2169,1,True
2719,Brian Thompson,0.946,4,True
2458619,Chino 'Fats' Williams,1.0812,1,True
2838,Chloë Sevigny,1.527,9,True
2839,Brendan Sexton III,0.8352,4,True
78788,Alicia Goranson,0.1542,4,True
2841,Alison Folland,0.3812,4,True
2842,Jeannetta Arnette,0.5363,4,True
2844,Matt McGrath,0.078,4,True
2845,Cheyenne Rushing,0.3687,1,True
2846,Robert Prentiss,0.0647,1,True
4651894,Craig Erickson,0.0806,1,True
2849,Stephanie Sechrist,0.0168,1,True
2850,Jerry Haynes,0.1336,1,True
2851,Lou Perryman,0.1668,1,True
2878,C. Thomas Howell,1.5002,7,True
2876,Matt Dillon,1.6863,8,True
2877,Ralph Macchio,1.3329,8,True
2879,Rob Lowe,1.2501,8,True
2880,Emilio Estevez,1.3938,8,True
2882,Diane Lane,2.0281,9,True
2883,Leif Garrett,0.3161,5,True
2884,Darren Dalton,0.2492,1,True
2885,Michelle Meyrink,1.1495,4,True
2887,Tom Waits,0.8126,8,True
2886,Gailard Sartain,0.4047,4,True
98102,William Smith,1.7861,5,True
200406,Tom Hillmann,0.0941,1,True
2954,Jeffrey Wright,1.3938,9,True
2956,Amanda Peet,1.885,8,True
2957,Alexander Siddig,0.8639,5,True
2959,Kayvan Novak,0.8665,4,True
2960,Amr Waked,1.0115,4,True
2962,Robert Foxworth,0.8106,4,True
2964,Nicky Henson,0.3278,4,True
2965,Nicholas Art,0.4164,4,True
2966,Steven Hinkle,0.1574,1,True
155173,James McCaffrey,0.3289,6,True
68287,Callum Blue,0.6652,6,True
95469,Shannon Wilcox,0.1138,1,True
155403,Paul Vogt,0.1999,1,True
11023,Shawn Ashmore,2.0037,8,True
4878608,Balder Moreno,0.0071,1,True
228422,Dimitri Baveas,0.0839,1,True
2672319,Patricio Almeida Rodriguez,0.0168,1,True
4878609,Mario Jurado,0.0071,1,True
162339,Luis Antonio Ramos,0.2272,6,True
963117,Bar Paly,0.9123,6,True
1394429,Jordan Patrick Smith,0.6328,5,True
59065,Karen Strassman,0.2186,4,True
70089,Imogene Coca,0.2009,6,True
1217003,Dana Barron,0.6161,6,True
408,James Keach,0.5899,6,True
942808,Christie Brinkley,0.2411,9,True
92557,"John P. Navin, Jr.",0.2725,1,True
68379,Daniel Shalikar,0.106,1,True
68380,Joshua Shalikar,0.1281,1,True
78439,John Shea,0.4108,6,True
58490,Leslie Neale,0.0742,1,True
11806,Julia Sweeney,0.6423,7,True
1212058,Linda Carlson,0.0752,5,True
95201,Lisa Mende,0.1609,6,True
105831,Toni Trucks,0.3883,1,True
58754,Haley Bennett,1.9927,7,True
207915,Brooke Tansley,0.0416,1,True
1077877,Dan McMillan,0.0286,1,True
225629,Daniel Stewart Sherman,0.1679,5,True
155209,Matthew Morrison,0.4214,8,True
18891,Joan Severance,0.7558,6,True
1217685,Alexandra Neil,0.1108,1,True
170906,Tonya Pinkins,0.457,6,True
52307,Mary Kay Adams,0.5525,1,True
939792,Kirsten Childs,0.0362,1,True
164416,Hardy Rawls,0.1713,5,True
77100,Audrie Neenan,0.3745,5,True
171242,George Bartenieff,0.0668,1,True
39113,Christine Elise,0.9878,6,True
26283,Gerrit Graham,0.3671,6,True
152647,Peter Haskell,0.1625,4,True
66194,Raymond Singer,0.2177,1,True
163578,Stuart Mabray,0.0286,1,True
13423,Matt Roe,0.1008,1,True
157618,Don Pugsley,0.2601,1,True
2292862,Ed Krieger,0.0416,1,True
112153,Vince Melocchi,0.0568,1,True
68494,Justin Whalin,0.5768,6,True
68496,Jeremy Sylvers,0.2156,1,True
68497,Dean Jacobson,0.157,5,True
109761,Burke Byrnes,0.2903,5,True
1681930,Donna Eskra,0.6221,1,True
134340,Edan Gross,0.4245,5,True
1212458,Terry Wills,0.0672,1,True
1729762,Richard Marion,0.0806,1,True
174912,Laura Owens,0.0389,1,True
1223903,Dominic Janes,0.2569,5,True
172169,Jason Sklar,0.1612,6,True
172170,Randy Sklar,0.1613,6,True
573991,Stephanie Skewes,1.2482,1,True
862,George C. Scott,0.8672,9,True
40551,Stephen Young,0.2247,1,True
13733,Frank Latimore,0.7801,4,True
32021,Karl Michael Vogler,0.1226,1,True
9857,Karl Malden,0.5625,8,True
15650,Michael Strong,0.1984,5,True
12431,Carey Loftin,0.3054,5,True
15625,Lawrence Dobkin,0.3344,5,True
1089965,Albert Dumortier,0.0409,1,True
198025,Pat Zurica,0.0509,5,True
3342,James Edwards,0.1007,5,True
93949,David Bauer,0.1376,1,True
558445,John Barrie,0.6203,1,True
18964,Richard Münch,1.0314,1,True
2192822,Adam Robert Worton,0.7497,1,True
2192823,Jacob Joseph Worton,0.1655,1,True
2441965,Brigid Duffy,0.0892,1,True
2748447,Guy Hadley,0.0708,1,True
2748450,Kenneth L. Jordahl,0.0239,1,True
2748451,Raymond Henderson,0.0143,1,True
2748453,Jim Foley,0.0297,1,True
29545,Claire Bloom,0.4351,7,True
137161,Colin Fox,0.2042,4,True
1213343,Trina McGee,0.1623,5,True
112150,Michael Cavalieri,0.6417,1,True
156196,Jim Ishida,0.1002,5,True
129463,Rodney Kageyama,0.0657,1,True
1382045,Seth Sakai,0.212,1,True
1568433,Eugene Boles,0.0143,1,True
1568434,Keena Keel,0.0143,1,True
30067,Thomas Downey,0.8104,5,True
1109399,Brian McGrail,0.0261,1,True
129996,Paxton Whitehead,0.2006,5,True
8978,Spalding Gray,0.1102,6,True
159869,Matthew Sussman,0.0748,5,True
164194,Stephanie Sanditz,0.1742,5,True
205583,Stan Tracy,0.0454,1,True
61852,Nicholas Gonzalez,1.0219,6,True
81172,Nicholas Hope,0.2556,4,True
186939,Peter Curtin,0.1066,1,True
4270780,Aireti,0.0429,1,True
4270779,Andre Tandjung,0.0679,1,True
84613,Madeline Zima,1.9028,7,True
1722548,Andrea Avery,0.1726,1,True
80582,Brad Bufanda,0.0823,3,True
81391,J. D. Pardo,1.142,5,True
54799,Redman,0.15,7,True
35865,Hannah Spearritt,0.1877,6,True
143508,Keith-Lee Castle,0.3266,3,True
1087217,Steve West,0.0784,1,True
1244404,Stephanie Chambers,0.0297,1,True
1845920,Simon James Morgan,0.0214,1,True
2808147,Betty Denville,0.0621,1,True
1833905,Rebecca Santos,0.0214,1,True
52139,Seth MacFarlane,1.6971,10,True
10843,Luke Goss,0.6312,5,True
221553,Anna Walton,0.9917,6,True
1050937,James Dodd,0.3852,1,True
2005183,Andrew Hefler,0.114,1,True
145812,Iván Kamarás,0.1366,1,True
1720669,Mike Kelly,0.0643,1,True
4973,Cyril Cusack,0.4134,3,True
1231390,Eileen Pollock,0.1549,1,True
938160,Douglas Gillison,0.0214,1,True
52145,Wayne Grace,0.1925,3,True
140230,Niall Tóibín,0.1774,3,True
26094,Barry McGovern,0.34,3,True
32656,Gary Lee Davis,0.1641,3,True
125663,Aedin Moloney,1.0133,3,True
68837,Austyn Myers,0.0541,1,True
177144,Adam Tomei,0.3541,3,True
54728,Brian Huskey,0.3129,3,True
67017,Shawn Christian,0.2702,5,True
151423,Pamela Susan Shoop,0.8576,3,True
119855,Hunter von Leer,0.1627,3,True
67524,Leo Rossi,0.3641,3,True
92587,Gloria Gifford,0.1098,3,True
162733,Tawny Moyer,0.1581,1,True
109622,Ana Alicia,0.2344,3,True
83812,Ford Rainey,0.2338,3,True
74831,John Zenda,0.1446,1,True
161823,Pamela McMyler,1.0865,3,True
21124,Paula Garcés,0.8665,5,True
64622,Kate Kelton,0.7252,3,True
42297,Brooke D'Orsay,0.8683,5,True
1232958,Siu Ta,0.0502,1,True
10867,Steve Braun,0.3003,3,True
44176,Dov Tiefenbach,0.355,3,True
2230442,Jennifer Rae Daykin,0.1238,1,True
89827,Raphaël Coleman,0.1316,1,True
150544,Samuel Honywood,0.2835,1,True
2221063,Holly Gibbs,0.1764,1,True
2230443,Hebe Barnes,0.1643,1,True
2230444,Zinnia Barnes,0.044,1,True
68848,Lisa Zane,0.3429,5,True
68849,Shon Greenblatt,0.6168,3,True
68850,Lezlie Deane,0.1566,3,True
553765,Cassandra Rachel Friel,0.0286,1,True
166609,Lindsey Fields,0.0739,1,True
74036,Tom Arnold,0.8373,8,True
105708,David Dunard,0.2339,1,True
1164530,Wendy J. Cooke,0.1064,1,True
3125,Madonna,0.8536,10,False
138240,Bitty Schram,0.768,6,True
25023,Anne Ramsay,0.8162,5,True
1077313,Freddie Simpson,0.2454,1,True
138241,Renée Coleman,0.0737,3,True
1077314,Robin Knight,0.0143,1,True
156025,Patti Pelton,0.07,3,True
163825,Kelli Simpkins,0.0991,1,True
1077315,Neezer Tarleton,0.0357,1,True
235547,Connor Cruise,0.0697,6,True
156818,Gina Hecht,0.4371,3,True
1043304,Andy Milder,0.5088,3,True
77033,Judyann Elder,0.0791,3,True
74929,Madison Pettis,1.5474,6,True
81682,Bojana Novaković,1.0261,5,True
51792,Rory Cochrane,0.9449,5,True
155961,John Michael Bolger,0.104,3,True
82042,Don Frye,0.2772,6,True
61510,Christopher Denham,0.3916,3,True
177898,Nellie Sciutto,0.5144,3,True
69010,Brad Davis,0.4896,3,True
69011,Irene Miracle,0.4681,3,True
4819,Paolo Bonacelli,0.3453,3,True
50762,Mike Kellin,0.2191,3,True
100937,Franco Diogene,1.5068,3,True
32315,Gigi Ballista,0.1541,1,True
82549,Peter Jeffrey,0.3768,3,True
2403993,Joe Zammit Cordina,0.0897,1,True
2021229,Yashaw Adem,0.5782,1,True
52374,Bruce Davison,0.7365,5,True
89040,Ed Nelson,1.0408,5,True
69054,Brooke Adams,0.9639,5,True
14503,Herbert Lom,0.6206,6,True
252,Sean Sullivan,0.1439,1,True
61185,Jackie Burroughs,0.2835,3,True
243939,Roberta Weiss,0.2022,1,True
3274238,Simon Craig,0.0379,1,True
3274239,Julie-Ann Heathwood,0.0,1,True
69120,Eric Nenninger,0.6287,3,True
63465,Marieh Delfino,0.7055,4,True
96793,Al Santos,0.2115,3,True
46927,Josh Hammond,0.2261,3,True
33052,Luke Edwards,0.3915,3,True
69119,Garikayi Mutambirwa,0.1686,3,True
1219497,Thom Gossom Jr.,0.2911,3,True
134450,Billy Aaron Brown,0.2193,3,True
1340628,Kasan Butcher,0.0945,1,True
1225512,Shaun Fleming,0.2034,3,True
157847,Cress Williams,0.7653,7,True
79649,Sarah DeVincentis,0.0865,1,True
149770,Armand Reiser,0.0816,1,True
62589,Ellie Cornell,0.2966,3,True
42308,Beau Starr,0.4552,4,True
69130,Kathleen Kinmont,0.7361,3,True
58000,Sasha Jenson,0.3544,3,True
9295,Gene Ross,0.3665,3,True
84606,Raymond O'Connor,0.1213,3,True
146337,Jeff Olson,0.1041,1,True
1107034,Karen Alston,0.0448,1,True
1107162,Nancy Borgenicht,0.0841,1,True
4976330,Rand Kennedy,0.0168,1,True
104040,Andrew Tarbet,0.2522,3,True
80829,John Stewart,0.0842,3,True
91404,Eric Breker,0.2435,3,True
77164,Ryan Robbins,0.8904,5,True
63566,Michael Adamthwaite,0.315,3,True
71189,Cobie Smulders,2.7114,9,True
1131201,Wendy Foxworth,0.8644,1,True
33299,Don Shanks,0.2557,3,True
1762957,Jeffrey Landman,0.4996,3,True
1414791,Tamara Glynn,0.2714,3,True
161408,Betty Carvalho,0.3937,1,True
1762965,Frankie Como,0.0698,1,True
160374,David Ursin,0.3281,1,True
157616,Harper Roisman,0.4234,3,True
1107848,Max Robinson,0.1409,1,True
52776,Dagmara Dominczyk,0.8256,5,True
136152,JB Blanc,0.4596,4,True
2630559,Katherine Holme,0.0261,1,True
1186012,Barry Cassin,1.2829,3,True
543212,Martin Drainville,0.1469,3,True
41746,Serge Houde,0.2451,3,True
125837,Jean-René Ouellet,0.045,3,True
146092,Claude Despins,0.0593,1,True
173835,Richard Waugh,0.2821,3,True
7013,Mark Camacho,0.404,4,True
239960,Marie-Josée Colburn,0.1478,3,True
3000960,Gavin Svensson,0.0071,1,True
1696124,Thinh Truong Nguyen,0.0398,1,True
141801,Paige Tamada,0.6608,3,True
2441648,Melissa King,0.0441,1,True
2441649,Bradley Wentworth,0.0214,1,True
2332261,Azura Bates,0.0468,1,True
2441650,Joshua Satok,0.0398,1,True
33152,Zachary McLemore,0.1203,3,True
69210,Chyler Leigh,1.0105,7,True
56824,Jaime Pressly,1.9713,8,True
37005,Eric Jungmann,0.5081,3,True
77174,Ron Lester,0.1624,3,True
154038,Cody McMains,0.2721,3,True
99206,JoAnna Garcia Swisher,0.595,5,True
52365,Cerina Vincent,0.7018,4,True
154647,Michael Greyeyes,0.3979,4,True
1451506,Kalani Queypo,0.1195,3,True
21520,Sam Wanamaker,0.2174,4,True
1062160,Mark Pillow,0.0575,1,True
1458949,Damian McLawhorn,0.0071,1,True
27823,Stanley Lebor,0.1609,1,True
251,Robert Beatty,0.2775,3,True
25530,Bradley Lavelle,0.1678,3,True
37252,Yvonne Zima,0.708,5,True
126471,Tom Amandes,0.6161,4,True
141458,Joseph McKenna,0.2471,3,True
25972,Melina Kanakaredes,0.9615,6,True
141459,Dan Warry-Smith,0.0786,3,True
141460,Kristen Bone,0.2361,3,True
141461,Jennifer Pisana,0.3454,3,True
40008,Ray McAnally,0.227,3,True
1010556,Bercelio Moya,0.0772,1,True
1151687,Sigifredo Ismare,0.0286,1,True
1151688,Daniel Berrigan,0.284,1,True
1256431,Carlos Duplat Sanjuan,0.0983,1,True
4010099,Rolf Gray,0.0256,1,True
4010100,Tony Lawn,0.0,1,True
8983,Monirak Sisowath,0.0261,1,True
113360,Tim Preece,0.1949,3,True
26706,David Rintoul,0.3595,3,True
113361,Anna Botting,0.1207,3,True
2162788,Yvonne Tomlinson,0.0071,1,True
902,Milton Welsh,0.211,3,True
51798,Katee Sackhoff,1.7846,7,True
159336,Daisy McCrackin,0.1912,3,True
7002,Luke Kirby,0.6828,4,True
177219,Billy Kay,0.1587,3,True
1672921,Gus Lynch,0.0239,1,True
80348,Lorena Gale,0.2075,3,True
175719,Marisa Rudiak,0.0352,1,True
65811,Brent Chapman,0.4247,3,True
59233,Scoot McNairy,1.1183,5,True
22124,Jill Ritchie,0.3505,3,True
173756,E.E. Bell,0.2334,3,True
200145,Peter Pasco,0.1126,3,True
157193,Mario Larraza,0.0214,1,True
58513,Patrick Cranshaw,0.2722,3,True
63234,Wendi McLendon-Covey,0.9167,6,True
155801,Teck Holmes,0.495,3,True
203511,Daniel Cosgrove,0.4809,4,True
1233672,Emily Rutherfurd,0.2396,3,True
102209,Erik Estrada,0.6298,8,True
69507,Dee Jay Daniels,0.2291,3,True
69508,Kelly Vitz,0.6304,3,True
1227102,Loren Berman,0.0643,1,True
85139,Nicholas Braun,0.9112,6,True
1568595,Malika,0.1772,3,True
1234262,Khadijah Haqq McCray,0.0839,1,True
71725,Jake Sandvig,0.1648,3,True
58792,Jack Scalia,0.5252,4,True
74573,Robert Pine,0.7674,4,True
1774125,Terry Press,0.0505,1,True
42186,Laura Johnson,1.1461,3,True
59219,Kyle Gallner,1.0092,5,True
34979,Loren Lester,0.1226,4,True
1225809,Monica McSwain,0.5265,1,True
1535298,Jeannette Weegar,0.6654,1,True
71824,Erik Jensen,0.2039,3,True
94627,Isabell O'Connor,0.2016,1,True
1614360,John Cronin,0.2319,1,True
3728823,Mark Evans,0.0168,1,True
183099,Kevin Stillwell,0.0687,1,True
174256,Dikran Tulaine,0.2974,3,True
166495,Jeff Geddis,0.1068,3,True
69574,Lexa Doig,0.7651,5,True
180916,Markus Parilo,0.1613,1,True
69576,Lisa Ryder,0.5388,4,True
69575,Chuck Campbell,0.1316,3,True
85926,Melyssa Ade,0.7701,1,True
1242878,Barna Moricz,0.1284,3,True
1233050,Dylan Bierk,0.4896,3,True
124350,Melody Johnson,0.5842,1,True
36409,Michael Beck,0.3987,4,True
69564,Dorsey Wright,0.3939,3,True
1058172,David Harris,0.168,1,True
77256,Deborah Van Valkenburgh,0.535,4,True
1080553,Brian Tyler,0.0598,3,True
1658017,Tom McKitterick,0.1059,1,True
1132251,Marcelino Sánchez,0.1619,3,True
1655498,Roger Hill,0.2138,3,True
55271,Steve James,0.5669,3,True
1658018,Terry Michos,0.0214,1,True
152408,John Snyder,0.4051,3,True
69604,Melba Moore,0.2157,5,True
1211888,Charles Nelson Reilly,0.2546,6,True
1063136,Nigel Pegram,0.0748,3,True
34735,Loni Anderson,0.7757,7,True
1024536,Daryl Gilley,0.0468,1,True
2078787,Rob Fuller,0.0264,1,True
975564,Anna Manahan,0.0991,3,True
217091,Candy Devine,0.0214,1,True
104450,Earleen Carey,0.0423,1,True
1080066,Jay Stevens,0.0327,1,True
125026,Patty McCormack,0.5434,5,True
19740,Kate Vernon,1.8298,5,True
558311,Alexa Kenin,0.2136,3,True
141046,Emily Longstreth,0.5601,3,True
57906,Andrew Dice Clay,0.4452,7,True
3459619,Jamie Anders,0.1381,1,True
31431,Nigel Terry,0.5446,4,True
31196,Nicholas Clay,0.345,4,True
69735,Paul Geoffrey,0.47,3,True
78525,Robert Addie,0.2252,3,True
104757,Keith Buckley,0.6123,3,True
38402,Katrine Boorman,0.3123,3,True
104758,Niall O'Brien,0.1539,3,True
33108,Clive Swift,0.4122,4,True
69738,Mike Vitar,0.489,3,True
69740,Patrick Renna,0.6323,4,True
1644293,Marty York,0.1598,1,True
148638,Brandon Quintin Adams,0.5242,4,True
23711,Grant Gelt,0.3692,3,True
93682,Shane Obedzinski,0.1753,1,True
939799,Victor DiMattia,0.5044,3,True
141457,Herb Muller,0.0758,1,True
144160,Sean Bridgers,0.4105,4,True
2200063,Fleet Cooper,0.0143,1,True
58319,Jason Scott Lee,0.7228,6,True
1086504,Emily Anderson,0.0281,1,True
3766536,Bill Asing,0.0071,1,True
1372790,Erica Beck,0.1311,1,True
239981,Sara Tanaka,0.1756,3,True
71770,Stephen McCole,0.2861,3,True
2086041,Dipak Pallana,0.0379,1,True
2086043,Ronnie McCawley,0.0071,1,True
2086045,Keith McCawley,0.0071,1,True
2086048,Hae Joon Lee,0.0071,1,True
2086049,Adebayo Asabi,0.0143,1,True
69807,Rider Strong,0.3541,7,True
3501986,Julie Childress,0.084,1,True
145558,Jessica Elder,0.5412,3,True
2519425,Darcy Martin,0.3182,2,True
1495751,Heather Simmons,0.0256,1,True
84763,Joey Kern,0.2717,2,True
159109,Richard Fullerton,0.1474,2,True
951120,Robert Harris,0.0629,1,True
65171,Tim Parati,0.1661,2,True
1348583,Matthew Helms,0.0143,1,True
12950,George Kennedy,1.0741,6,True
84457,Marisol Nichols,0.7679,4,True
69899,Zachary Levi,1.129,6,True
1204432,Jeanene Fox,0.1078,2,True
80759,Lisa Arrindell,0.4385,3,True
231267,Bryan James Kitto,0.0453,1,True
166594,David Newsom,0.2318,2,True
12547,Tracy Middendorf,0.4836,3,True
1212018,Fran Bennett,0.172,2,True
161731,JF Davis,0.1111,2,True
553773,Cully Fredricksen,0.0863,1,True
92568,Sam Rubin,0.0678,1,True
49824,Kathryn Erbe,0.7691,4,True
69979,Zachary David Cope,0.082,1,True
119521,Conor O'Farrell,0.204,2,True
55546,Liza Weil,1.4053,5,True
1060579,Stephen Eugene Walker,0.0871,1,True
191611,Mary Kay Cook,0.0286,1,True
946311,Larry Neumann Jr.,0.1786,2,True
1483237,Richard Cotovsky,0.0511,1,True
214755,Steve Rifkin,0.0398,1,True
4761868,Chalon Williams,0.0538,1,True
4154512,George Ivey,0.0071,1,True
583836,Lee Ritchey,0.0429,1,True
98307,Brandy Little,0.1492,2,True
977061,Jesse De Luna,0.0613,1,True
974854,Vernon Grote,0.0673,1,True
1241931,Larissa Wolcott,0.0214,1,True
109525,Sean Hennigan,0.0596,1,True
101172,Michael Cavanaugh,0.2116,2,True
71659,Charles Gunning,0.0757,1,True
552094,Saul Priever,0.0261,1,True
176436,Hadley Eure,0.0526,1,True
552095,Kadina de Elejalde,0.0214,1,True
215823,Shane Richie,0.2814,2,True
1075046,Rachel Rawlinson,0.0569,1,True
58893,Susan Duerden,0.1844,2,True
206393,Miles Richardson,0.1376,2,True
1075047,John Motson,0.078,1,True
1832958,Roger Blake,0.4385,3,True
1226231,Deborah Kellner,0.586,3,True
1178622,Cynthia Mace,0.1554,2,True
172734,Don Yesso,0.4117,3,True
1781543,Carmen More,0.2189,2,True
174600,Dale Raoul,0.2395,2,True
3884688,Hayden Tank,0.0071,1,True
2516498,Ryan Sparks,0.0725,1,True
40043,Niall Buggy,0.2081,2,True
1237617,Chris Jarvis,0.2072,2,True
1240058,Ashley Lilley,0.0546,1,True
127000,Rachel McDowall,0.143,2,True
58970,Juan Pablo Di Pace,0.3722,3,True
71073,Enzo Squillino Jr.,0.0995,1,True
1231600,Ricardo Montez,0.2649,2,True
1398378,Heather Emmanuel,1.8368,5,True
1497913,Taylor James,1.2569,4,True
15050,Leah Remini,0.7798,5,True
60951,Craig Kilborn,0.1005,3,True
51935,Patrick J. Adams,1.1844,5,True
64066,Philip Bolden,0.5352,3,True
60601,Viv Leacock,0.3336,3,True
1224874,Sean Millington,0.1233,2,True
1235562,David MacKay,0.4261,3,True
61167,Frank C. Turner,0.4935,3,True
1770250,Shiraine Haas,1.5528,4,True
1228891,Louise Gold,0.3008,2,True
1696852,Brian Meehl,0.0457,1,True
202729,Stephen Garlick,0.1499,2,True
174420,Lisa Maxwell,0.1586,2,True
193526,Percy Edwards,0.0448,1,True
1236812,Bob Payne,0.0388,1,True
73513,Peter Boyden,0.9459,4,True
73515,John Aquino,0.0628,1,True
174653,Roger Wilson,0.0893,1,True
1117284,Missy Cleveland,0.0445,1,True
73514,Curt May,0.0239,1,True
197399,Lori-Nan Engler,0.1012,1,True
1344729,Barbara Sigel,0.0311,1,True
1345867,David De Felice,0.0071,1,True
1209900,Roberto Lombardi,0.1001,1,True
41565,Nate Torrence,0.495,3,True
71078,David S. Lee,0.4518,3,True
119154,Dalip Singh,0.3782,3,True
83769,Robert Mammone,0.2782,2,True
165312,Gregg Rainwater,0.2258,2,True
1186988,Kenya Sawada,0.4739,3,True
84757,Peter Navy Tuiasosopo,0.2396,2,True
45222,Joe Bugner,1.7473,4,True
150109,Branden Williams,0.8434,4,True
78494,Beau Billingslea,0.1984,2,True
150113,Larisa Miller,0.0825,1,True
150114,Emmalee Thompson,0.0718,1,True
1762989,Jody Wood,0.1393,1,True
21368,Peter Strauss,0.8909,6,True
1191451,John Gleeson Connolly,0.0762,1,True
171898,Ramon De Ocampo,0.2124,1,True
169670,Barry Sigismondi,0.3252,1,True
84120,J. Anthony Brown,0.0517,1,True
1568932,Bruce Bruce,0.2138,1,True
93929,David Rountree,0.1287,1,True
173739,Ned Schmidtke,0.0873,1,True
61660,Eugene Clark,0.3618,1,True
99181,Joanne Boland,0.3263,1,True
99182,Jennifer Baxter,0.2161,1,True
43257,Krista Bridges,0.6248,3,True
99183,Alan van Sprang,0.6364,3,True
70254,Donald Gibb,0.9564,5,True
114809,Leah Ayres,0.4678,2,True
2623854,Pierre Rafini,0.1135,1,True
2623857,Kimo Lai Kwok Ki,0.0338,1,True
2623858,Bill Yuen Ping Kuen,0.0071,1,True
2623859,Shun-Yin Leung,0.0261,1,True
2623860,Joshua Schroder,0.0143,1,True
1269956,John Cheung Ng-Long,0.8792,3,True
140088,Jahangir Ghaffari,1.3102,4,True
77278,Denzel Whitaker,0.3007,4,True
74242,Shea Whigham,2.01,7,True
930994,Lucius Baston,0.1551,1,True
110999,Joe Nemmers,0.0849,1,True
146449,Kara Hoffman,0.311,1,True
146450,Shelby Hoffman,0.1307,1,True
100602,Julia Duffy,0.4194,4,True
122245,Jonathan Hadary,0.1552,1,True
110246,Jack Kyle,0.1908,1,True
151598,George Ives,0.1229,1,True
133859,Pierre Segui,0.0887,1,True
87007,Amy Wright,0.6151,3,True
1222806,Richard Kuss,0.126,1,True
67513,Shirley Stoler,0.3765,2,True
123056,Chuck Aspegren,0.0499,1,True
133861,Mary Ann Haenel,0.0453,1,True
133860,Mady Kaplan,0.2132,1,True
31467,William Ragsdale,0.4804,3,True
119941,Jonathan Stark,0.3054,1,True
51550,Dorothy Fielding,0.2299,1,True
2056362,Ernie Holmes,0.0362,1,True
1213767,Heidi Sorenson,0.4034,1,True
2056378,Irina Irvine,0.1598,1,True
2056395,Pamela Brown,0.0429,1,True
1218860,Chris Hendrie,0.1956,1,True
2447144,Robi Davidson,0.176,1,True
1685445,Sherri Paysinger,0.0534,1,True
61010,LaTanya Richardson Jackson,0.2548,3,True
1350,Irène Jacob,0.8548,6,True
171631,Johnny Lee Davenport,0.2057,1,True
182347,Rick Snyder,0.0533,1,True
159456,Marc Vann,0.2564,2,True
2021321,Michael Guido,0.1214,1,True
101231,Lillian Adams,0.2105,1,True
86192,Chelsea Bond,0.1473,1,True
140198,Judith Chapman,0.2501,2,True
34846,Jennifer Gimenez,0.1153,1,True
116475,Siena Goines,0.1837,1,True
1228761,Bryan Anthony,0.0643,1,True
1499512,Linda Asuma,0.1072,1,True
46948,Kelly LeBrock,1.583,8,True
70572,Ilan Mitchell-Smith,0.2527,4,True
20363,Suzanne Snyder,0.4243,2,True
97717,Britt Leach,0.2712,1,True
4004668,Barbara Lang,0.0338,1,True
1218966,Ivor Barry,0.1316,1,True
2458617,Ann Coyle,0.0431,1,True
2458618,Suzy J. Kellems,0.0214,1,True
56694,Donna Mitchell,0.737,3,True
1667753,Jennie Eisenhower,0.0286,1,True
79792,Laura Allen,0.6308,3,True
45453,Eleanor Bron,0.481,3,True
71450,Robert Lindsay,0.3666,2,True
46986,Chris Evert,0.1395,7,True
1247518,Mary Carillo,0.0538,1,True
3343810,John Barrett,0.0,1,True
3343826,Kyle Hyde,0.0143,1,True
14848,James Hampton,1.0198,5,True
70612,Susan Ursitti,0.7683,3,True
119892,Lorie Griffin,0.8923,3,True
100614,Jim McKrell,0.2164,1,True
119893,Mark Arnold,0.9888,4,True
70868,Jay Tarses,0.2395,1,True
44818,Mark Holton,0.2965,1,True
119895,Melanie Manos,0.0646,1,True
119896,Charles Zucker,0.0327,1,True
100603,Lynda Wiesmeier,0.3568,1,True
70643,Jordan Garrett,0.1735,1,True
1215023,Stuart Lafferty,0.1936,1,True
24202,Hector Atreyu Ruiz,0.2839,1,True
179851,Kanin Howell,0.2298,1,True
2207887,Nick Battiste,0.0495,1,True
188229,Mr. Lawrence,0.639,3,True
78799,Carolyn Lawrence,0.6159,3,True
80634,Mary Jo Catlett,0.512,3,True
98554,Kristopher Logan,0.2267,1,True
1269603,D.P. FitzGerald,0.0589,1,True
156509,Dylan Haggerty,0.1333,1,True
70696,Kimberly Williams-Paisley,0.7114,6,True
59222,George Newbern,1.0722,6,True
1128167,Carmen Hayward,0.045,1,True
1348701,April Ortiz,0.0825,1,True
1213802,Gibby Brand,0.1403,1,True
1324777,Barbara Perry,0.1455,1,True
41256,Art Hindle,0.6805,3,True
41284,Lelia Goldoni,0.2106,4,True
1081857,Stan Ritchie,0.0338,1,True
184712,David Fisher,0.0571,1,True
1212995,Tom Dahlgren,0.3374,1,True
161301,Jerry Walter,1.2618,1,True
69399,Alexandra Holden,0.7533,4,True
148702,Maritza Murray,0.0725,1,True
121642,Fay Hauser,0.4002,1,True
44059,Jodi Long,0.3245,4,True
87569,Tia Mowry,0.338,7,True
87570,Tamera Mowry-Housley,0.2078,7,True
148704,Angie Stone,0.0838,4,True
60956,Matt Weinberg,0.4442,1,True
84422,Carolyn McCormick,0.539,4,True
69070,Lance Kerwin,0.2518,3,True
153941,Jim Mapp,0.0769,1,True
1075006,Lou Michaels,0.0214,1,True
950608,Andy Geer,0.0071,1,True
955479,Henry Stolow,0.1156,1,True
1075007,Danmar,0.0071,1,True
1075008,Mandy Hausenberger,0.0071,1,True
44638,Herb Andress,0.1524,1,True
2167804,Jack Luceno,0.0461,1,True
1264489,Keith McCready,0.0311,1,True
947670,Robert Agins,0.0495,1,True
1265392,Alvin Anastasia,0.0071,1,True
1178314,Randall Arney,0.072,1,True
1051092,Lisa Dodson,0.0071,1,True
1265393,Donald A. Feeney,0.0143,1,True
70843,Brian Bedford,0.1595,3,True
57329,Phil Harris,0.4134,6,True
14966,Andy Devine,0.6872,6,True
143770,Monica Evans,0.2616,1,True
14501,Peter Ustinov,1.0021,9,True
29427,Terry-Thomas,0.4429,4,True
134439,Roger Miller,0.1042,4,True
30554,Ken Curtis,1.1766,6,True
141693,George Lindsey,0.285,7,True
180279,Monique Coleman,0.3536,6,True
84952,Olesya Rulin,0.92,4,True
77196,Chris Warren,0.2059,1,True
200823,Ryne Sanborn,0.507,3,True
964908,Kaycee Stroh,0.1874,1,True
94146,Bart Johnson,0.8608,4,True
19262,Alyson Reed,0.5633,4,True
113868,Matt Prokop,0.3429,4,True
208956,Justin Martin,0.1435,1,True
964823,Jemma McKenzie-Brown,0.0985,1,True
101778,Leslie Wing,0.4134,1,True
155423,Tom Verica,0.6753,3,True
77014,Janni Brenn,0.1979,3,True
1212284,John Vickery,0.2328,1,True
180078,Michael Canavan,0.1422,1,True
1319508,Krista Carpenter,0.1178,1,True
155456,Neal Matarazzo,0.0665,1,True
154114,Adilah Barnes,0.1023,1,True
15659,Marianna Hill,1.0931,4,True
95597,Jack Ging,0.4483,4,True
59641,Ted Hartley,0.1778,1,True
102426,Billy Curtis,0.3968,4,True
199813,Scott Walker,0.5367,1,True
33544,Walter Barnes,0.33,1,True
106611,Paul Brinegar,0.4936,3,True
31210,Richard Bull,0.3826,4,True
13875,Robert Donner,0.3901,4,True
54793,Carlo Rota,0.565,4,True
187400,Laura Gordon,1.0492,1,True
76973,Joris Jarsky,0.2978,1,True
154917,Al Sapienza,0.9241,3,True
101801,Jeff Pustil,0.0859,1,True
1455896,Dana Sorman,0.1079,1,True
75355,Marion Ross,0.9025,9,True
78433,Ryan Hansen,0.5036,4,True
999301,Sam Cohen,0.0648,1,True
154958,Marisa Lauren,0.1491,1,True
149214,Vic Polizos,1.0628,1,True
9283,Candice Azzara,0.2607,3,True
1468366,Francine Beers,0.1159,1,True
56675,Anson Mount,1.657,6,True
1216011,Andy Powers,0.3818,1,True
1468230,John Mastrangelo Sr.,0.0143,1,True
1468233,Emilio Mignucci,0.0071,1,True
188237,Terrance Christopher Jones,0.0681,1,True
70958,Nick Stabile,0.1397,3,True
166807,Gordon Michael Woolvett,0.3456,3,True
1846135,Michael Louis Johnson,0.077,1,True
55876,James Gallanders,0.3293,3,True
64915,Janet Kidder,0.4578,3,True
62527,Park Bench,0.1462,1,True
1846136,Emily Weedon,0.0143,1,True
1218206,Ben Bass,0.3194,3,True
13948,Addison Powell,0.2139,2,True
81734,Walter McGinn,0.702,4,True
44550,Tina Chen,0.4211,3,True
6758,John Randolph Jones,0.137,2,True
72659,Michael Kane,0.4936,3,True
1229745,Don McHenry,0.3359,2,True
218432,Jess Osuna,0.1992,2,True
1704442,Dino Narizzano,0.0946,1,True
160261,Helen Stenborg,0.896,4,True
136921,Patrick Gorman,0.1885,2,True
1214035,Hansford Rowe,0.1212,2,True
92589,Dwayne Adway,0.633,3,True
57089,Chris Taloa,0.0505,1,True
77072,Tyson Beckford,0.2589,3,True
19143,Jason Priestley,0.9959,6,True
65002,Dana Delany,2.1179,7,True
47533,Paula Malcomson,0.8551,4,True
936813,Lisa Collins,0.3167,2,True
58866,Dana Wheeler-Nicholson,0.4879,3,True
36059,Joanna Pacula,1.0213,4,True
1333809,Forrie J. Smith,1.3557,4,True
113781,Peter Sherayko,1.0764,4,True
20903,Josh Keaton,0.5727,3,True
46780,Samantha Eggar,0.5897,3,True
1216876,Barbara Barrie,0.4221,3,True
69921,Paul Shaffer,0.3533,4,True
83465,Gale Gordon,0.3296,4,True
16413,Theodore Gottlieb,0.2488,2,True
44796,Franklyn Ajaye,0.2983,2,True
71143,Cory Danziger,0.172,2,True
1526802,Heather Haase,0.2178,2,True
55725,Randy Travis,0.3002,4,True
90749,Andrew Shue,0.4946,3,True
7663,Teresa Wright,0.4169,4,True
234795,Wayne Emmons,0.0409,1,True
10256,David Bennent,0.4856,3,True
80165,Alice Playten,0.565,3,True
83839,Cork Hubbert,0.7738,4,True
126533,Annabelle Lanyon,0.5573,3,True
550794,Tina Martin,0.3433,2,True
1077322,Ian Longmur,0.0214,1,True
1183422,Michael Crane,0.0561,1,True
1077324,Liz Gilbert,0.0404,1,True
71146,Ted Knight,0.3135,5,True
55203,Sarah Holcomb,0.3344,2,True
167367,Scott Colomby,0.2116,2,True
940742,Dan Resin,0.0755,1,True
1578223,Elaine Aiken,0.0902,1,True
51310,Henry Wilcoxon,0.2961,3,True
1238616,Lois Kibbee,0.08,1,True
170957,Thomas A. Carlin,0.1678,2,True
29382,Carl Lumbly,0.8598,4,True
76032,Theo Nicholas Pagones,0.0577,1,True
22223,Marguerite Moreau,0.8474,4,True
20239,Vincent Perez,0.3673,4,True
1451740,Christian Manon,0.4628,3,True
26061,Matthew Newton,0.3203,2,True
75892,Tiriel Mora,0.2253,2,True
199315,Megan Cooper,1.3414,4,True
1641679,Rowland S. Howard,0.0538,1,True
103762,Jonathan Davis,0.2678,2,True
12812,Lysette Anthony,0.8216,4,True
71167,Tabitha Lupien,0.29,2,True
137162,John Stocker,0.21,2,True
1708046,Elizabeth Leslie,0.0214,1,True
21059,Caroline Elliott,0.0379,1,True
112651,Vanessa Morley,0.0937,1,True
1219187,Sandra P. Grant,0.0589,1,True
53716,Sheila Paterson,0.1397,2,True
188929,Miriam Smith,1.1282,4,True
60076,Thad Luckinbill,0.5267,3,True
1610301,David Agranov,0.1139,2,True
1213573,Taran Killam,0.567,4,True
156963,Toshi Toda,0.3806,3,True
4609600,Massimo Schina,0.0505,1,True
1287167,Valeria Andrews,0.1052,1,True
83108,Alex Thomas,0.1717,2,True
2146897,Laurent Alexandre,0.0261,1,True
163873,Philip Goodwin,0.169,2,True
27880,Henri Garcin,0.1355,2,True
205262,William Abadie,0.6116,3,True
101165,Daniel Sauli,0.2946,2,True
35359,Jean Dell,0.1018,1,True
198831,Nick Toren,0.135,2,True
1228152,Sally Leung Bayer,0.1533,2,True
71241,Justin Henry,0.6182,4,True
44846,Howard Duff,0.3786,3,True
14102,George Coe,1.0138,4,True
260967,Bill Moor,0.8023,4,True
96137,Howland Chamberlain,0.3292,2,True
120293,Jack Ramage,0.0256,1,True
150213,Nicholas Hormann,0.1793,2,True
171264,Ellen Parker,0.0933,1,True
322506,Shelby Brammer,0.0297,1,True
370042,Carol Nadell,0.0071,1,True
1671975,Donald Gantry,0.0281,1,True
47991,Bob Geldof,0.2593,4,True
71247,Christine Hargreaves,0.2952,2,True
71248,James Laurenson,0.1964,2,True
71249,Eleanor David,0.8573,4,True
980082,Kevin McKeon,0.0735,1,True
980076,David Bingham,0.0338,1,True
64056,Jenny Wright,0.5562,4,True
994272,Alex McAvoy,0.1384,3,True
201569,Ellis Dale,0.0667,1,True
135101,James Hazeldine,0.1387,3,True
172953,Robert Bridges,0.0388,1,True
249810,Ray Mort,0.1151,1,True
980084,Marie Passarelli,0.0071,1,True
4963,Woody Strode,0.5452,5,True
54421,Janet Jackson,0.5995,10,False
58692,Melinda McGraw,0.4981,4,True
2882713,Gabriel Williams,0.4017,1,True
553853,Duffy Taylor,0.0457,1,True
87317,Nikki Cox,0.5961,6,True
1236187,Freda Payne,0.0798,4,True
553854,Sylvester Jenkins,0.0633,1,True
20128,Clive Revill,0.4681,4,True
88450,Chuck McCann,0.2707,3,True
100624,Avery Schreiber,0.2812,4,True
52329,Ezio Greggio,0.1932,3,True
43436,Mehdi Nebbou,0.4018,3,True
229932,Golshifteh Farahani,2.5714,6,True
25072,Oscar Isaac,2.4875,9,True
77496,Vince Colosimo,0.4244,4,True
25087,Qais Nashif,0.2953,3,True
77498,Lubna Azabal,0.5747,4,True
544187,Ghali Benlafkih,0.0143,1,True
41645,Clara Khoury,0.1898,3,True
82809,Annabelle Wallis,2.2782,6,True
72873,Michael Stuhlbarg,1.3954,7,True
83459,Shawn Weatherly,1.113,4,True
1362093,Nicholas Rudall,0.0743,3,True
24524,Krzysztof Pieczyński,0.1279,3,True
588278,Julie Pearl,0.4124,3,True
73831,Godfrey,0.1337,3,True
992588,Gene Barge,0.0694,1,True
71402,Andrea Savage,0.7976,5,True
71403,Rob Riggle,0.8071,7,True
964809,Lurie Poston,0.1062,1,True
1948767,Elizabeth Yozamp,0.0338,1,True
141532,Logan Manus,0.0723,1,True
1214847,Travis T. Flory,0.3711,3,True
2566098,Lili Rose McKay,0.0598,1,True
212290,Seth Morris,0.396,4,True
954763,Amy Sakasitz,2.8202,1,True
1231045,Kellen Hathaway,1.2286,1,True
2488321,Hank Johnston,1.4011,1,True
159118,Melinda Mullins,0.1718,1,True
26044,Bill Erwin,0.2957,3,True
7332,Arnold Stang,0.309,4,True
8962,Luke Askew,0.2859,3,True
1032173,Levi Kreis,0.0416,1,True
53646,Missy Crider,0.6371,4,True
154649,Alan Davidson,0.3172,3,True
2558402,Vincent Chase,0.0382,1,True
42296,Gwen McGee,0.2725,3,True
3381973,Blake King,0.0071,1,True
80760,Rochelle Aytes,0.8495,5,True
88031,Eddie Velez,0.2753,3,True
24198,Anne Dudek,2.0624,6,True
10607,Celeste Holm,0.3949,5,True
159816,Cynthia Harris,0.1897,3,True
1967769,Alexandra Amini,0.1929,1,True
5601778,Michelle Blair,0.0071,1,True
3606023,Lisa Blair,0.0143,1,True
1233929,Barbara Budd,0.0357,1,True
1173284,Claire Cellucci,0.4023,3,True
76070,Mia Wasikowska,1.4484,8,True
34900,Paul Whitehouse,0.4905,5,True
40942,Barbara Windsor,0.3418,4,True
30083,Lindsay Duncan,1.3172,6,True
119413,Eleanor Gecks,1.0152,3,True
197545,Josh Paddock,0.2351,3,True
91035,Jessica Brooks Grant,1.0649,3,True
1576334,Wilma Bonet,0.1958,1,True
76234,Matt Salinger,0.3945,3,True
1233838,Maggie McCarthy,0.3393,1,True
1576333,Carin Sprague,0.0558,1,True
2254456,Clara Thomas,0.0453,1,True
19034,Evangeline Lilly,2.6787,9,True
96438,Christopher Sayegh,0.0774,1,True
1291852,David Gueriera,0.1032,1,True
1668235,Nabil Koni,0.0327,1,True
1648752,Erin Gann,0.0661,1,True
132355,Malcolm Barrett,0.4281,4,True
176031,Todd Barry,0.1538,4,True
19490,Wass Stevens,0.1667,3,True
1216224,Ernest Miller,0.1306,3,True
83213,Dylan Keith Summers,0.1442,1,True
2171546,Tommy Farra,0.0143,1,True
1758492,Mike Miller,0.0071,1,True
1056523,John D'Leo,0.2585,3,True
122545,Gregg Bello,0.1716,1,True
2171548,Scott Siegel,0.0473,1,True
34202,Matt Lanter,0.8653,5,True
41345,Ashley Eckstein,0.3917,5,True
283842,Catherine Taber,0.1959,3,True
71535,Tom Kane,0.3948,4,True
71552,Ari Graynor,0.5798,5,True
71554,Jonathan B. Wright,0.1333,1,True
205854,Zachary Booth,0.2632,2,True
111446,Justin Rice,0.0834,1,True
146032,Christian Rudder,0.0214,1,True
3963901,Darbie Nowatka,0.0,1,True
3963902,Cully Symington,0.0,1,True
3963909,Jeremy Haines,0.0143,1,True
3963911,Sammy Marc Rubin,0.0193,1,True
40900,Mark Rylance,1.2067,8,True
71581,Oliver Coleman,0.1209,1,True
24976,Ana Torrent,0.3793,6,True
71584,Iain Mitchell,0.1941,1,True
17078,Michael Smiley,0.7553,5,True
59450,Katy Mixon,0.7133,7,True
16052,Jack Donner,0.1344,1,True
1573492,Irena Violette,1.352,1,True
60195,David Aaron Baker,0.2647,4,True
109144,Damian Young,0.4907,1,True
81684,Caterina Scorsone,1.0747,8,True
81683,Gbenga Akinnagbe,0.5184,5,True
1584043,Gabrielle Popa,0.34,1,True
167564,Paul Sparks,0.5643,6,True
131849,Christy Scott Cashman,0.2313,1,True
14837,Carol Burnett,0.4364,10,False
1235236,Charles Osgood,0.0732,9,True
63231,Niecy Nash-Betts,1.7233,9,True
77948,Selena Gomez,1.4203,10,False
84481,Courtney Jines,0.2442,1,True
78341,Ryan Pinkston,0.3095,1,True
64775,Robert Vito,0.3326,1,True
151385,Bobby Edner,0.1528,1,True
83271,Glen Powell,2.3189,8,True
171522,Anthony Ruivivar,0.4446,5,True
177164,Wendy Braun,0.2257,1,True
1077764,Jim Cruz,0.0239,1,True
1611777,Isaac Santiago,0.2318,1,True
76792,Freida Pinto,0.9274,9,True
964549,Madhur Mittal,0.2626,5,True
72118,Anil Kapoor,0.8352,9,True
85456,Mahesh Manjrekar,0.2517,5,True
76789,Saurabh Shukla,0.4864,5,True
1296867,Ankur Vikal,0.1974,1,True
52771,Tanay Chheda,0.5225,5,True
1120194,Ayush Mahesh Khedekar,0.4526,5,True
2473055,Ashutosh Lobo Gajiwala,0.0143,1,True
1403495,Azharuddin Mohammed Ismail,0.0637,1,True
1339482,Tanvi Ganesh Lonkar,0.3346,1,True
2473046,Rubina Ali,0.0461,4,True
76790,Raj Zutshi,0.262,4,True
76791,Jeneva Talwar,0.1395,1,True
2291741,William Relton,1.8049,1,True
14797,Judith Roberts,0.4162,4,True
1218217,John Henry Cox,0.0505,1,True
3075792,"Lewis Payton, Jr.",0.0143,1,True
1400908,Sonnie Brown,0.1956,1,True
1235852,Mike Rad,0.1377,1,True
1218053,Joanna Heimbold,0.7631,1,True
1047942,Geraldine Brophy,0.2669,4,True
1226685,Leighton Cardno,0.2822,1,True
1292753,Jason Hood,0.4634,1,True
205427,Mark Mitchinson,0.3399,4,True
1332,Craig Parker,0.5061,6,True
173441,Timothy Raby,0.1874,1,True
107546,Tania Nolan,0.8941,5,True
40638,Guy Henry,0.3841,5,True
20999,Mark Williams,1.1645,6,True
10982,Harry Melling,1.0481,9,True
93210,Domhnall Gleeson,2.3415,9,True
234930,Isabella Laughland,1.2181,5,True
83356,Jamie Campbell Bower,1.4158,7,True
66524,Noureen DeWulf,0.6158,6,True
96624,Rachel Boston,0.4624,5,True
81106,Camille Guaty,1.7957,6,True
76416,Amanda Walsh,0.893,5,True
209200,Emily Baldoni,0.8589,6,True
1339929,Catherine Haena Kim,0.4851,1,True
105303,Fred Melamed,0.5479,5,True
105304,Sari Lennick,0.1297,1,True
105305,Aaron Wolff,0.0143,1,True
105306,Jessica McManus,0.0143,1,True
159454,Peter Breitmayer,0.3467,1,True
1015643,Brent Braunschweig,0.0362,1,True
965140,David Kang,0.0143,1,True
1015644,Benjamin Portnoe,0.0071,1,True
4416405,Jack Swiler,0.0071,1,True
4416406,Andrew S. Lentz,0.0,1,True
1118717,Jon Kaminski Jr.,0.0143,1,True
1118718,Ari Hoptman,0.0143,1,True
36546,Alan Mandell,0.129,3,True
1230898,Elena Franklin,0.2423,1,True
165867,Kid Rock,0.182,9,True
1231749,Uncle Kracker,0.0398,6,True
31309,Hugh Hefner,0.3142,10,False
77088,Katharine McPhee,0.6279,8,True
74046,Kiely Williams,0.5198,5,True
214834,Dana Goodman,0.4117,1,True
1528691,Kimberly Makkouk,0.1006,1,True
74047,Tyson Ritter,0.2488,6,True
131723,Sarah Wright,0.5188,4,True
88038,Rachel Specter,0.2652,4,True
2967,Daisy Tormé,0.1028,1,True
2983,Mark Strong,2.023,9,True
19492,Viola Davis,1.5341,10,True
3034,Corey Feldman,1.2474,7,True
3035,Jerry O'Connell,0.781,7,True
2628,Kiefer Sutherland,1.9591,10,True
3038,Gary Riley,0.337,4,True
3039,Bradley Gregg,0.5896,4,True
3040,Jason Oliver,0.2419,1,True
3041,Marshall Bell,0.5235,4,True
3042,Bruce Kirby,0.3279,4,True
3043,William Bronder,0.1115,1,True
3044,Scott Beach,0.5371,4,True
3037,Richard Dreyfuss,1.4956,10,True
3036,John Cusack,1.8352,10,True
3085,James Caan,2.2829,9,True
3086,Richard S. Castellano,0.6799,4,True
3092,Diane Keaton,1.1094,10,True
3094,Talia Shire,1.1834,8,True
3095,Gianni Russo,0.4134,4,True
3088,Sterling Hayden,0.8442,5,True
3142,John Marley,0.4623,4,True
3090,Richard Conte,0.4673,4,True
3091,Al Lettieri,0.7979,4,True
3093,Abe Vigoda,0.4407,5,True
3096,John Cazale,0.9517,8,True
3143,Rudy Bond,0.3489,4,True
3144,Al Martino,0.218,4,True
3145,Simonetta Stefanelli,1.2196,4,True
57755,Woody Harrelson,2.5845,10,True
3196,Juliette Lewis,1.3348,8,True
3223,Robert Downey Jr.,3.978,10,True
2176,Tommy Lee Jones,2.5911,10,True
3197,Tom Sizemore,1.0041,8,True
3198,Rodney Dangerfield,0.519,8,True
3202,Edie McClurg,0.639,4,True
3203,Russell Means,0.5955,4,True
3208,Maria Pitillo,0.6866,4,True
3210,Sean Stone,0.2942,4,True
3199,Everett Quinton,0.2146,4,True
3201,Pruitt Taylor Vince,1.2512,5,True
3214,Steven Wright,0.3233,4,True
3204,Lanny Flaherty,0.3333,4,True
180533,Melinda Renna,1.3193,1,True
3212,Evan Handler,1.095,4,True
16433,James Gammon,1.1556,4,True
19728,Mark Harmon,2.0431,8,True
3265,Eli Wallach,1.0378,9,True
3267,George Hamilton,1.1049,7,True
3268,Raf Vallone,1.3902,4,True
3269,Franc D'Ambrosio,0.0835,1,True
168632,Donal Donnelly,0.1701,4,True
3174,Richard Bright,0.4425,4,True
32058,Helmut Berger,0.4013,4,True
161860,Don Novello,0.4849,4,True
47879,John Savage,0.847,5,True
32676,Vittorio Duse,1.3717,1,True
1562,Iben Hjejle,0.5059,4,True
3230,Todd Louiso,0.3019,4,True
3232,Lisa Bonet,0.8362,8,True
3234,Joan Cusack,1.885,8,True
3235,Chris Rehmann,0.0512,1,True
3236,Ben Carr,0.0261,1,True
3127,Lili Taylor,1.1844,8,True
3237,Joelle Carter,0.8346,4,True
3270,Natasha Gregson Wagner,0.4628,4,True
3271,Shannon Stillo,0.0143,1,True
3272,Drake Bell,0.2475,5,True
3273,Laura Whyte,0.1294,1,True
3283,Margaret Travolta,1.3097,4,True
4445,Chris Bauer,1.4333,4,True
142333,Marilyn Dodds Frank,1.0242,1,True
86561,Polly Noonan,1.0837,4,True
3291,Hugh Grant,1.5725,10,True
3292,Nicholas Hoult,4.5886,9,True
3051,Toni Collette,1.3493,9,True
3293,Rachel Weisz,2.9056,10,True
3300,Natalia Tena,1.7699,5,True
3315,Victoria Smurfit,0.5726,4,True
3309,Augustus Prew,0.522,4,True
3294,Sharon Small,0.9964,4,True
3295,Madison Cook,0.0311,1,True
3296,Jordan Cook,0.0256,1,True
3297,Nicholas Hutchison,0.1029,1,True
3298,Ryan Speechley,0.0502,1,True
3299,Joseph Speechley,0.0143,1,True
3306,Denise Stephenson,0.0726,1,True
56547,Chris Webster,0.9282,1,True
3301,Isabel Brook,0.388,1,True
1704619,Joyce Henderson,1.4638,1,True
3392,Michael Douglas,1.7263,10,True
3391,Kathleen Turner,1.1503,9,True
32645,Marianne Sägebrecht,1.6732,4,True
169210,Heather Fairfield,0.369,1,True
14849,Peter Donat,0.2203,4,True
1219796,Gloria Cromwell,0.0803,1,True
1583756,Harlan Arnold,0.0214,1,True
1556884,Mary Fogarty,1.1667,1,True
4016035,Rika Hofmann,0.2987,1,True
131834,Patricia Allison,0.0953,1,True
1511179,James Tarwater,0.0445,1,True
142331,Gabriel Marantz,0.0776,1,True
5139909,Benjamin Rosenshein,0.0071,1,True
239210,Cerris Morgan-Moyer,0.897,1,True
927751,Erik J. Bockemeier,0.045,1,True
47653,Aidan McArdle,0.5107,5,True
29307,Michael Medwin,0.2664,4,True
206724,Justin Edwards,0.2843,1,True
74503,Calvin A. Dean,0.3192,1,True
1906029,Hannah Stokely,0.171,1,True
1427529,Andrew Armour,0.0552,1,True
77090,Jordan Carlos,0.1155,1,True
77091,DeQuina Moore,0.9256,4,True
77093,Brian Hutchison,0.2645,1,True
77094,Tyree Michael Simpson,0.0587,1,True
77095,Julia K. Murney,0.1483,4,True
77096,Claire Lautier,0.4579,1,True
92572,Betty Gilpin,1.8636,7,True
82104,Danai Gurira,1.1506,9,True
165263,Anthony Azizi,0.2954,4,True
75041,Cameron Boyce,1.4704,7,True
60287,Charles Carroll,0.7527,1,True
1214388,Deborah Strang,0.1565,1,True
163855,Dariush Kashani,0.1088,1,True
149660,Bob Morrisey,0.0895,1,True
1071645,Craig J. Harris,2.0782,1,True
1224022,Enver Gjokaj,1.1876,6,True
63813,Rothaford Gray,0.2204,1,True
74122,Joel Gordon,0.0852,1,True
74123,Jamie Hector,0.968,6,True
74125,Marianthi Evans,0.1317,1,True
74126,Nelly Furtado,0.2608,8,True
1144215,Jay Hunter,0.1078,1,True
56910,Susie Essman,0.4298,6,True
76594,Miley Cyrus,1.0162,10,False
116315,Kari Wahlgren,0.9509,6,True
89023,Randy Poffo,0.269,4,True
89024,Ronn Moss,0.6483,6,True
1366972,Stephanie Janusauskas,0.4441,1,True
96591,Romano Orzari,0.6448,5,True
60907,Larry Day,0.1701,3,True
119479,Tony Calabretta,0.1345,1,True
1187553,Carlos Gonzalez-Vio,0.1613,1,True
522169,Brent Skagford,1.0989,1,True
1189039,Michael Sundin,0.0214,1,True
201459,Sean Barrett,0.7608,4,True
102757,Mak Wilson,0.0822,1,True
1225208,Denise Bryer,0.0656,1,True
65298,Brian Henson,0.4883,6,True
1189042,Stewart Harvey-Wilson,0.0678,1,True
1189043,Lyle Conway,0.0377,1,True
79345,Mary Ann Burger,0.1095,1,True
79346,John Shaw,0.3464,3,True
74747,Shahkrit Yamnarm,0.7138,4,True
66762,Charlie Yeung Choi-Nei,1.3096,6,True
76484,Panward Hemmanee,0.1828,1,True
76478,Dom Haetrakul,0.1684,1,True
76486,Tuck Napaskorn,0.0286,1,True
76487,Steve Baldocchi,0.0239,1,True
76488,Chris Heebink,0.0071,1,True
3565637,Peter Shadrin,0.0168,1,True
3565638,Arthajid Puengvicha,0.0214,1,True
3455499,Oliver Steele,0.0071,1,True
3565640,Veerasak Boonchard,0.0286,1,True
3565642,Jeremy Thana,0.0214,1,True
74070,Nana Visitor,0.7326,7,True
78432,Arlen Escarpeta,0.3108,4,True
78430,Julianna Guill,0.7798,5,True
77313,Willa Ford,0.1963,5,True
78434,America Olivo,0.4091,5,True
79189,Nick Mennell,0.1524,1,True
1004858,Stephanie Rhodes,0.7008,1,True
74308,Christopher Carley,0.2355,1,True
74309,Bee Vang,0.1488,5,True
74312,Ahney Her,0.4743,4,True
74303,Dreama Walker,0.4521,6,True
1232496,William Hill,0.2725,1,True
1586430,Brooke Chia Thao,0.0891,1,True
1445218,Chee Thao,0.0579,1,True
1445219,Choua Kue,0.1775,1,True
1586431,Xia Soua Chang,0.0363,1,True
1735890,Sonny Vue,0.0585,1,True
74570,Ron Glass,0.3162,6,True
74571,Regine Nehy,0.3707,1,True
74572,Jaishon Fisher,0.2446,1,True
54714,Keith Loneker,0.5995,4,True
74574,Caleeb Pinkett,0.0784,1,True
74575,Robert Dahey,0.1486,1,True
74576,Ho-Jung,0.0261,1,True
74577,Elizabeth Tulloch,0.8544,6,True
74578,Michael Sean Tighe,0.0852,1,True
81164,Danneel Ackles,0.8124,7,True
74409,Eric Winter,3.0546,6,True
1226531,Jon Reep,0.1692,1,True
203086,Amir Talai,0.4618,1,True
208259,Crystal Mantecon,1.5077,5,True
61217,Robert Romanus,0.2777,5,True
144304,D.W. Brown,0.7339,4,True
83151,Kelli Maroney,0.395,5,True
1652467,Tom Nolan,0.3543,1,True
1232231,Blair Tefkin,0.1334,1,True
75036,Natalya Rudakova,1.3746,4,True
134411,Alex Kobold,0.1025,3,True
134410,David Atrakchi,0.156,3,True
134412,Yann Sundberg,0.1164,3,True
544686,David Kammenos,0.6139,3,True
134414,Silvio Simac,0.7496,3,True
1975216,Oscar Relier,0.0286,1,True
7816,Timo Dierkes,0.1913,3,True
2640086,Igor Koumpan,0.0071,1,True
2363178,Elef Zack,0.0387,1,True
62644,50 Cent,0.9801,9,True
142101,Trilby Glover,1.0416,3,True
171754,Saidah Arrika Ekulona,0.3623,3,True
1225953,Sterling K. Brown,1.0479,8,True
73194,Barry Primus,0.3447,4,True
65123,Shirly Brener,0.2359,3,True
1018,Nikolaj Lie Kaas,1.0135,5,True
74487,David Pasquesi,0.3442,4,True
74488,Cosimo Fusco,0.3756,3,True
74494,Victor Alfieri,0.3929,3,True
966875,Franklin Amobi,0.0905,1,True
74506,Curt Lowens,0.3875,3,True
987053,Marc Fiorini,1.0588,3,True
74538,Nate Mooney,0.3026,3,True
121569,Li Xiaolu,0.4379,4,True
74539,Colin Ford,0.9986,5,True
1161991,Robert Tsonos,0.0667,1,True
52902,Brandon Rhea,1.2358,3,True
20289,Neil Jackson,0.2993,4,True
1359191,Hung San-Nam,1.1629,3,True
1319281,Tam Wai-Man,1.1439,3,True
76215,Adrian Lester,0.3468,4,True
70815,Emma Cleasby,0.2,3,True
1294849,Caryn Peterson,0.0214,1,True
1294850,Adeola Ariyo,0.0193,1,True
1294851,Christine Tomlinson,0.0389,1,True
1294852,Vernon Willemse,0.0751,1,True
1352080,Lee-Anne Liebenberg,0.1768,3,True
1008550,Stephen Hughes,1.437,3,True
71886,Natalie Canerday,0.279,3,True
74584,Scott Thomas,0.6175,3,True
74585,Randy Stripling,0.2179,3,True
74586,Courtney Cole-Fendley,0.9653,3,True
21084,David Dwyer,0.5129,3,True
74588,Kaili Hollister,0.2426,1,True
2912400,David Copeland,0.0382,1,True
17306,Zachary Quinto,1.3335,9,True
963257,Sonita Henry,1.1265,3,True
80602,Tyler Perry,1.0731,9,True
128628,Scottie Thompson,1.3893,5,True
132354,Kate Micucci,0.942,6,True
452205,Bobby Moynihan,0.3339,6,True
25129,Don Johnson,1.2806,9,True
90325,Luca Calvani,0.3445,3,True
133046,Charlie Hewson,0.2416,3,True
93639,Court Young,0.0256,1,True
428440,Poorna Jagannathan,0.7677,5,True
1674439,Joshua Rollins,0.3309,1,True
75042,Arika Gluck,0.3365,1,True
555538,Ioana Abur,0.1644,3,True
36554,Mary Beth Peil,0.3593,4,True
1186909,Tim Ahern,0.355,3,True
1576833,Josh Cole,0.0912,1,True
2081165,Aida Doina,0.0256,1,True
1035907,Darren Kent,0.1812,3,True
1458565,Roz McCutcheon,0.3442,3,True
54729,Clark Duke,0.8546,5,True
81197,Mark L. Young,1.0071,4,True
1216502,Cole Petersen,0.204,3,True
514154,Allison Weissman,0.3012,3,True
1216355,Andrea Anders,0.7033,5,True
1408750,Kim Ostrenko,0.0533,1,True
68795,Shelley Thompson,0.1882,3,True
193254,David Shaughnessy,0.2922,3,True
1329518,Ron Mueck,0.1222,3,True
3548,Timothy Bateson,0.3478,3,True
189120,Karen Prell,0.1072,3,True
1329519,David Alan Barclay,0.0789,3,True
39741,Michael Hordern,0.3218,4,True
45051,Harry Treadaway,0.8629,4,True
82143,Lucinda Dryzek,0.4743,3,True
43138,Ian McElhinney,0.5719,4,True
82142,B.J. Hogg,0.2299,3,True
82144,Matt Jessup,0.1139,3,True
82145,Lara McIvor,0.052,1,True
82146,Myles Thompson,0.0214,1,True
74930,Hayes MacArthur,0.6231,4,True
26008,Gordon Clapp,0.283,4,True
74933,Robert Torti,0.3801,4,True
74934,Jackie Flynn,0.4351,3,True
74935,Lauren Storm,0.3798,4,True
2487525,Tubbs,0.0071,1,True
179512,Marv Albert,0.0646,6,True
61831,Sammi Hanratty,1.2392,5,True
132213,Ethan Cutkosky,2.0002,6,True
66646,Atticus Shaffer,1.1003,6,True
164380,C.S. Lee,1.1943,4,True
113563,Rhys Coiro,0.5022,4,True
993774,Rachel Brosnahan,3.9079,8,True
1750924,Kymberly Mellen,0.1147,1,True
90633,Gal Gadot,3.5034,10,True
96321,Tego Calderon,1.0666,4,True
90634,Don Omar,0.2753,3,True
1225970,Mirtha Michelle,0.2398,2,True
61703,Ron Yuan,0.5417,3,True
20404,Vanessa Lachey,0.3098,3,True
1114053,Gary 'G. Thang' Johnson,0.1458,2,True
212225,Kim Kardashian,2.1086,10,False
181685,Nick Steele,0.1333,2,True
1114054,John Di Domenico,0.0414,1,True
981262,Jason Boegh,0.126,2,True
47884,Valerie Wildman,0.3165,2,True
2754230,Abe Spigner,0.0256,1,True
206410,Noah Harpster,0.2882,2,True
43547,Nonso Anozie,0.7522,4,True
80154,Blake Ritson,1.2282,4,True
77334,Chandler Canterbury,0.5954,3,True
77336,Nadia Townsend,0.487,3,True
84964,Lara Robinson,0.6986,4,True
37292,Adrienne Pickering,0.2597,2,True
84966,Danielle Carter,0.1646,2,True
79106,Alethea McGrath,0.1847,2,True
1245648,David Lennie,0.0637,1,True
84963,D.G. Maloney,0.0338,1,True
44842,Alan Hopgood,0.4793,3,True
84967,Tamara Donnellan,0.0872,1,True
84968,Travis Waite,0.0214,1,True
96066,Liam Hemsworth,1.9432,8,True
37046,Dania Ramirez,0.5183,3,True
51670,Johnathon Schaech,0.8395,4,True
156739,Bernard White,0.3133,2,True
4635178,Jermaine Jackson,0.0382,1,True
1775891,Sharon Ferguson,0.1099,1,True
78018,Allan Corduner,0.3178,2,True
239494,Kate Fahy,1.4196,4,True
94958,Iddo Goldberg,0.5618,3,True
28158,Martin Hancock,0.1494,2,True
215460,Jonjo O'Neill,0.7595,4,True
23498,Alexander Ludwig,2.006,6,True
16857,Tom Everett Scott,0.9553,4,True
64805,Billy Brown,0.9253,4,True
53261,Kim Richards,0.5042,3,True
159482,John Duff,0.1203,2,True
1161753,Laura Michelle Kelly,0.1003,1,True
444008,Jayne Wisener,0.2747,2,True
1161752,Ed Sanders,0.4446,3,True
4304089,Gracie May Weldon,0.0143,1,True
3515331,Ava May,0.0168,1,True
6985,Jody Halse,0.1344,2,True
1857431,Aron Paramor,0.0608,1,True
143527,Lee Whitlock,0.0943,1,True
1899117,Nick Haverson,0.142,2,True
1278550,Mandy Holliday,0.0143,1,True
61363,Alex Pettyfer,1.0583,5,True
124828,Kimberley Nixon,0.6707,3,True
76227,Johnny Pacar,0.3679,3,True
123497,Linzey Cocker,0.3619,3,True
73462,Georgia King,0.7023,4,True
116883,Sophie Wu,0.1754,2,True
76226,Lexi Ainsworth,0.2892,2,True
25113,Shelby Young,0.6648,3,True
4573,Selina Cadell,0.614,3,True
133212,Ryan Kwanten,0.8288,5,True
84707,Michael Fairman,0.2526,2,True
29878,Dmitry Chepovetsky,0.2613,2,True
66934,Steve Adams,0.1232,2,True
132712,Keir Gilchrist,0.7791,4,True
1234653,Shelley Peterson,0.0286,1,True
1874936,Steven Taylor,0.0822,1,True
1239413,David Talbot,0.0705,1,True
34904,Enn Reitel,0.2262,2,True
80676,Jordan Nagai,0.7704,4,True
84490,David Kaye,0.3784,3,True
84491,Elie Docter,0.1181,2,True
84492,Jeremy Leary,0.073,1,True
83852,Liam James,0.6688,4,True
31960,Zlatko Burić,0.8302,4,True
101014,Beatrice Rosen,0.2612,2,True
967933,Alexandre Haussmann,0.0749,1,True
1615554,Philippe Haussmann,0.0941,1,True
78323,Joon Park,0.3512,3,True
78325,Shavon Kirksey,0.1313,2,True
37492,Eriko Tamura,0.486,3,True
78326,Luis Arrieta,0.0806,1,True
78327,Richard Blake,0.1915,2,True
78328,Julian Sedgwick,0.152,2,True
147880,Megumi Seki,0.2745,2,True
79966,Claudia Karvan,0.6315,4,True
94792,Tammin Sursok,0.5039,3,True
94793,Roy Billing,0.3002,2,True
75949,Shaun Micallef,0.09,1,True
94795,Lulu McClatchy,0.045,1,True
1530790,Natasha Leigh,0.0973,1,True
94797,Dichen Lachman,2.2568,6,True
94798,Lincoln Lewis,0.1883,2,True
61918,Matthew Okine,0.0596,1,True
84517,Taylor Dooley,0.5998,3,True
4741,Cayden Boyd,0.1845,2,True
84518,Jacob Davich,0.408,3,True
41798,George López,0.5632,8,True
1327011,Shane Graham,0.7817,3,True
947565,Tiger Darrow,0.0398,1,True
947563,Racer Rodriguez,0.2679,1,True
947564,Rocket Rodriguez,0.0379,1,True
10168,Diana Rigg,0.9554,8,True
83634,Xia Yu,0.3688,2,True
40656,Juliet Howland,0.366,1,True
96167,Ian Renwick,0.0336,1,True
74021,Li Bin,0.0793,1,True
25655,Zoe Telford,1.4377,4,True
333422,Marie-Laure Descoureaux,0.1443,1,True
1128288,Lorraine Laurence,0.0261,1,True
1196986,Maggie Steed,0.7802,3,True
1334,Li Feng,0.1248,1,True
172997,Maya Massar,0.2602,1,True
168565,Dean Paul Gibson,0.1493,1,True
3269272,Lex Burnham,0.05,1,True
3269273,Matthew Bristol,0.0071,1,True
1079148,Danny Bristol,0.0327,1,True
1809693,Ryan Cowie,0.1276,1,True
1397000,Troy Rudolph,0.0873,1,True
58115,Eric Dane,2.1887,7,True
1077804,Haley Higgins,0.1676,1,True
61011,Clarke Peters,0.5261,4,True
965819,Finley Jacobsen,0.4207,2,True
979104,Lucy Merriam,0.0214,1,True
204629,Bryce Robinson,0.1089,1,True
979105,Ben Hyland,0.2292,1,True
1077801,Sarah O'Kelly,0.0071,1,True
76540,Keith Hudson,0.0905,1,True
1716577,Lloyd Clay Brown,0.0193,1,True
1561113,Joseph Foster,0.0214,1,True
1419649,Bridget Megan Clark,0.1804,1,True
1716578,Mike Roukis,0.0828,1,True
1716579,Frank Shanley,0.0071,1,True
1248382,Frank Dolce,0.0453,1,True
77886,Plácido Domingo,0.1836,8,True
77887,Eddie 'Piolin' Sotelo,0.1782,1,True
77888,Carlos Juvera,0.0143,1,True
66914,Manolo Cardona,0.5004,3,True
239574,Eugenio Derbez,1.0235,8,True
84076,Nick Zano,1.1714,5,True
73475,Adriano Giannini,0.7907,4,True
49624,Jensen Ackles,3.9876,9,True
76886,Betsy Rue,0.5757,3,True
222141,Megan Boone,1.8881,7,True
966102,Karen Baum,0.0563,1,True
1114306,Joy de la Paz,0.0621,1,True
170145,Jeff Hochendoner,0.272,1,True
104046,Bingo O'Malley,0.194,1,True
1114307,Liam Rhodes,0.0143,1,True
3311475,Michael McKee,0.0168,1,True
167110,Annie Kitral,1.0123,3,True
64411,Jennifer Higham,0.4016,1,True
550833,Donna Dent,0.2011,1,True
78436,Raini Rodriguez,0.4668,3,True
78437,Stephen Rannazzisi,0.163,1,True
440306,Adhir Kalyan,0.3094,1,True
179508,Gary Valentine,0.2723,2,True
558036,Mike Vallely,0.155,1,True
229508,Mike Escamilla,0.1106,1,True
1464589,Matilda Lutz,2.8116,6,True
1167375,Alex Roe,1.2847,5,True
145836,Aimee Teegarden,0.6155,4,True
58517,Bonnie Morgan,0.5821,2,True
1502945,Chuck David Willis,0.0588,1,True
1635137,Patrick Walker,0.523,1,True
221841,Zach Roerig,1.0068,5,True
439253,Laura Slade Wiggins,1.4898,5,True
84432,Lizzie Brocheré,0.7839,3,True
1386131,Drew Grey,0.0988,1,True
1731341,Kayli Carter,0.3968,1,True
196843,Jill Jane Clements,0.1417,1,True
1731344,Andrea Laing,0.298,1,True
1731337,Surely Alvelo,0.0795,1,True
224188,Jack Scanlon,0.2886,1,True
234072,Amber Beattie,0.1186,1,True
93839,Sheila Hancock,0.304,2,True
961840,Cara Horgan,0.4416,1,True
77997,Zac Mattoon O'Brien,0.1226,1,True
1728070,Domonkos Németh,0.0398,1,True
77999,Henry Kingsmill,0.097,1,True
1117339,Zsuzsa Holl,0.0214,1,True
76475,László Áron,0.3102,1,True
77344,John Hodgman,0.2426,4,True
2011351,Aankha Neal,0.0491,1,True
2011353,George Selick,0.0429,1,True
2011354,Hannah Kaiser,0.0214,1,True
2011355,Harry Selick,0.0621,1,True
2011356,Marina Budovsky,0.0286,1,True
2011359,Emerson Tenney,0.0957,1,True
25002,Lee Byung-hun,2.8169,8,True
1040850,Grégory Fitoussi,0.2881,1,True
557921,Leo Howard,0.8927,4,True
215317,Karolína Kurková,0.5498,6,True
168974,Julanne Chidi Hill,0.2155,1,True
590820,Art Hsu,2.4317,3,True
73127,J. J. Soria,0.3059,1,True
47987,Geri Halliwell-Horner,0.4502,9,True
116446,William Brent,0.5185,1,True
140777,Michael Schoeffling,0.57,6,True
203731,Carlin Glynn,0.2308,1,True
21525,Blanche Baker,0.5764,4,True
41730,Carole Cook,0.264,4,True
85409,Max Showalter,0.4125,1,True
157054,Liane Curtis,0.1074,1,True
1717645,Darren Harris,0.1873,1,True
87773,Aishwarya Rai Bachchan,0.6575,10,True
35084,Johnny Hallyday,0.2903,7,True
993771,Armel Bellec,0.0239,1,True
141449,Lewis D. Wheeler,0.3604,1,True
2514362,Richard LaFrance,0.0,1,True
21818,Lesley Ann Warren,1.3658,7,True
158804,Kellye Nakahara,0.2194,1,True
1216921,Will Nye,0.2788,1,True
1177744,Rick Goldman,0.5371,1,True
75633,Bobb'e J. Thompson,0.3866,5,True
63220,Kerri Kenney,0.3629,4,True
22225,A.D. Miles,0.1632,1,True
155687,Nicole Randall Johnson,0.2119,1,True
983661,Allie Stamler,0.1005,1,True
1020027,Carly Craig,0.2148,1,True
104912,Jessica Morris,0.5639,1,True
298410,Keegan-Michael Key,1.0021,9,True
4051,Jenny Robertson,1.0618,1,True
64446,Sean Bishop,0.158,1,True
1242291,Jackie Guerra,0.0887,1,True
92326,Constance Marie,0.5259,5,True
13642,Alex Meneses,0.4448,4,True
4057348,Pete Astudillo,0.0214,1,True
131755,Rubén C. González,0.0554,1,True
3421542,Ricky Vela,0.0071,1,True
3421541,Don Shelton,0.0143,1,True
3479808,Richard Emanuelle,0.0168,1,True
19135,Panchito Gómez,0.2896,1,True
156756,George Perez,0.2663,1,True
4057350,Brian Fallteen,0.0143,1,True
175087,Carrie Nye,0.2534,1,True
190119,Warner Shook,0.068,1,True
15721,Jon Lormer,0.3285,1,True
80245,Grant Cramer,2.1022,1,True
80246,John Allen Nelson,0.7552,1,True
80103,Christopher Titus,0.2581,7,True
1706337,Michael S. Siegel,0.16,1,True
1706339,Peter Licassi,0.0261,1,True
1706340,Irene Michaels,0.0404,1,True
1706342,Karla Sue Krull,0.0629,1,True
1706343,Aeron MacIntyre,0.0362,1,True
1706344,Adele Proom,0.1313,1,True
1192199,Howard Malpas,0.0214,1,True
2154959,Karen Raff,0.0143,1,True
1331148,Kathleen Stefano,0.0256,1,True
54881,Summer Glau,1.4164,7,True
54882,Morena Baccarin,3.4295,8,True
72092,Jewel Staite,1.4112,7,True
55148,Sean Maher,0.3468,6,True
75463,Michael Hitchcock,0.3455,1,True
80426,Yan Feldman,0.1404,1,True
80427,Rafael Feldman,0.0742,1,True
36137,Nectar Rose,0.5199,1,True
39464,Tamara Taylor,1.1281,5,True
80442,Tristan Jarred,1.1363,1,True
80576,Max Records,0.385,4,True
54470,Lauren Ambrose,1.0317,7,True
113495,Pepita Emmerichs,0.0071,1,True
1575431,Max Pfeifer,0.0143,1,True
187406,Madeleine Greaves,0.0,1,True
187281,Joshua Jay,0.0071,1,True
1213279,Ryan Corr,0.6612,1,True
187494,Steve Mouzakis,0.2852,1,True
59117,Angus Sampson,1.3124,5,True
80591,Rashida Jones,2.2838,9,True
80595,Rob Huebel,0.6165,5,True
80592,Sarah Burns,0.6213,4,True
80593,Greg Levine,0.07,1,True
80594,Jean Villepique,0.1462,1,True
80596,Colleen Crabtree,0.0528,1,True
208519,Nick Kroll,1.1681,8,True
84815,Josh Cooke,1.217,5,True
80641,Sterling Beaumon,0.3716,4,True
84080,Newell Alexander,0.2607,1,True
59237,Margarita Levieva,0.7856,5,True
63232,Mary Birdsong,0.2258,4,True
130227,Matt Bush,0.3134,1,True
210021,Paige Howard,0.2182,1,True
1152008,Dan Bittner,0.0931,1,True
1729865,Barret Hackney,0.0903,1,True
80661,Michael Zegen,0.2859,4,True
128290,Cassandra Bell,0.1806,1,True
117201,Jasmine Sendar,0.1279,1,True
27957,Antonie Kamerling,0.1898,4,True
117200,Daniël Boissevain,0.2556,1,True
1431255,Trevor White,0.2163,1,True
1222273,Alan Marriott,0.1228,1,True
968218,Freddie Benedict,0.0143,1,True
82806,Mathew Horne,0.4933,4,True
55466,James Corden,0.8284,10,False
1074722,Lewis Macleod,0.1755,1,True
211412,Rupert Degas,0.2135,6,True
155530,Rebecca Front,0.4649,6,True
131083,Vincent Marzello,0.1095,1,True
185065,Emma Tate,0.199,1,True
19119,Mélanie Laurent,2.2752,9,True
27319,Christoph Waltz,2.4076,10,True
32823,Gedeon Burkhard,0.494,5,True
51636,Jacky Ido,0.7559,5,True
6091,August Diehl,0.7462,6,True
81125,Denis Ménochet,0.5495,5,True
49056,Martin Wuttke,0.3949,4,True
121529,Léa Seydoux,1.564,9,True
65054,Rainer Bock,1.2043,5,True
95696,Lorna Raver,0.2466,4,True
95697,Dileep Rao,0.5173,6,True
155868,Ruth Livier,0.1205,1,True
1121875,Shiloh Selassie,0.0297,1,True
1187993,Flor de Maria Chahua,0.2499,1,True
81867,Michael Berresse,0.6119,4,True
81868,Sarah Lord,0.0281,1,True
130744,Tuck Milligan,0.099,1,True
87741,Sterling Knight,0.6527,6,True
42289,Tyler Steelman,0.2097,4,True
17270,Allison Miller,0.8682,6,True
1239467,Adam Gregory,0.171,1,True
986634,Mario Cassem,0.0818,1,True
109046,Tiya Sircar,0.3643,6,True
114602,Melissa Ordway,0.3581,5,True
51100,Gad Elmaleh,0.3493,6,True
104802,Phillip Rhys,0.3152,1,True
60602,Ron Bottitta,0.1562,1,True
92617,Matthew Willig,0.538,4,True
82191,Sharlto Copley,1.098,9,True
82193,Jason Cope,0.226,4,True
97599,Nathalie Boltt,0.4954,4,True
230818,Sylvaine Strike,0.8159,1,True
1086505,Elizabeth Mkandawie,0.1264,1,True
240024,Nick Blake,0.3987,1,True
1029046,Greg Melvill-Smith,0.3578,3,True
82190,Robert Hobbs,1.6798,4,True
82192,Vanessa Haywood,0.2563,1,True
1086506,Morena Busa Sesatsa,0.0143,1,True
1086507,Themba Nkosi,0.0143,1,True
1086508,Mzwandile Nqoba,0.0168,1,True
1086509,Barry Strydom,0.0362,1,True
173451,Jed Brophy,0.2836,4,True
2203120,David James,1.5439,4,True
1351857,Tim Gordon,1.0964,4,True
575938,Norman Anstey,4.2266,1,True
109649,Matt Stern,1.7898,4,True
1184628,David Dukas,2.22,4,True
29710,Bess Armstrong,0.8878,6,True
24743,Simon MacCorkindale,0.9622,5,True
1296367,Dan Blasko,0.1478,1,True
1296368,Liz Morris,0.0478,1,True
1296369,Lisa Maurer,0.1545,1,True
1296370,Harry Grant,0.0352,1,True
1296371,Andy Hansen,0.0387,1,True
1296372,P.T. Horn,0.0286,1,True
194357,John Perry Edson,0.0338,1,True
40394,Kaye Stevens,0.1688,3,True
1296373,Rich Valliere,0.0886,1,True
78311,Steve Valentine,0.834,4,True
558926,Sage Ryan,0.1422,1,True
1074139,Amber Gainey Meade,0.1431,1,True
492081,Ryan Ochoa,0.2934,5,True
1074140,Bobbi Page,0.3022,1,True
79635,Julian Holloway,0.225,4,True
72305,Lesley Manville,1.4029,7,True
96349,Molly C. Quinn,1.756,7,True
78887,Billy Ray Cyrus,0.3254,9,True
54594,Jason Earles,0.7184,6,True
13473,Barry Bostwick,0.7258,6,True
1544453,Jared Carter,0.0955,1,True
2644008,Katrina Smith,0.0071,1,True
2644010,Emily Grace Reaves,0.0071,1,True
212208,Taylor Swift,2.0356,10,False
1039011,Natalia Dyer,1.1356,7,True
560159,John Boylan,0.2267,1,True
141525,Matt Lauer,0.2131,8,True
141526,Sierra McCormick,0.7291,6,True
141527,Shannon Lemke,0.0336,1,True
141528,Steven Wash Jr.,0.242,1,True
141529,Kevin Buitrago,0.0555,1,True
141530,Noah Crawford,0.281,1,True
141531,Jon Kent Ethridge,0.0357,1,True
54709,Ben Best,0.2473,1,True
934289,Kiernan Shipka,3.6378,7,True
84217,Alex Meraz,1.1609,6,True
84436,Dale Place,0.1327,1,True
1579761,Alicia Hunt,0.1369,1,True
1579762,Alexis Garcia,0.0544,1,True
112266,Kortney Adams,0.1226,1,True
91520,Michiel Huisman,1.3743,7,True
18067,Rachael Stirling,1.5239,6,True
17483,Michael Maloney,0.346,4,True
139654,Genevieve O'Reilly,0.747,6,True
147884,Morven Christie,0.7357,5,True
4275,Alain Chabat,0.4607,6,True
78150,Josh Coxx,0.6032,4,True
1787843,Usha Khan,0.0547,1,True
11040,Gustaf Hammarsten,0.7631,4,True
232055,Clifford Bañagale,0.132,2,True
124471,Josh Meyers,0.1599,2,True
2475792,Robert Huerta,0.0404,1,True
179887,Gilbert Rosales,0.123,2,True
2475793,Marco Xavier,0.0071,1,True
33684,Bono,0.1787,10,False
81129,Chris Martin,0.8104,6,True
92706,Slash,0.2285,7,True
208099,Kunal Nayyar,1.0353,9,True
115972,Alex Kaluzhsky,0.1745,2,True
1357037,Alice Kremelberg,0.8881,4,True
1517868,Katherine Sigismund,0.2884,2,True
115977,Jake Siciliano,0.0457,1,True
84318,Victor Gojcaj,0.1364,2,True
2227128,Robert Vataj,0.0214,1,True
97461,Ramsey Moore,0.1085,2,True
85419,Dylan Kenin,0.3553,3,True
143330,Adam Lamberg,0.4042,3,True
130936,Yani Gellman,0.2541,2,True
1216508,Ashlie Brillault,0.1539,2,True
1237258,Clayton Snyder,0.2699,2,True
82625,Hallie Todd,0.2681,2,True
58899,Carly Schroeder,0.7365,4,True
89551,Peter Kelamis,0.302,2,True
88082,Katy Louise Saunders,0.838,4,True
83568,Sophi Knight,1.597,4,True
61166,Ty Wood,0.3322,2,True
33051,John B. Lowe,0.3341,2,True
75822,Jessica Burleson,0.2399,2,True
81071,Adriana O'Neil,1.3064,4,True
48313,Will Woytowich,0.1838,2,True
83569,Erik J. Berg,0.0763,1,True
54235,John Bluethner,0.199,2,True
1131844,James Durham,0.0468,1,True
1126913,Darren Ross,2.5813,5,True
4513,Elizabeth McGovern,3.5348,7,True
114019,Luke Evans,1.4217,6,True
76104,Martin McCann,1.4905,4,True
115150,Kaya Scodelario,2.7102,7,True
21817,Jane March,1.0023,4,True
90451,Tom Sturridge,2.2909,6,True
40477,Chris O'Dowd,1.4907,5,True
74158,Katherine Parkinson,1.336,4,True
77266,Katie Lyons,0.2015,2,True
979167,Will Adamsdale,0.0423,1,True
155864,Kelsey Mulrooney,0.2964,2,True
1506286,Lauren Blumenfeld,0.1349,2,True
85421,Time Winters,0.4026,3,True
2630903,Heather DeLoach,0.2446,2,True
3806657,Alexandra Rea-Baum,0.0071,1,True
576474,Juliana Harkavy,0.558,3,True
1232407,Taylor Fry,0.2178,2,True
84423,Conleth Hill,0.7186,4,True
17487,John Gallagher Jr.,0.566,4,True
84421,Lyle Kanouse,0.1266,2,True
2478387,Clifford Lee Dickson,0.0143,1,True
36549,Yolonda Ross,0.2081,2,True
1218277,Samantha Bee,0.1866,3,True
84846,Jared Lavette,0.0387,1,True
84847,Micah Lavette,0.0168,1,True
43202,Antje Traue,1.7963,4,True
116637,Cung Le,0.352,3,True
79419,Eddie Rouse,0.159,2,True
1846,André Hennicke,0.2601,2,True
28273,Friederike Kempter,0.2187,2,True
46216,Niels-Bruno Schmidt,0.1553,2,True
132181,Asia Luna Mohmand,0.053,1,True
132182,Delphine Chuillot,0.1926,2,True
7805,Wotan Wilke Möhring,0.247,2,True
132183,Julian Rappe,0.0214,1,True
73539,Domenico D'Ambrosio,0.0453,1,True
20132,Jon Foster,0.5339,3,True
74610,Tasha Smith,0.3582,3,True
89462,Kali Hawk,0.2248,2,True
211764,Jonna Walsh,1.1341,4,True
76068,Michael Dorman,0.6875,4,True
1121519,Harriet Minto-Day,0.1597,2,True
61911,Tiffany Lamb,0.0491,1,True
56496,Mungo McKay,0.0565,1,True
125318,Emma Randall,0.077,1,True
1391737,Charlotte Wilson,0.0261,1,True
1120664,Troy MacKinder,0.1067,2,True
1128161,Robyn Moore,0.1014,1,True
94421,Bobby Campo,0.9384,4,True
94423,Shantel VanSanten,1.8591,5,True
94424,Haley Webb,0.5068,3,True
74136,Justin Welborn,0.6677,4,True
94427,Stephanie Honoré,0.7488,4,True
94428,Lara Grice,0.2389,2,True
94429,Jackson Walker,1.3365,4,True
92058,Phil Austin,0.2016,2,True
1905544,William Aguillard,0.0596,1,True
1099652,Brendan Aguillard,0.0714,1,True
4910504,Juan Kincaid,0.0071,1,True
1420806,Monique Detraz,0.051,1,True
5375,Geoffrey Arend,0.5359,3,True
1544863,Charles Walker,0.0214,1,True
133591,Ian Reed Kesler,0.9084,4,True
58523,Darryl Alan Reed,0.1668,1,True
18516,Nicole Vicius,0.4947,3,True
1564097,Natalie Boren,0.0404,1,True
68610,Gustavo Carr,1.0593,4,True
80758,Boris Kodjoe,0.5578,7,True
587701,Ian Novick,1.0278,4,True
172303,Danny F Smith,0.0143,1,True
1016151,Jeffrey De Serrano,0.2339,2,True
1233560,Trevor Donovan,0.4057,2,True
1234039,Michael Philip,0.2199,2,True
54182,Taylor Cole,1.5088,6,True
1908774,Sal Cortez,0.0604,1,True
1908773,Ryan Levine,0.0398,1,True
3236779,Colin Askey,0.0517,1,True
85614,Juno Rinaldi,0.3815,2,True
77037,Josh Emerson,0.3027,2,True
1680887,Nicole Leduc,0.1393,1,True
98215,Matt Gerald,0.6118,3,True
154153,Sean Anthony Moran,0.3255,2,True
397312,Jason Whyte,0.0626,1,True
986734,Kelly Kilgour,0.18,1,True
33305,Nathan Meister,1.3219,4,True
149551,Nick Cornish,0.2313,2,True
1215072,Clea Lewis,0.1892,1,True
144525,Stephen Guarino,0.2078,2,True
122851,Elsie Fisher,2.232,8,True
124750,Dana Gaier,0.4299,5,True
124747,Pierre Coffin,0.3054,8,True
124748,Chris Renaud,0.3219,8,True
55936,Jemaine Clement,1.4388,8,True
125167,Mindy Kaling,0.8558,9,True
86237,Joe Pingue,0.3045,2,True
123812,Lateef Crowder,0.3995,2,True
1452956,Thom Khoury Williams,0.1042,1,True
86268,Serinda Swan,1.7143,7,True
60033,Yaya DaCosta,1.2581,7,True
130108,Elizabeth Mathis,0.4839,3,True
145110,Kis Yurij,0.1697,1,True
43263,Conrad Coates,0.436,2,True
10874,Ron Selmour,0.3151,2,True
114293,Tom Wopat,1.098,8,True
87310,Julia Jones,1.1902,4,True
62787,Rio Hackford,0.291,2,True
2683775,Luke James Fleischmann,0.0143,1,True
147472,Alan Doyle,0.8751,6,True
80149,Douglas Hodge,0.5092,3,True
17499,Jonathan Zaccaï,0.3269,2,True
1182597,Denise Gough,1.3775,4,True
226083,Ruby Bentall,1.3321,4,True
1403559,Stuart Martin,1.4826,4,True
1524100,Tom Blyth,1.149,4,True
113505,Kodi Smit-McPhee,1.0979,7,True
963745,Buddy Sosthand,0.1074,1,True
1297771,Agnes Herrmann,0.0789,1,True
1297772,Kirk Brown,0.0143,1,True
991960,Jack Erdie,0.3419,2,True
1297777,David August Lindauer,0.0363,1,True
1297776,Gina Preciado,0.0338,1,True
1674222,Wilson Moore,0.1207,1,True
119592,Aubrey Plaza,3.8262,10,True
86626,Aziz Ansari,0.5211,9,True
1569834,Rod Man,0.0071,1,True
129750,Mike O'Connell,0.1305,1,True
86653,Carter Jenkins,0.4796,3,True
86654,Austin Butler,4.4418,10,True
86655,Ashley Boettcher,0.5041,3,True
86656,Henri Young,0.0705,1,True
86657,Regan Young,0.0938,1,True
61182,Gillian Vigman,0.5663,3,True
118544,Melise,0.5402,3,True
1822762,Megan Parker,0.0214,1,True
1574203,Maggie VandenBerghe,0.1038,1,True
66579,Bonnie Somerville,0.5979,3,True
141415,Noah Matthews,0.1341,1,True
141424,John Sloman,0.0747,1,True
127048,Nate Corddry,0.3094,2,True
141432,Allen Maldonado,0.2029,2,True
141433,Steve Little,0.6036,3,True
77517,Isabelle Fuhrman,0.9888,7,True
90455,Aryana Engineer,0.8664,3,True
90456,Jamie Young,0.3082,2,True
90457,Lorry Ayers,0.3177,2,True
59602,Brendan Wall,0.582,3,True
80969,Genelle Williams,0.6709,3,True
90458,Mustafa Abdelkarim,0.0637,1,True
90459,Landon Norris,0.0897,1,True
90460,Julien Elia,0.0281,1,True
90467,Andrew Shaver,1.0947,4,True
108774,Michael Reilly Burke,0.5687,3,True
109784,Karley Scott Collins,0.2694,2,True
109783,Haley Pullos,0.6799,3,True
62819,Diane Ayala Goldner,0.4002,2,True
109786,Alex Feldman,0.1951,1,True
109785,Krystal Mayo,0.0915,1,True
109787,Michael Showers,0.0752,1,True
86536,Bill Stinchcomb,0.1189,1,True
88902,Ellen Wong,0.242,2,True
88903,Satya Bhabha,0.7171,3,True
1057765,Keita Saito,0.6931,3,True
111875,Al Roker,0.421,8,True
968412,Max Neuwirth,0.099,1,True
470529,Angela Shelton,0.121,1,True
1231874,Landon Pigg,0.0526,4,True
87444,Sarah Habel,0.445,4,True
92019,Shannon Eagen,0.1318,1,True
52863,Carlo Alban,0.5911,1,True
124305,Emerald-Angel Young,0.1379,1,True
1577506,Brooke Stacy Mills,0.4317,1,True
1241157,Tanedra Howard,0.0963,1,True
188600,Marty Moreau,0.2387,1,True
1649211,Shawn Ahmed,0.0687,1,True
1649240,Janelle Hutchison,0.2582,1,True
284032,Caroline Cave,0.1847,1,True
205082,Shauna MacDonald,0.1883,1,True
207491,Melanie Scrofano,1.1795,5,True
113235,Eric Loren,0.1182,1,True
113236,Mia McKenna-Bruce,0.5068,4,True
84068,Daphne Alexander,0.2417,1,True
113237,Alisha Seaton,0.0855,1,True
113238,Tyne Rafaeli,0.0663,1,True
113240,Kiera McMaster,0.0538,1,True
105692,Julian Vergov,0.2928,1,True
1732807,Ioan Lov,0.0404,1,True
569528,Sam Oz Stone,0.0481,1,True
94098,Gillian Jacobs,0.9851,7,True
39127,Lisa K. Wyatt,0.3956,1,True
1508820,Mark S. Cartier,0.0281,1,True
1777020,Kevin Robertson,0.0143,1,True
997207,Michele Durrett,0.0239,1,True
1218234,Ian Kahn,0.1714,1,True
210007,Ryan Woodle,0.116,1,True
91369,Basil Hoffman,0.4218,1,True
99846,Sho Kosugi,0.4103,4,True
1257963,Lee Joon,0.7376,5,True
1434487,Anna Sawai,1.1868,5,True
1434486,Kai Fung Rieck,0.0713,1,True
1434485,Sungwoong Yoon,0.0453,1,True
979342,Kylie Liya Page,0.7526,1,True
38621,Eleonore Weisgerber,0.266,1,True
17060,Wladimir Tarasjanz,0.1325,1,True
1434488,Thorston Manderlay,0.3061,1,True
1186438,Richard van Weyden,0.534,1,True
112560,Quinton Aaron,0.5588,5,True
112561,Lily Collins,1.6073,9,True
112562,Catherine Dyer,0.3158,1,True
226537,Libby Whittemore,0.286,1,True
1127790,Brian Hollan,0.0356,1,True
968305,Melody Weintraub,0.0143,1,True
142374,Sharon Conley,0.4116,1,True
88995,Adrianne Palicki,1.4412,7,True
1223171,Willa Holland,1.124,6,True
1125192,Cameron Harlow,0.0503,1,True
21049,Yancey Arias,0.507,4,True
1451123,Stephen Oyoung,0.2402,1,True
211993,Caitlin FitzGerald,1.2425,6,True
1259762,Emjay Anthony,0.5632,4,True
233298,Robert Curtis Brown,0.4282,4,True
105641,James Patrick Stuart,0.5315,5,True
1223878,Emily Kinney,1.1032,7,True
31136,Chris Brown,0.5605,10,False
76126,T.I.,0.8933,9,True
118374,Gaius Charles,0.5097,4,True
35981,Gideon Emery,0.9238,4,True
81703,Zulay Henao,0.7561,5,True
1628323,Keri Maletto,0.0261,1,True
142384,Adrienne Lamping,0.0412,1,True
84300,Chris Lowell,0.7307,5,True
63136,Patrick Mofokeng,0.1141,1,True
109651,Adjoa Andoh,0.6158,5,True
109652,Marguerite Wheatley,0.0414,1,True
2609,Leleti Khumalo,0.2321,4,True
109653,Patrick Lyster,0.4655,1,True
108579,Penny Downie,0.4558,4,True
2840389,Sibongile Nojila,0.0071,1,True
15544,Bonnie Mbuli,0.1406,1,True
2840392,Shakes Myeko,0.0143,1,True
967456,Louis Minnaar,0.5924,1,True
93919,Danny Keogh,1.2314,4,True
1148622,Jakkie Groenewald,1.1302,1,True
1076786,Albert Maritz,1.1118,1,True
1378662,Grant Roberts,1.5284,1,True
210695,Jesse Williams,0.6775,8,True
486603,Anna Hutchison,1.0161,5,True
62849,Tom Lenk,0.1465,4,True
1275716,Greg Zach,0.1444,1,True
85505,Dan Payne,0.4367,1,True
51976,D.J. Cotrona,0.395,5,True
2499695,Gavin McCulley,0.0735,1,True
2499696,Jose Lucena Jr.,0.0777,1,True
1657441,Leslea Fisher,0.2327,1,True
78888,Mary Rachel Quinn,0.2332,1,True
2499701,Bryce Hayes,0.0143,1,True
2499702,R. Braeden Reed,0.0071,1,True
84482,Luke Benward,0.7548,5,True
41316,Igal Naor,0.302,4,True
73710,Raad Rawi,0.5738,4,True
122345,Tommy Campbell,0.1032,1,True
122281,Jerry Della Salla,0.0423,1,True
122280,Aymen Hamdouchi,0.3564,1,True
93131,Nicoye Banks,0.0945,1,True
122311,Soumaya Akaaboune,2.4439,1,True
39189,Stephen Merchant,0.9283,7,True
116131,Ryan Sheckler,0.1531,4,True
964590,Destiny Whitlock,0.5051,1,True
64148,Chase Ellison,0.4919,1,True
208246,Darien Provost,0.1979,1,True
1112033,Nicole Muñoz,0.5819,1,True
558927,Brendan Meyer,0.455,1,True
158644,Ellie Harvie,0.5123,1,True
1511127,Maya Washington,2.3025,1,True
143548,Fernanda Dorogi,0.5847,1,True
143549,Rebekah Kennedy,0.1067,1,True
25445,Matt Devere,0.3606,1,True
118616,Robert Sheehan,1.2548,8,True
120932,Claire Foy,1.0906,9,True
2005178,Kevin Rees,0.0416,1,True
2005187,Róbert Bánlaki,0.0143,1,True
76471,Barna Illyés,0.0666,1,True
116882,Lyndsy Fonseca,0.9095,7,True
86624,Collette Wolfe,0.6471,6,True
2990247,Aliu Oyofo,0.0168,1,True
2990248,Jake Rose,0.0214,1,True
2990249,Brook Bennett,0.0432,1,True
82096,Jessica Paré,1.1493,7,True
52849,Louis C.K.,0.4338,9,True
2727142,Donna Sorbello,0.1233,1,True
934159,Eric André,1.1468,7,True
133068,Owen Burke,0.2418,1,True
133069,Dennis McLaughlin,0.158,1,True
133070,Corena Chase,0.1485,1,True
64143,Brian Scannell,0.1238,1,True
133071,Kerri Dunbar,0.0729,1,True
133072,Tony V.,0.0464,1,True
3882342,Isaac Bordoy,0.0143,1,True
1218228,Ruby Jerins,0.3659,5,True
24360,Gregory Jbara,0.4429,5,True
965205,Tate Ellington,0.3893,6,True
1386512,Chris McKinney,0.0594,1,True
968974,Christopher Clawson,0.0982,1,True
968851,Kelli Barrett,0.4342,1,True
1539168,Moisés Acevedo,0.093,1,True
1188567,Morgan Turner,0.8386,1,True
1281596,Will Shadley,0.3111,1,True
1251285,Alina Foley,0.5485,1,True
224446,Magnús Scheving,1.2819,4,True
211488,Katherine Boecher,0.6299,1,True
1424323,Maverick McWilliams,0.0193,1,True
1424324,Quinn Mason,0.0361,1,True
1424325,Esodie Geiger,0.7515,1,True
106934,Anjelah Johnson-Reyes,0.2027,6,True
85176,Bridgit Mendler,0.4039,7,True
1224238,Aimee Carrero,0.6012,6,True
1253199,Alexandra Shipp,1.1088,7,True
108916,Rooney Mara,1.5227,9,True
86310,Connie Britton,1.6438,8,True
1360033,Lia D. Mortensen,0.3184,1,True
1637369,Julianna Damm,0.1098,1,True
1637370,Katie Schooping Knight,0.0143,1,True
1637371,Hailey Schooping Knight,0.0214,1,True
1637372,Leah Uteg,0.0071,1,True
1637374,Don Robert Cass,0.0143,1,True
116881,Deborah Twiss,0.7499,5,True
164250,Stu 'Large' Riley,0.1878,1,True
157031,Karimah Westbrook,0.2577,5,True
973259,Natalia Rivera,0.0478,1,True
126109,Guillermo Valedón,0.7181,1,True
52514,Malcolm Scott,0.2816,1,True
229694,Revard Dufresne,0.2898,1,True
1079146,Kelora Clingwall,0.0286,1,True
567627,Electra Avellan,0.3609,1,True
1569850,Elise Avellan,0.1899,1,True
968889,Billy Blair,0.2103,1,True
185805,Jason Jones,0.2967,6,True
967621,Delaney Hamilton,0.0404,1,True
157058,George Sharperson,0.2417,1,True
118043,Francie Swift,0.5566,5,True
104196,Sean Cullen,0.215,4,True
1460926,Cory Fernandez,0.1065,1,True
90596,Katie Featherston,0.5522,7,True
90597,Micah Sloat,0.1602,6,True
90598,Mark Fredrichs,0.0772,5,True
967678,Amber Armstrong,0.0767,5,True
967721,Ashley Palmer,0.1506,5,True
65225,Justin Chon,0.4619,6,True
210355,Brea Grant,1.0308,6,True
183073,Angela Trimbur,0.223,5,True
109441,Chris Massoglia,0.2827,5,True
109867,Jessica Carlson,0.2296,1,True
109868,Morgan Saylor,1.1423,6,True
95635,Michelle Nolden,0.4998,6,True
1017085,Brian Bisson,0.1266,1,True
1178559,James Lafazanos,0.1415,1,True
193040,Dan Duran,0.1224,1,True
1393538,Jan Caruana,0.1821,1,True
88929,Jean Yoon,0.2536,5,True
113931,Duane Murray,0.1619,1,True
166529,Philip Craig,0.535,1,True
1214673,Alexis Denisof,0.3222,7,True
60120,Tina Benko,0.2305,5,True
1205278,James Norton,2.2189,8,True
7074,Peter Brocco,0.2582,4,True
197073,Philip Perlman,0.0795,1,True
3416,Demi Moore,4.6414,10,True
2395,Whoopi Goldberg,1.5908,10,True
3417,Tony Goldwyn,1.0621,8,True
3418,Vincent Schiavelli,0.7526,5,True
3432,Rick Aviles,0.7245,4,True
943665,Martina Deignan,0.175,1,True
2507349,Rick Kleber,0.1422,1,True
3433,Phil Leeds,0.4829,4,True
3420,Armelia McQueen,0.1351,4,True
3422,Gail Boggs,0.1159,1,True
3434,Alma Beltran,0.3118,4,True
3419,Vivian Bonnell,0.2197,4,True
1737569,Derek Thompson,0.1652,1,True
154713,Tom Finnegan,0.4558,4,True
10222,Roger Moore,1.3155,10,True
5050,Yaphet Kotto,0.6027,8,True
10223,Jane Seymour,1.5619,9,True
10224,Clifton James,0.3008,4,True
6772,Julius Harris,0.3439,4,True
10225,Geoffrey Holder,0.2075,4,True
10226,David Hedison,0.5065,5,True
10227,Gloria Hendry,0.2383,4,True
9874,Bernard Lee,0.5906,4,True
9878,Lois Maxwell,0.5315,4,True
10228,Tommy Lane,0.424,4,True
141270,Earl Jolly Brown,0.3144,4,True
19617,Lon Satton,0.0575,1,True
30577,Madeline Smith,0.6435,4,True
1350577,Roy Stewart,0.1195,1,True
1176366,Arnold Williams,1.2016,4,True
3489,Naomi Watts,2.1256,10,True
3490,Adrien Brody,2.0013,10,True
3492,Colin Hanks,2.7714,8,True
3491,Thomas Kretschmann,0.8172,8,True
3497,Kyle Chandler,1.1286,8,True
3493,Evan Parke,0.3507,4,True
3494,Lobo Chan,0.1273,1,True
3495,John Sumner,0.1093,1,True
3496,Craig Hall,0.3486,4,True
2032189,Peter McKenzie,0.0409,1,True
1166385,William Johnson,0.3464,4,True
3541,David Pittu,0.2343,4,True
81877,Mark Hadlow,0.1961,4,True
107754,David Dennis,1.134,4,True
1949148,Laura Surrich,2.4386,4,True
196780,Jim McLarty,1.1948,4,True
3542,Barney Clark,0.0798,1,True
3543,Jamie Foreman,0.7849,4,True
3544,Harry Eden,0.2579,5,True
3545,Edward Hardwicke,0.3277,4,True
3546,Leanne Rowe,0.1355,1,True
3547,Ian McNeice,0.9071,4,True
3566,Chris Overton,0.1431,1,True
3549,Andy Linden,0.21,4,True
3550,Teresa Churcher,0.1368,1,True
3551,Jake Curran,0.5037,4,True
3552,Turbo,0.0502,1,True
3553,Lewis Chase,0.0567,1,True
3554,Levi Hayes,0.0193,1,True
3555,Jeremy Swift,0.7101,4,True
3565,Gillian Hanna,0.1477,1,True
1571182,Morgane Polanski,1.0013,4,True
4040,Robert Wuhl,0.7614,4,True
3798,Pat Hingle,0.7215,4,True
3799,Billy Dee Williams,1.2546,8,True
3796,Michael Gough,0.5518,4,True
3785,Jack Palance,1.0919,8,True
3800,Jerry Hall,0.3945,7,True
3801,Tracey Walter,0.5844,4,True
3802,Lee Wallace,0.1746,4,True
79502,Richard Strange,0.1299,1,True
127166,Carl Chase,0.1787,1,True
33403,Mac McDonald,0.2505,4,True
1806344,George Lane Cooper,0.1154,1,True
3803,Edwin Craig,1.6937,4,True
3896,Liam Neeson,5.3923,10,True
3897,Katie Holmes,1.9186,10,True
3899,Ken Watanabe,2.114,9,True
3900,Linus Roache,1.2766,8,True
151943,Gerard Murphy,0.0931,1,True
128386,Colin McFarlane,0.2017,4,True
3902,Sara Stewart,0.6271,4,True
489467,Jack Gleeson,1.3574,5,True
1111202,Terry McMahon,1.2363,4,True
25451,Spencer Wilding,1.5105,4,True
4173,Anthony Hopkins,2.6103,10,True
15854,Ted Levine,1.8943,8,True
16293,Anthony Heald,0.4993,4,True
31649,Brooke Smith,1.8163,8,True
6930,Diane Baker,0.6242,4,True
51864,Kasi Lemmons,0.3072,4,True
13936,Frankie Faison,0.915,4,True
16119,Charles Napier,0.5506,4,True
183640,Danny Darst,0.252,1,True
1280997,Alex Coleman,0.4177,1,True
76470,Dan Butler,0.4945,4,True
138988,Paul Lazar,0.2722,4,True
32592,Ron Vawter,0.1678,4,True
235837,Amanda Fairbank-Hynes,0.3596,1,True
568374,William Melling,0.4698,6,True
1205266,Connor Catchpole,0.1986,1,True
213394,Matthew Beard,0.7164,1,True
220290,Ellie Kendrick,0.6029,7,True
1205267,Nick Sampson,0.1297,1,True
1123818,Joan Juliet Buck,0.4612,1,True
967452,Crystal McCreary,0.0673,1,True
83872,Casey Wilson,0.5799,6,True
61219,Jillian Bach,0.4077,1,True
206902,Andrew Garman,0.197,1,True
2162954,Brooks Ashmanskas,0.1779,1,True
150584,Noel O'Donovan,0.0798,1,True
44930,Tony Rohr,0.1728,1,True
43139,Alan Devlin,0.0699,1,True
115146,Dominique McElligott,1.7804,6,True
1227302,Mark O'Regan,0.1051,1,True
59715,Peter O'Meara,0.215,1,True
1239704,Macdara Ó Fátharta,0.1026,1,True
1738564,Liza Ross,0.2663,1,True
63365,David Herlihy,1.1761,1,True
982297,J. Michael Oliva,0.0835,1,True
939166,Brian Gleason,0.5671,1,True
939366,Anna Felix,0.0389,1,True
1674161,Ryan Bingham,0.8511,5,True
308843,Rick Dial,0.1624,1,True
239997,Debrianna Mansini,0.3928,1,True
2735173,Jerry Handy,0.0071,1,True
2735174,Jack Nation,0.0168,1,True
109560,Gabourey Sidibe,0.5029,8,True
77069,Lenny Kravitz,0.7391,10,False
109562,Stephanie Andujar,0.0878,5,True
109563,Chyna Layne,0.1921,1,True
109564,Amina Robinson,0.0639,1,True
109565,Xosha Roquemore,0.2399,5,True
109566,Angelic Zambrana,0.383,1,True
109567,Aunt Dot,0.0143,1,True
109568,Nealla Gordon,0.1092,1,True
109569,Grace Hightower,0.0143,1,True
109570,Barret Helms,0.0941,1,True
65397,Kimberly Russell,0.2456,1,True
16702,Sean Harris,1.3002,7,True
449889,Plan B,0.2199,6,True
85065,Jack O'Connell,1.9236,8,True
1148519,Jamie Downey,0.0641,1,True
1148520,Liz Daniels,0.288,1,True
440943,Raza Jaffrey,0.3622,6,True
225610,Joseph Gilgun,0.7742,7,True
146768,Claire Hackett,0.1551,1,True
591346,Forbes KB,0.245,1,True
122231,Kate Moennig,1.3058,7,True
5370,Austin Lysy,0.2644,1,True
963684,Chandler Frantz,0.297,1,True
1330527,Lily Mo Sheen,0.6437,1,True
468492,Lucian Maisel,0.119,1,True
1178792,Jason Harris,0.1466,1,True
222121,Ben Schwartz,1.3155,8,True
43323,José Luis García Pérez,0.0686,6,True
559068,Robert Paterson,0.5462,1,True
1040499,Ivana Miño,0.2292,1,True
194641,Warner Loughlin,0.0602,1,True
1062208,Cade Dundish,0.0661,1,True
176035,Kirk Baily,0.1923,6,True
41227,Anne Lockhart,0.6798,5,True
1208113,Michalla Petersen,0.0261,1,True
120832,Kasia Smutniak,0.6439,5,True
120833,Richard Durden,0.7999,6,True
1019987,Bing Yin,0.0964,1,True
574378,Amber Rose Revah,1.1269,6,True
1637449,François Bredon,0.1201,1,True
82318,Chems Dahmani,0.1153,1,True
1068891,Sami Darr,0.1278,1,True
1637450,Julien Hagnery,0.0453,1,True
1001076,Mostéfa Stiti,0.0821,1,True
1121635,Rebecca Dayan,0.2909,5,True
118512,Michaël Vander-Meiren,0.0835,1,True
1637451,Didier Constant,0.0596,1,True
146182,Alexandra Boyd,0.9667,1,True
1187835,James A. Stephens,0.1459,1,True
1187836,Gregory Woo,0.0214,1,True
1580133,Nicole Ehinger,0.1732,1,True
119586,Ethan Peck,1.0768,7,True
173212,Tohoru Masamune,0.1756,1,True
973135,Claire Geare,0.4923,1,True
114144,Gio Perez,0.0986,1,True
88550,Joel Marsh Garland,0.2178,1,True
1214054,Jason Kolotouros,0.188,1,True
167582,Lynda Gravatt,0.096,1,True
7107,Daniel Olbrychski,0.3295,6,True
1116905,Daniel Pearce,0.0905,1,True
44826,Hunt Block,0.5965,5,True
118377,Cassidy Hinkle,0.1751,1,True
1503860,Vladislav Koulikov,0.0297,1,True
1944556,Olya Zueva,0.1238,1,True
118384,Kevin O'Donnell,0.0615,1,True
118391,Zach Shaffer,0.0352,1,True
74748,Randy Couture,0.4643,7,True
77120,Steve Austin,0.3764,9,True
99414,Giselle Itié,0.5761,5,True
126502,Charisma Carpenter,1.075,8,True
68559,Gary Daniels,0.5898,6,True
131772,Amin Joseph,0.4839,1,True
115840,Grifon Aldren,0.4503,1,True
44649,Violante Placido,1.0413,5,True
53904,Johan Leysen,0.3222,5,True
85386,Irina Björklund,0.4668,6,True
55002,Björn Granath,0.3255,5,True
226029,Giorgio Gobbi,1.1385,1,True
7556,Silvana Bosi,0.1319,1,True
1223739,Guido Palliggiano,0.1089,1,True
147734,Samuli Vauramo,0.2114,5,True
1280828,Antonio Rampino,0.0214,1,True
105868,Filippo Timi,0.0949,1,True
1280829,Ilaria Cramerotti,0.1961,1,True
1280830,Angelica Novak,0.0441,1,True
97406,Natalie Zea,1.241,7,True
87822,Damon Wayans Jr.,0.9197,9,True
147445,Derek Jeter,0.048,10,False
142953,Mini Anden,0.3914,6,True
90113,Katarzyna Wolejnio,0.2528,1,True
1092893,Ardy Brent Carlson,0.1167,1,True
1496437,Joshua Bridgewater,0.0479,1,True
1485819,Joel Davis,0.0691,1,True
179973,Mark Nutter,0.1239,1,True
557932,Robbie Sublett,0.1463,1,True
1765788,Kevin DeCoste,0.1597,1,True
2727141,Robert Degnan,0.0143,1,True
1158532,Tora Hallström,0.4071,1,True
1540108,Frank S. Aronson,0.0214,1,True
1736804,Troy Doherty,0.437,1,True
2727143,Ian Sherman,0.0143,1,True
1534016,Timothy Crowe,0.0214,1,True
91600,R.H. Thomson,0.344,6,True
19961,Nina Dobrev,3.1343,10,True
125579,Mishu Vellani,0.1409,1,True
12487,Julie Khaner,0.1359,1,True
63858,Laura de Carteret,0.4005,5,True
125581,Tiffany Lyndall-Knight,0.2503,4,True
125582,Arlene Duncan,0.1577,4,True
1160260,Tamsen McDonough,0.3045,1,True
1160261,Kathryn Kriitmaa,0.052,1,True
1160262,Adam Waxman,0.1338,1,True
1228319,Natalie Lisinska,0.3794,4,True
100567,Kerry O'Malley,0.5111,1,True
133926,Alexander Conti,0.3304,1,True
1120617,Philip Cabrita,0.0457,1,True
112643,Vanesa Tomasino,0.3354,1,True
75532,Benita Ha,0.2397,1,True
1145894,J. Winston Carroll,0.3387,1,True
103834,Joe Reegan,0.3621,1,True
98420,Lynn Lowry,0.3535,5,True
103832,Christie Lynn Smith,0.4348,1,True
12549,Brett Rickaby,0.1789,4,True
80378,Preston Bailey,0.6295,1,True
103833,John Aylward,0.2529,5,True
992427,Pierce Gagnon,2.0754,6,True
83605,Mike Hickman,0.1059,4,True
570775,Matt Lintz,1.0046,5,True
27798,Marilyn Burns,0.3024,7,True
122454,Allen Danziger,0.1295,4,True
122455,Paul A. Partain,0.2863,4,True
122457,Teri McMinn,0.0456,4,True
104014,Jim Siedow,0.1284,5,True
27804,Gunnar Hansen,0.1538,7,True
104892,John Dugan,0.1169,4,True
1453740,Robert Courtin,0.0495,1,True
565191,William Creamer,0.0338,1,True
1372356,John Henry Faulk,0.0398,1,True
1453812,Jerry Green,0.0261,1,True
1453813,Ed Guinn,0.0286,1,True
1453814,Joe Bill Hogan,0.0143,1,True
1453815,Perry Lorenz,0.0327,1,True
211937,Tiffany Espensen,0.2296,5,True
1627909,Daniel Lévesque,0.532,1,True
1470384,Max Turnbull,0.0793,1,True
1507598,Charlie Gallant,0.1727,1,True
999790,Alexis Knapp,0.4799,7,True
140114,Marie Avgeropoulos,1.0394,8,True
543990,Merritt Patterson,1.1034,6,True
144852,Richard Harmon,2.0383,7,True
3856045,Tyler McKinney,0.0704,1,True
1220256,Zoe Salmon,0.088,1,True
1014926,Lino Facioli,0.2445,5,True
3856049,Eric Marshall,0.0143,1,True
69230,Lars Ulrich,0.1356,9,True
19185,Mario López,0.326,9,True
77271,Pink,0.3699,10,False
287341,Billy Bush,0.1286,7,True
151361,Kurt Loder,0.1301,6,True
53397,Christina Aguilera,0.3919,10,False
475512,Ellie Kemper,1.284,9,True
543505,Jake Johnson,1.2123,9,True
97906,Christine Nguyen,2.2208,6,True
169337,Katherine LaNasa,1.8475,6,True
2073513,Megan Suri,1.0023,5,True
25732,Curtis Matthew,0.6208,1,True
65445,Samuel Roukin,0.1789,5,True
84468,Laine MacNeil,0.4648,4,True
111931,Andrew McNee,0.1803,1,True
858704,Connor Fielding,0.6473,1,True
1769435,Owen Fielding,0.3055,1,True
111923,Karan Brar,0.9761,7,True
152863,Belita Moreno,0.1753,5,True
1366703,Nicholas Carey,0.1088,1,True
118753,Alexander Wraith,0.3997,5,True
115335,Anna Kuchma,0.1188,1,True
71810,Julianne Michelle,0.5951,1,True
118755,Keith Middlebrook,0.09,4,True
59860,Alice Eve,2.7315,8,True
111685,Kim Shaw,0.6776,4,True
1215836,Kyle Bornheimer,0.4915,6,True
200237,Jessica St. Clair,0.232,4,True
15453,Debra Jo Rupp,0.8724,8,True
29407,Trevor Eve,0.3549,6,True
56104,Sharon Maughan,0.2396,4,True
78811,Quinton 'Rampage' Jackson,0.3624,8,True
29512,Gerald McRaney,1.1052,7,True
4753,Brian Bloom,0.8511,6,True
65726,Maury Sterling,0.5853,6,True
208069,Jacob Blair,0.6801,5,True
1316023,Jon Kortajarena,0.7884,5,True
142380,Paulette Lamori,0.1051,1,True
35027,Ryan Simpkins,0.3482,5,True
63540,Teddy Sears,0.7254,6,True
162526,Paul Butler,0.0563,1,True
142381,Aaron Sanders,0.2342,1,True
1544916,Aline Weber,0.0071,1,True
77803,Keri Lynn Pratt,0.5252,5,True
145132,Jenna Gavigan,0.0992,1,True
1544917,Alicia Carr,0.2129,1,True
156615,Leslie Rivers,0.0377,1,True
113224,Michaela Watkins,0.4673,6,True
41217,Tom Bosley,0.5684,9,True
207250,Maribeth Monroe,0.3454,5,True
113223,Linda Lavin,0.3803,7,True
149486,Carlease Burke,0.2666,5,True
1656906,Amy Block,0.0071,1,True
112052,Jennifer Elise Cox,0.4507,5,True
64147,Peter Macdissi,0.2905,5,True
113230,Peter Francis James,0.1055,5,True
143244,Tanee McCall,0.2664,1,True
2422593,Daniel Kalal,0.0336,1,True
113308,Louis Ozawa,0.3769,5,True
1015924,Carey Jones,0.3626,1,True
937684,Lil Woods,0.3841,1,True
1548525,Oscar Steer,0.402,1,True
1870714,Rosie Taylor-Ritson,0.3978,1,True
81269,Eros Vlahos,0.3826,6,True
1222241,Katy Brand,0.4438,6,True
36668,Sinead Matthews,0.5729,4,True
72310,Sam Kelly,0.4222,5,True
85825,Leighton Meester,2.0329,9,True
109708,Bill Burr,1.0372,9,True
1248380,Savannah Paige Rae,0.3069,5,True
41308,Bobby Coleman,0.2972,6,True
114599,Hallock Beals,0.2034,5,True
114600,Nick Lashaway,0.2442,5,True
114601,Carly Chaikin,0.661,7,True
114603,Adam Barnett,0.0214,1,True
101847,Lance E. Nichols,0.2247,4,True
2184260,Carrie Malabre,0.052,1,True
1086221,Stephanie Leigh Schlund,0.1494,4,True
114760,Kacey Barnfield,0.6205,5,True
78994,Sergio Peris-Mencheta,0.3372,6,True
970017,Norman Yeung,0.1103,1,True
969189,Ray Olubowale,0.1554,1,True
1310668,Christopher Kano,0.0143,1,True
1310669,Tatsuya Goke,0.0143,1,True
930327,Nobuya Shimamoto,0.2392,1,True
10916,Caterina Murino,1.14,7,True
10917,Simon Abkarian,0.2022,6,True
76339,Claudio Santamaria,0.3076,5,True
94955,Sébastien Foucan,0.2018,6,True
40660,Malcolm Sinclair,0.2467,5,True
49487,Richard Sammel,0.4341,5,True
207606,Alessandra Ambrosio,1.0114,9,True
115787,Danny John-Jules,0.9614,6,True
10845,Marit Velle Kile,0.1421,1,True
10846,Daz Crawford,0.4265,1,True
12949,Priscilla Presley,1.5774,9,True
12951,O. J. Simpson,0.4585,10,False
115654,Anna Nicole Smith,1.0032,9,True
122592,Ed Williams,0.4825,4,True
13422,Raye Birk,0.1892,5,True
1319670,Wylie Small,0.2057,1,True
1829397,Sharon Cornell,0.0362,1,True
3126366,Lorali Hart,1.7201,1,True
10777,Maria Grazia Cucinotta,0.6785,6,True
1123329,Goldie,0.1015,8,True
10824,N'Bushe Wright,0.1877,5,True
66147,Arly Jover,0.4238,4,True
4962631,Donna Wong,0.0143,1,True
161917,Carmen Thomas,0.3959,1,True
149407,Shannon Lee,0.576,7,True
42191,Kenny Johnson,1.7266,7,True
115788,Paul Levesque,0.6071,9,True
10875,Françoise Yip,0.9944,5,True
143382,Mark Berry,0.1897,1,True
1052900,Paul Anthony,0.0687,1,True
276478,Michael Anthony Rawlins,0.0826,1,True
115854,Matthew Sharp,0.0546,1,True
2101773,Brett Morris,0.0214,1,True
115855,Rhona Shekter,0.2224,1,True
115856,Kenneth McGregor,0.157,1,True
64470,Katie Stuart,0.2506,4,True
1457276,Charles Siegel,1.1416,1,True
263,Emilio Echevarría,0.204,6,True
115876,Mikhail Gorevoy,0.3379,5,True
1365,Lawrence Makoare,0.385,7,True
2801251,Ben Wee,0.0143,1,True
10938,Barbara Carrera,1.0919,7,True
115872,Pamela Salem,0.2747,5,True
152283,Milos Kirek,0.105,1,True
44700,Anthony Sharp,0.5858,5,True
51813,Prunella Gee,0.3808,6,True
133035,Jill Meager,1.2201,1,True
13476,Nell Campbell,0.4987,7,True
13477,Jonathan Adams,1.0334,4,True
1597838,Peter Hinwood,0.6692,6,True
1304766,Hilary Farr,0.3365,5,True
1628117,Pierre Bedenes,0.0599,1,True
133499,Christopher Biggins,0.3281,5,True
13483,Gaye Brown,0.3184,5,True
149138,Ishaq Bux,0.0953,4,True
2390902,Craig Warnock,0.1823,4,True
154971,David Rappaport,0.6939,5,True
995639,Malcolm Dixon,0.1003,4,True
995640,Tiny Ross,0.2049,4,True
12689,Ralph Richardson,0.3465,9,True
215741,Winston Dennis,1.0357,1,True
116907,Marshall Manesh,0.3264,6,True
2718720,James Allen,0.0214,1,True
1504125,Katsy Chappell,0.088,1,True
1474923,Crystina Wyler,0.0261,1,True
1778254,Ofer Samra,0.1168,5,True
119172,Luisa Ranieri,1.4348,6,True
44104,Milena Vukotić,0.3415,5,True
7543,Marina Massironi,0.1079,1,True
67175,Luisa De Santis,0.1854,1,True
2757489,Paolo Arvedi,0.0658,1,True
206409,Lidia Biondi,0.1846,1,True
116692,Giordano Formenti,0.0264,1,True
76344,Remo Remotti,0.1667,1,True
120137,Ivana Lotito,0.5487,1,True
4514,Tuesday Weld,1.0487,8,True
116869,Taylor Dempsey,0.0623,1,True
73016,Debi Derryberry,0.575,5,True
12957,Nancy Marchand,0.7824,7,True
218220,Jeannette Charles,0.1154,4,True
71041,'Weird Al' Yankovic,0.5145,10,False
4249578,Leslie Maier,0.0681,1,True
154416,Winifred Freedman,0.0938,1,True
3839620,Tony Brafa,0.2852,1,True
119113,Jacqueline Brookes,0.2344,5,True
13399,Lloyd Bochner,0.4178,6,True
158936,Tim O'Connor,0.3385,5,True
1218761,John Roarke,0.1532,4,True
2937491,Margery Jane Ross,0.0143,1,True
166827,Gail Neely,0.0794,1,True
6579,Brian Delate,0.3351,1,True
23119,Peter Krause,1.2873,8,True
116898,Blair Slater,0.3593,1,True
1048405,Krista Lynn Landolfi,0.1414,1,True
116899,Ron Taylor,0.0261,1,True
116900,Don Taylor,0.0327,1,True
21521,Steven Hill,0.5992,7,True
117642,Jason Momoa,6.1607,10,True
81346,Laila Rouass,0.7255,5,True
105688,Bashar Rahal,1.2133,5,True
1812100,Anton Trendafilov,1.245,1,True
1255958,Teodora Duhovnikova,1.0442,5,True
518627,Joel Courtney,0.5767,6,True
518628,Riley Griffiths,0.1843,5,True
456066,Ryan Lee,0.4055,5,True
222122,Gabriel Basso,1.3678,6,True
88950,Joel McKinnon Miller,0.3939,6,True
484293,Britt Flatmo,0.1143,1,True
147056,Caitríona Balfe,1.4654,8,True
108253,Katie Lowes,1.1061,7,True
69036,Christian De Sica,0.143,5,True
44646,Alessio Boni,0.2629,5,True
124622,Daniele Pecci,0.3071,1,True
229667,Giovanni Guidelli,0.1067,1,True
222569,Bruno Wolkowitch,0.1516,1,True
79031,Julien Baumgartner,0.1675,5,True
225479,François Vincentelli,0.1787,4,True
40939,Clément Sibony,0.3568,4,True
24542,Jean-Claude Adelin,0.0389,1,True
27401,Bruno Bilotta,1.1983,1,True
1030261,Bérénice Marlohe,0.8021,7,True
11045,Ola Rapace,0.8114,7,True
206273,Bill Buckhurst,0.4575,4,True
100242,Elize du Toit,0.1336,4,True
122556,Ian Bonar,0.2651,5,True
2917099,Gordon Milne,0.0495,1,True
1574323,Yennis Cheung,1.5116,5,True
1771325,Amir Boutrous,2.5002,6,True
90033,Aly Michalka,1.0047,7,True
118420,Juliette Goglia,0.5473,5,True
95038,Johanna Braddy,1.0556,7,True
66776,Liza Minnelli,0.5363,10,True
118514,Parker Fong,0.147,1,True
118515,Noah Mills,0.3163,1,True
118516,Billy Stritch,0.0901,1,True
53807,Armie Hammer,0.7527,10,True
928532,Josh Pence,0.2514,1,True
88123,Brenda Song,0.9748,8,True
56930,David Selby,0.7904,7,True
968542,Denise Grayson,0.6782,1,True
135851,Bryan Barter,0.0261,1,True
115406,Dustin Fitzsimons,0.0557,1,True
118545,Dakota Johnson,5.3432,10,True
1069630,Caitlin Gerard,1.2287,6,True
93528,LeToya Luckett,0.1678,8,True
118599,Michael Daniel Cassady,0.2324,1,True
118590,Larry Joe Campbell,0.5296,7,True
118643,Falk Hentschel,0.5683,6,True
1588955,Rich Manley,1.1924,1,True
1533024,Miles Chalmers,0.1178,1,True
966625,Jesse Wheeler,0.0805,1,True
59242,Desiree Zurowski,0.2018,1,True
11828,Adrian Hough,0.314,1,True
1511137,Grace Sherman,0.1502,1,True
119248,Daniel Sharman,0.7324,8,True
308540,Anne Day-Jones,0.7108,1,True
43292,Steve Byers,0.3692,6,True
83222,Shane McRae,0.8307,5,True
1124488,Lisa Thoreson,0.1033,1,True
1124489,Florence Kastriner,0.0801,1,True
1232567,Natalie Carter,0.0849,1,True
1302816,Phyllis MacBryde,0.0214,1,True
943010,Chuck Scarborough,0.1115,6,True
1302820,Kar Fearon,0.0984,1,True
1302821,RJ Konner,0.1112,1,True
1302822,Susan D. Michaels,0.0214,1,True
1253360,Pedro Pascal,7.1315,10,True
936672,Jessica Schulte,0.1947,1,True
1364656,Emily Nordwind,0.0814,1,True
1454400,Ella Stiller,0.3416,5,True
1077795,Quinn Dempsey Stiller,0.235,5,True
1454420,Brian Hopkins,0.1337,1,True
67849,Mary-Kate Olsen,0.3325,10,True
119708,David Francis,0.1169,1,True
119706,Karl Graboshas,0.1167,1,True
119707,Jonathan Dubsky,0.0853,1,True
119709,Rhiannon Moller-Trotter,0.0682,1,True
119710,Miguel Mendoza,0.0239,1,True
96596,Roc LaFortune,0.1975,1,True
1602194,Steve Godin,0.1209,1,True
1461222,I. Gusti Ayu Puspawati,0.1739,1,True
1461223,Hadi Subiyanto,0.1132,1,True
1461232,A. Jay Radcliff,0.0775,1,True
77264,Ashlie Atkinson,0.3876,5,True
142192,Ryan O'Nan,0.3744,1,True
1456290,Gita Reddy,0.215,1,True
1461233,Jen Kwok,0.0453,1,True
193141,Mary Testa,0.6122,5,True
67737,Tuva Novotny,1.4229,7,True
222129,James Wolk,1.141,7,True
98276,Sean Wing,0.1618,1,True
30882,Christine Lakin,0.6055,7,True
1378683,Meagan Holder,0.386,1,True
112574,Patrick Duffy,0.5876,9,True
2095487,Anna A. White,0.0674,1,True
1902796,Brytni Sarpy,0.0596,1,True
110531,Shanola Hampton,1.0443,7,True
91609,Joe Rogan,0.4551,10,False
105648,Nat Faxon,0.6022,6,True
1431853,Steffiana De La Cruz,0.3809,1,True
149829,Brandon Keener,0.1454,5,True
78435,Nick Bakay,0.8266,6,True
205725,Rasmus Hardiker,0.1679,5,True
114253,Simon Farnaby,0.4314,6,True
37440,Angela Pleasence,0.3211,4,True
189320,Anna Barry,0.073,1,True
63474,Charles Shaughnessy,1.0622,8,True
6714,Mädchen Amick,1.7249,9,True
149776,Marilyn Brett,0.7122,1,True
969332,Jacob Hopkins,0.2331,1,True
107438,Dave Florek,0.2762,1,True
2295678,Joel Polinsky,0.0214,1,True
206790,Josh Wingate,0.1735,1,True
117669,Portia Doubleday,1.0936,7,True
211474,Emily Rios,1.0254,7,True
38333,Ana Ortiz,0.6656,8,True
73890,Michelle Ang,0.4472,7,True
1215365,Henri Lubatti,0.3637,1,True
1699407,Lorenzo Pisoni,0.0927,1,True
1346703,Brandon Gill,0.0963,1,True
1869029,Zack Mines,0.0286,1,True
1869030,Rhett Lindsey,0.0478,1,True
236048,Rosie Huntington-Whiteley,0.831,9,True
1094385,LaMonica Garrett,1.0857,7,True
87934,Meredith Monroe,1.0497,8,True
1473228,J. Elaine Marcos,0.1449,1,True
55276,David Fonteno,0.2296,1,True
143235,Vanessa Aspillaga,0.2647,5,True
38160,Patti D'Arbanville,0.9342,7,True
143236,Jeff Hiller,0.2842,1,True
143237,Linda Powell,0.2551,1,True
143238,Mike Hydeck,0.0286,1,True
58791,Patrick Fabian,1.0414,7,True
120248,Ashley Bell,0.4394,6,True
120249,Iris Bahr,0.1659,1,True
93228,Louis Herthum,0.3917,6,True
120251,Shanna Forrestall,0.6363,1,True
4298826,Justin Shafer,0.0286,1,True
1818013,Victoria Patenaude,0.2567,1,True
1273237,John Wilmot,0.2806,1,True
2304293,Becky Fly,0.0357,1,True
558291,Denise Lee,0.0797,1,True
4298828,Logan Craig Reid,0.0214,1,True
145804,Adam Grimes,0.2929,1,True
60950,David Spade,0.7091,10,True
14108,Joyce Van Patten,0.7961,7,True
142377,Ebony Jo-Ann,0.5379,1,True
53281,Di Quon,0.5947,1,True
1219901,Colin Quinn,0.3324,7,True
101565,Madison Riley,0.8013,1,True
1271681,Sunny Sandler,1.7288,6,True
970332,Alexis Clagett,0.0256,1,True
4814065,Brynn Clagett,0.0261,1,True
4814066,Brooke Clagett,0.0286,1,True
110014,Christina Hendricks,2.0264,9,True
1474117,Brooke Liddell,0.4103,1,True
1474118,Kiley Liddell,0.1279,1,True
11827,DeRay Davis,0.563,6,True
466505,Kumail Nanjiani,1.046,10,True
39125,Will Sasso,1.1041,8,True
1443364,Wenwen Han,1.0023,1,True
1443375,Zac Wang,1.1883,1,True
1443373,Wu Zhensu,0.578,1,True
1050418,Wang Ji,0.4086,1,True
120726,Tess Liu,0.0602,1,True
120727,Xu Ming,0.0909,1,True
2202480,Zhao Yi,0.2243,1,True
1443377,Shijia Lü,0.6583,1,True
1443379,Luke Carberry,0.3682,1,True
2148743,Liang Geliang,0.0824,1,True
2027663,Zhang Bo,0.3718,1,True
1443376,Jared Minns,0.0648,1,True
21965,Valentina Cervi,0.3551,6,True
302165,Holliday Grainger,1.5324,7,True
36672,Tamzin Merchant,0.7043,6,True
927703,Amelia Clarkson,0.3312,1,True
104561,Craig Roberts,0.5601,6,True
1089514,Lizzie Hopley,0.1778,1,True
548169,Freya Wilson,0.1072,1,True
1089516,Emily Haigh,2.5067,1,True
84926,Eglantine Rembauville-Nicolle,1.0874,1,True
205258,Harry Lloyd,1.3933,8,True
1907002,Charles Melton,0.9706,8,True
544442,Paola Nuñez,0.9561,6,True
36628,Kate del Castillo,0.829,8,True
1688196,Nicky Jam,0.7968,9,True
2256312,Jacob Scipio,0.9073,6,True
224235,DJ Khaled,0.3052,10,False
1370986,Happy Anderson,0.4236,1,True
1516729,Bianca Bethune,0.3331,1,True
47646,Catherine Tate,0.8857,8,True
289628,Emmanuel Quatra,0.1442,1,True
89823,Olly Alexander,0.6703,7,True
40687,Richard Laing,0.104,1,True
25095,Stewart Scudamore,0.2778,1,True
28477,Jonathan Aris,0.612,6,True
176198,Jake Nightingale,0.0596,1,True
1273208,Delaney Rose Stein,0.2001,1,True
121830,Nathan Greno,0.3113,5,True
76595,Byron Howard,1.5905,7,True
19546,Michael Bell,0.4103,6,True
121953,Stephanie Szostak,0.8391,6,True
154091,Larry Wilmore,0.2495,7,True
79082,Randall Park,1.2008,8,True
31737,Lucy Davenport,0.2742,1,True
72129,Jennifer Lawrence,3.0909,10,True
126487,Shelley Waggener,0.0795,1,True
1163717,Isaiah Stone,0.2211,1,True
126488,Lauren Sweetser,0.0962,1,True
1163718,Ashlee Thompson,0.1082,1,True
1163719,Valerie Richards,0.0214,1,True
1163723,Cinnamon Schultz,0.0956,1,True
1163720,Casey MacLaren,0.0214,1,True
1163716,Ronnie Hall,0.0256,1,True
234479,Dakota Goyo,1.0891,6,True
1126350,Sophie Levy,0.3722,1,True
1126351,Tess Levy,0.3591,1,True
111206,Olga Fonda,0.4905,1,True
187983,Gregory Sims,0.0876,1,True
1358647,Torey Adkins,0.1463,1,True
87057,John Hawkinson,0.0783,1,True
80002,Daisy Tahan,0.2928,5,True
145374,Colin Baiocchi,0.3677,1,True
134171,Jack Axelrod,0.3966,1,True
291263,Jordan Peele,1.4752,10,True
88124,Jesse Plemons,3.553,10,True
27267,Rebecca Pidgeon,0.5608,5,True
57881,Heidi von Palleske,0.2402,1,True
83530,Jefferson Brown,0.4885,1,True
1107177,Anna Jacoby-Heron,0.3879,1,True
84075,Demetri Martin,0.1794,8,True
1083,Armin Rohde,0.0844,1,True
1224166,Kunal Sharma,0.2689,1,True
170333,Eddie Hassell,0.1565,5,True
206966,Zosia Mamet,0.7319,8,True
104381,Joaquín Garrido,0.0593,1,True
1188240,Rebecca Lawrence Levy,0.0534,1,True
1394120,Lisa Eisner,0.0286,1,True
8700,Sasha Spielberg,0.3483,6,True
1394124,Margo Victor,0.0143,1,True
56252,Erik Stolhanske,0.1306,6,True
56595,Marisa Coughlan,0.3615,6,True
1935252,André Vippolis,1.3447,1,True
109764,Jimmy Noonan,0.0847,1,True
49201,Philippe Brenninkmeyer,0.2723,1,True
644,Blanchard Ryan,0.2895,1,True
1544178,Maria Tornberg,0.7619,1,True
1544181,Aria Alpert Adjani,0.1143,1,True
129024,Jenn Proske,0.2996,6,True
108919,Chris Riggi,0.9182,6,True
1231005,Anneliese van der Pol,0.2442,7,True
129022,Kelsey Ledgin,0.105,1,True
129023,Mike Mayhall,0.1619,1,True
129021,Bradley Dodds,0.2969,1,True
144842,Marcelle Baer,0.1673,1,True
26997,Jun Hee Lee,0.0572,1,True
147404,Charlie Weber,1.1956,7,True
17380,Jay Chou,3.4302,10,True
124645,Chad L. Coleman,0.5072,7,True
1211945,Jill Remez,0.2412,1,True
1213529,Joe O'Connor,0.2672,1,True
1327251,Joshua Erenberg,0.1103,1,True
124644,Lio Tipton,1.499,8,True
211540,Jessica Parker Kennedy,1.0987,7,True
1281758,Sugar Lyn Beard,0.4533,6,True
177885,Donna Yamamoto,0.1671,1,True
61541,Yee Jee Tso,0.2248,1,True
387183,Sarah Smyth,0.5145,1,True
151246,Nicole Scherzinger,0.7325,9,True
87070,Michael Chernus,0.5437,7,True
1068400,Cayen Martin,0.14,1,True
1383718,Clarke Thorell,0.0491,1,True
17193,Adam Mucci,0.1093,1,True
965224,Thomas Robinson,0.765,1,True
59280,Victor Pagan,0.1764,1,True
108532,Scott Elrod,0.7962,6,True
91673,Rebecca Naomi Jones,0.1964,5,True
1022885,Will Swenson,0.1611,5,True
91453,Edward James Hyland,0.1991,1,True
31383,Caroline Dhavernas,0.7881,7,True
1305264,Brian Podnos,0.0071,1,True
15577,Emily Barclay,0.3475,1,True
28745,Deborra-Lee Furness,0.3094,6,True
1077326,Adrienne DeFaria,0.0368,1,True
138010,Sharni Vinson,0.5035,6,True
138009,Rick Malambri,0.4178,6,True
1338420,Joe Slaughter,0.922,1,True
138012,Kendra Andrews,0.1256,1,True
110743,Stephen 'tWitch' Boss,0.1738,7,True
568652,Daniel 'Cloud' Campos,0.1531,1,True
1148762,Luis Rosado,0.1293,1,True
1397768,Martín Lombard,0.0948,1,True
138011,Keith Stallworth,0.0589,1,True
1397762,Facundo Lombard,0.0831,1,True
1398472,Oren Michaeli,0.0923,1,True
1398477,Aja George,0.0297,1,True
1349554,Bryan Dechart,1.4118,6,True
551020,Oliver Jackson-Cohen,0.5872,7,True
59673,Jeff Daniel Phillips,0.8234,6,True
1837229,Aaron Behr,0.3499,1,True
143206,Michael Blain-Rozgay,0.3237,1,True
112476,Dylan Minnette,1.4853,8,True
284628,Jimmy 'Jax' Pinchak,0.1433,1,True
966943,Nicolai Dorian,0.1034,1,True
8553,Seth Adkins,0.1969,1,True
1317566,Ashton Moio,0.2354,1,True
1753327,Gwendolyn Apple,0.0071,1,True
118243,Sprague Grayden,0.789,7,True
87220,Brian Boland,0.1398,1,True
141374,Molly Ephraim,0.4959,6,True
141378,Seth Ginsberg,0.0528,1,True
141382,William Juan Prieto,0.1339,1,True
141385,Jackson Xenia Prieto,0.0777,1,True
141373,David Bierend,0.0168,1,True
1098706,Vivis Colombetti,0.0928,1,True
54789,Sean Patrick Flanery,1.0,7,True
108661,Chester Bennington,0.2995,10,False
1222281,Dean Armstrong,0.4234,1,True
1365703,Naomi Snieckus,0.3397,1,True
1431050,Oluniké Adeliyi,1.0524,1,True
203233,Rebecca Marshall,0.3242,1,True
2421696,Anne Lee Greene,0.0822,1,True
224144,Sebastian Pigott,0.3241,1,True
228330,Jon Cor,0.4887,6,True
1515481,Kevin McGarry,0.6137,1,True
88029,Alison Brie,2.7685,10,True
127127,Marielle Jaffe,0.215,1,True
127128,Nico Tortorella,0.4005,6,True
205307,Lucy Hale,2.0428,9,True
74595,Gordon Michaels,1.1043,1,True
111455,Katy Perry,0.4897,10,False
1218645,Tim Gunn,0.2997,9,True
208659,Madison McKinley,0.8075,1,True
1845110,Meg Phillips,0.0377,1,True
1828997,Mahadeo Shivraj,0.0827,1,True
1634923,Mark Doherty,0.1546,1,True
61706,Minglie Chen,0.0752,1,True
2504206,Sean Kenin,0.2229,1,True
45400,Greta Gerwig,0.9424,8,True
140253,Talia Balsam,0.7405,7,True
82639,Ophelia Lovibond,0.9003,7,True
1519685,Guy Branum,0.1611,5,True
1232323,Ben Lawson,0.4482,6,True
52956,Jennifer Irwin,0.3299,6,True
142373,Brody Stevens,0.1249,1,True
1288866,Jakob Ulrich,0.0379,1,True
1288867,Naiia Ulrich,0.0441,1,True
1241324,Bobby Tisdale,0.3186,1,True
142375,Nathalie Fay,0.4116,1,True
157434,Emily Wagner,0.1299,1,True
143240,Julianne Hough,0.7908,9,True
83231,David Walton,0.6052,6,True
143242,Terrence J,0.259,1,True
143243,Chelsea Traille,0.0765,1,True
1290589,JaQuel Knight,0.3903,1,True
128629,Crystal Reed,1.3415,8,True
59755,Neil Hopkins,0.365,1,True
128630,J. Paul Boehmer,0.1633,1,True
128631,Tanya Newbould,0.43,1,True
128632,Pam Levin,0.0398,1,True
128633,Phet Mahathongdy,0.1542,1,True
1448942,Byron McIntyre,0.0593,1,True
70440,Robin Gammell,0.225,1,True
1935498,Jackie Marin,0.0878,1,True
128634,Tony Black,0.0071,1,True
1935501,Eliza Till,0.0143,1,True
150972,Molly Price,1.1067,6,True
73707,Shelley Conn,0.6442,6,True
95975,Mark Linn-Baker,0.4924,7,True
28002,John Tormey,0.2248,1,True
970219,Teyonah Parris,0.5342,6,True
1240487,Kate McKinnon,1.5678,10,True
168452,Leslie Jones,0.3784,8,True
1267216,Neil Casey,0.2704,1,True
464993,Zach Woods,0.5502,7,True
1286525,John Milhiser,0.2397,1,True
1109702,Karan Soni,1.2945,7,True
1217650,Bess Rous,0.3145,1,True
1215931,Steve Higgins,0.2993,1,True
88971,Dave Allen,0.2612,1,True
1106222,Katie Dippold,0.7037,5,True
1454946,Milana Vayntrub,1.0643,8,True
20362,Jill Clayburgh,0.547,8,True
59750,Nikki DeLoach,0.7313,6,True
143256,Natalie Gold,0.3362,1,True
1306314,Megan Ferguson,0.4637,1,True
83721,Scott Cohen,1.0434,6,True
84261,Moran Atias,0.8385,7,True
142213,Nazanin Boniadi,0.4641,6,True
85812,Michael Buie,0.17,1,True
1182673,Remy Nozik,0.0768,1,True
88699,Steven R. McQueen,1.0412,8,True
130782,Jessica Szohr,0.7085,8,True
1209944,Devra Korwin,0.2752,1,True
87567,Cody Longo,0.2837,6,True
80967,Ricardo Chavira,0.6061,7,True
96091,Carrie Underwood,0.2086,10,False
77448,Ross Thomas,0.2484,1,True
146510,Chris Brochu,0.515,6,True
1226852,Sonya Balmores,0.262,1,True
971408,Cody Gomes,0.1352,1,True
4329,Titus Kinimaka,0.0297,1,True
2734092,Tahini Bartolome,0.0,1,True
5925,Joshua Peace,0.2229,1,True
133252,Zoie Palmer,0.4092,6,True
51389,Joe Cobden,0.3066,5,True
133254,Craig Eldridge,0.2983,1,True
133253,Rudy Webb,0.0679,1,True
2317321,Robert Lee,0.0954,1,True
26974,Jessy Schram,1.4175,7,True
142205,Meagan Tandy,0.4596,6,True
104509,Jeff Wincott,0.3475,5,True
142204,Andy Umberger,0.304,1,True
142182,Sean Bott,0.0534,1,True
63484,Fenton Quinn,0.1304,1,True
1178035,John Lawrence,0.0362,1,True
142185,Rebecca C. Olson,0.0544,1,True
3723878,Jeffrey Wood,0.0527,1,True
1511951,Norman Lehnert,0.303,1,True
1006775,Darin Southam,0.1988,1,True
142183,Koleman Stinger,0.1442,1,True
970088,Benjamin Millepied,0.1652,5,True
140407,Ksenia Solo,0.3852,6,True
43443,Kristina Anapau,0.3008,6,True
90755,Janet Montgomery,1.0143,7,True
1081121,Sergio Torrado,0.055,1,True
1081123,Charlotte Aronofsky,0.1842,1,True
130640,Hailee Steinfeld,2.7482,10,False
61260,Paul Rae,0.3964,1,True
1227223,Roy Lee Jones,0.0854,1,True
85481,Ed Corbin,0.118,1,True
1124106,Bruce Green,0.149,1,True
52882,Candyce Hinkle,0.1175,1,True
240870,Peter Leung,0.0357,1,True
83813,Thierry Neuvic,0.3721,1,True
142359,Cyndi Mayo Davis,0.3675,1,True
142360,Lisa Griffiths,0.0338,1,True
142361,Jessica Griffiths,0.0409,1,True
142362,Ferguson Reid,0.0648,1,True
142363,Derek Sakakura,0.0256,1,True
142365,George McLaren,0.0214,1,True
142364,Frankie McLaren,0.051,1,True
78334,Rebekah Staton,0.1809,1,True
1135879,Declan Conlon,0.1672,1,True
234983,Gulliver McGrath,0.8919,1,True
1896051,Shaun Aylward,0.0607,1,True
4232722,Emil Lager,0.0338,1,True
1413264,Ben Addis,1.1006,1,True
131519,Rihanna,0.5272,10,False
131520,Brooklyn Decker,1.4631,9,True
205406,John Tui,0.4296,1,True
1052162,Gregory D. Gadson,0.1701,1,True
98953,Jerry Ferrara,0.8391,8,True
1331643,Joji Yoshida,0.0791,1,True
66678,Carson Aune,1.0898,1,True
109942,Jenna Craig,0.4053,1,True
27107,Mike Doyle,0.5967,1,True
1188048,Beth Keener,0.4752,1,True
450660,Jessica Heap,0.5165,1,True
83968,Jim Parrack,0.5032,6,True
150664,Gino Anthony Pesi,0.4572,1,True
31133,Ne-Yo,0.1672,10,False
58330,James Hiroyuki Liao,0.6108,6,True
208096,Adetokumboh M'Cormack,0.2476,1,True
543138,Mason Lee,0.3893,1,True
543139,Aroon Seeboonruang,0.0538,1,True
116421,Nirut Sirijanya,0.6401,1,True
224878,Ramona Marquez,1.0289,1,True
1222025,Richard Dixon,0.4731,1,True
121606,Robert Portal,0.2866,1,True
201665,Eve Best,0.7291,7,True
1231626,Paul Trussell,0.1566,1,True
176191,Andrew Havill,0.3649,1,True
1415263,Mickey O'Keefe,0.0823,1,True
1371551,Melissa McMeekin,0.2126,1,True
999736,Bianca Hunter,0.4837,1,True
999737,Erica McDermott,0.3384,1,True
81462,Dendrie Taylor,0.7553,1,True
1759618,Kate B. O'Brien,0.1451,1,True
155595,Jenna Lamia,0.8213,1,True
155080,Frank Renzulli,0.2156,1,True
2410005,Paul Campbell,0.0478,1,True
999771,Caitlin Dwyer,0.0168,1,True
59214,Cas Anvar,0.3875,6,True
82417,Russell Peters,0.3371,8,True
179421,Gordon Masten,0.1325,1,True
298091,Susan Bain,0.1783,1,True
230595,Paula Jean Hixson,0.1392,1,True
1445748,Lincoln Ward,0.0311,1,True
131335,Kyle Gatehouse,0.2542,1,True
47874,Richard Wilson,0.5916,1,True
2382785,Julio Bonet,0.0143,1,True
1785574,Sofia Scarpa Saldanha,0.179,1,True
563826,Carlinhos Brown,1.0482,6,True
210653,Emelia Burns,0.344,1,True
1112872,James Mackay,0.5099,1,True
1014916,Eddie Ritchard,0.1354,1,True
1707955,Bruce Gleeson,0.0404,1,True
72312,Gary McDonald,0.112,1,True
1416922,Carolyn Shakespeare-Allen,0.0404,1,True
1236751,Trudy Hellier,0.0633,1,True
1240777,Terry Kenwrick,0.07,1,True
66746,Grant Piro,0.1421,1,True
236851,Callan McAuliffe,0.6484,6,True
211860,Patrick Sebes,0.2812,1,True
237162,Greg Townley,0.1464,1,True
237163,Reuben Langdon,0.3152,1,True
237174,Molly McGinnis,0.0822,1,True
237178,Andy Owen,0.0382,1,True
171463,Jen Jones,0.0782,1,True
171472,Maryann Plunkett,0.2603,1,True
968528,Faith Wladyka,0.0688,1,True
1117293,Marshall Johnson,0.1334,1,True
1117294,James Benatti,0.0,1,True
1117295,Barbara Troy,0.0214,1,True
1117296,Carey Westbrook,0.0,1,True
968530,Eileen Rosen,0.0648,1,True
155574,Enid Graham,0.6948,1,True
1117297,Ashley Gurnari,0.0168,1,True
2493763,Jack Parshutich,0.0071,1,True
82622,Charlotte Ross,0.544,7,True
550117,Wanetah Walmsley,0.2545,1,True
138611,Robin McGee,0.068,1,True
1391321,Fabian C. Moreno,0.0357,1,True
112286,Edrick Browne,0.2558,1,True
198847,Jessie T. Usher,0.5807,6,True
1094091,Maika Monroe,0.8286,7,True
1278725,Travis Tope,0.2062,1,True
150899,AngelaBaby,1.5163,8,True
117437,Patrick St. Esprit,0.7712,6,True
1446466,Garrett Wareing,1.0716,1,True
1172108,Mckenna Grace,4.1412,8,True
224181,Jai Courtney,1.5775,8,True
8197,Sebastian Koch,0.5463,6,True
80998,Yuliya Snigir,0.655,5,True
1150430,Sergey Kolesnikov,0.4866,1,True
130903,Roman Luknár,0.4229,1,True
64413,Zolee 'Döglégy' Ganxsta,0.0528,1,True
456735,Péter Takátsy,0.0793,1,True
25382,Megalyn Echikunwoke,0.9113,6,True
212778,Melissa Tang,0.509,1,True
1009511,Rico Simonini,0.2114,1,True
1246972,Ruby Rose,1.8495,9,True
53975,Deepika Padukone,1.1877,10,True
57207,Tony Jaa,2.6335,9,True
1390948,Kris Wu,0.4772,8,True
1345419,Hermione Corfield,1.5708,7,True
78909,Michael Bisping,0.4387,7,True
129205,Tony Gonzalez,0.1081,8,True
1668243,Ariadna Gutiérrez,0.3203,1,True
3933,Stipe Erceg,0.5567,1,True
107561,Mido Hamada,0.3698,1,True
38459,Karl Markovics,0.3797,1,True
7161,Eva Löbau,0.2519,1,True
971357,Helen Wiebensohn,0.1705,1,True
20615,Adnan Maral,0.1234,1,True
235767,Colin O'Donoghue,0.9088,8,True
144079,Marta Gastini,1.0226,1,True
971200,Arianna Veronesi,0.0379,1,True
124681,Andrea Calligari,0.1536,1,True
33296,Torrey DeVitto,0.9726,7,True
971202,Ben Cheetham,0.0071,1,True
119945,Marija Karan,0.2143,1,True
235213,Rosa Pianeta,0.3299,1,True
121022,Giampiero Ingrassia,0.0352,1,True
190895,Sarah Gadon,1.65,7,True
36463,Arndt Schwering-Sohnrey,0.1456,1,True
46028,Mignon Remé,0.086,1,True
233682,Mareike Carrière,0.134,1,True
1089478,Franziska Arndt,0.7276,1,True
1012899,Wladimir Matuchin,0.0822,1,True
583908,André Dietz,0.0338,1,True
38371,Anna Thalbach,0.6232,1,True
1089480,Sarah Marecek,0.3072,1,True
1089481,Björn Geske,0.056,1,True
1089482,Markus Haase,0.0863,1,True
55899,Rhys Wakefield,0.2995,6,True
144286,Alice Parkinson,0.3924,1,True
3062,Dan Wyllie,0.3937,1,True
1291814,Nicole Downs,0.1278,1,True
144287,Allison Cratchley,0.0876,1,True
948767,Cramer Cain,0.0933,1,True
1227235,Andrew Hansen,0.095,1,True
559996,Sean Dennehy,0.0214,1,True
971257,Nea Diap,0.0071,1,True
212833,Nicky Whelan,0.9773,6,True
62836,Derek Waters,0.1951,5,True
168326,Lauren Bowles,0.3524,6,True
1379823,Christa Beth Campbell,0.0725,1,True
1502196,Macsen Lintz,0.3768,6,True
63764,Gustaf Skarsgård,2.0291,8,True
94699,Dejan Angelov,0.7778,1,True
129565,Dragoș Bucur,0.3316,1,True
1941640,Sally Brunski,0.2189,1,True
39960,Alexandru Potocean,0.1876,1,True
6082,Sebastian Urzendowsky,0.3413,1,True
84197,Zahari Baharov,0.5616,1,True
1479797,Ihor Hniezdilov,0.078,1,True
105695,Stanislav Pishtalov,0.1429,1,True
1941649,Mariy Grigorov,0.0071,1,True
559369,Nikolay Stanoev,0.1476,1,True
188559,Brent Musburger,0.1358,7,True
942993,Darrell Waltrip,0.6699,8,True
571731,David Hobbs,1.2138,5,True
216294,Lewis Hamilton,1.542,10,False
1050248,Art Parkinson,0.5302,7,True
1330044,Diarmaid Murtagh,0.3084,1,True
1211873,Ferdinand Kingsley,0.6016,1,True
27649,Joseph Long,0.3374,1,True
1065016,Thorvaldur Kristjansson,0.0973,1,True
489961,Jakub Gierszał,0.5999,1,True
3068357,Joe Benjamin,0.0404,1,True
208524,Andrew Astor,0.945,1,True
188081,Corbett Tuck,0.2736,1,True
1055672,Heather Tocquigny,0.2841,1,True
1186714,Ruben Pla,0.4072,1,True
1851029,John Henry Binder,0.0917,1,True
1599752,Philip Friedman,0.0519,1,True
223680,Kelly Devoto,0.1709,1,True
144081,Aden Young,0.3456,6,True
63312,Yvonne Strahovski,4.0812,9,True
267790,David Whiteley,0.0888,1,True
123879,Matt Nable,0.5323,6,True
75122,Lachy Hulme,0.3425,5,True
85354,Nick Tate,0.3314,5,True
369078,Stewart Morritt,0.0338,1,True
56385,Grant Bowler,0.3246,6,True
83225,Colin Egglesfield,0.6101,6,True
122888,Ashley Williams,1.9062,8,True
3910,Frances McDormand,1.1666,10,True
3905,William H. Macy,1.8072,9,True
3907,Harve Presnell,0.4578,4,True
3911,John Carroll Lynch,1.3328,8,True
3906,Kristin Rudrüd,0.2549,4,True
155861,Bruce Bohne,0.235,1,True
4024,Steve Reevis,0.5665,4,True
4025,Steve Park,0.3486,4,True
3909,Gary Houston,0.1973,1,True
3912,Sally Wingert,0.0935,1,True
1332891,Larissa Kokernot,0.1088,1,True
145816,Melissa Peterman,0.5205,4,True
3908,Tony Denman,0.2931,4,True
92119,Larry Brandenburg,0.3648,4,True
3967,Kate Beckinsale,3.5799,10,True
100,Scott Speedman,1.5778,8,True
3968,Michael Sheen,1.4023,9,True
3969,Shane Brolly,0.2373,4,True
3970,Erwin Leder,0.3506,4,True
3971,Sophia Myles,0.8796,5,True
3972,Wentworth Miller,2.3071,9,True
3952,Kevin Grevioux,0.4018,4,True
12358,Zita Görög,0.3353,4,True
12366,Scott McElroy,0.2066,4,True
12371,Richard Cetrone,0.3011,4,True
1594125,Dennis J. Kozeluh,0.0475,1,True
4029,Bob Gunton,1.191,8,True
6573,William Sadler,1.271,8,True
6574,Clancy Brown,3.0277,9,True
6575,Gil Bellows,0.9791,5,True
6577,James Whitmore,0.6901,5,True
6576,Mark Rolston,0.7403,4,True
12645,Jeffrey DeMunn,0.785,4,True
168323,Neil Giuntoli,0.1964,1,True
6580,Brian Libby,1.3535,4,True
2555,David Proval,0.7145,4,True
5063,Joseph Ragno,0.1472,1,True
32393,Paul McCrane,0.5564,4,True
3999,Tom Hulce,1.713,8,True
4000,Elizabeth Berridge,0.3136,4,True
4001,Simon Callow,0.6672,4,True
4002,Roy Dotrice,0.3673,4,True
4003,Christine Ebersole,0.485,4,True
4004,Jeffrey Jones,0.9607,4,True
138413,Charles Kay,0.4474,4,True
937277,Lisbeth Bartlett,0.4288,1,True
4005,Barbara Bryne,0.0814,1,True
1077244,Martin Cavani,0.0873,1,True
1217752,Roderick Cook,0.0818,1,True
1077245,Milan Demjanenko,0.1078,1,True
1077246,Peter DiGesu,0.0286,1,True
1213048,Richard Frank,0.0721,1,True
38024,Cynthia Nixon,1.4241,9,True
553651,John Tomlinson,1.7189,4,True
3977,Joe Morton,1.1778,8,True
3978,S. Epatha Merkerson,0.6222,8,True
3979,Castulo Guerra,0.2013,4,True
3980,Danny Cooksey,0.3018,4,True
3982,Xander Berkeley,0.9686,5,True
2573580,Leslie Hamilton Gearren,0.4253,1,True
101660,Ken Gibbel,0.5813,4,True
87404,Robert Winley,0.4045,4,True
157633,Pete Schrum,0.272,1,True
2573581,Shane Wilder,0.0286,1,True
14329,Dean Norris,1.5309,8,True
1619,Chow Yun-Fat,1.2857,10,True
70577,Ghassan Massoud,1.4676,4,True
4138,Craig Sheffer,0.7478,4,True
4139,Tom Skerritt,2.3365,8,True
4154,Brenda Blethyn,0.8818,8,True
4156,Stephen Shellen,0.5946,4,True
4157,Vann Gravage,0.0687,1,True
4158,Susan Traylor,0.2719,1,True
4159,Nicole Burdette,0.6498,4,True
18017,Emily Lloyd,0.3228,4,True
52415,Michael Cudlitz,1.4691,8,True
3269512,Rob Cox,0.0143,1,True
1956823,Buck Simmonds,0.0398,1,True
2747677,Fred Oakland,0.0286,1,True
81557,MacIntyre Dixon,1.0843,4,True
6194,Claire Danes,2.0229,10,True
7218,Kristanna Loken,1.4209,8,True
7219,David Andrews,0.3895,4,True
74285,Carolyn Hennesy,0.3991,4,True
42547,Jay Acovone,0.648,4,True
7220,Mark Famiglietti,0.2618,4,True
927959,Moira Sinise,0.2232,1,True
7222,Chopper Bernet,0.1283,1,True
7223,Christopher Lawford,0.1589,4,True
22132,M.C. Gainey,0.7119,4,True
1178376,Susan Merson,0.2123,1,True
156051,Elizabeth Morehead,0.2723,1,True
4174,Claire Forlani,3.3277,8,True
4177,Jake Weber,1.5446,5,True
4726,Marcia Gay Harden,0.8189,8,True
4175,Jeffrey Tambor,1.5736,8,True
4192,David S. Howard,0.1837,1,True
4193,Lois Kelly-Miller,0.2214,1,True
4194,Jahnni St. John,0.1483,1,True
4195,Richard Clarke,0.1714,1,True
44712,Jill Eikenberry,0.2463,3,True
3078460,Jonathan Epstein,0.0915,2,True
99709,Leia Thompson,0.233,3,True
1257865,Sarah Baldwin,0.368,2,True
1232195,Mark LaMura,0.1029,2,True
1519037,Lindsay Ryan,0.0648,2,True
2112099,Kirsten Day,0.1728,3,True
3078461,Christopher Peuler,0.0143,1,True
1548270,Herb Lieberz,0.0168,1,True
224365,Sam Kennard,0.3054,2,True
204191,Aramis Knight,1.47,5,True
74245,Shane Jacobson,0.194,4,True
1223440,Orto Ignatiussen,0.2141,2,True
1223442,Amy Warren,0.3345,3,True
1027852,Basher Savage,0.0717,2,True
37093,Langley Kirkwood,0.5101,3,True
1838215,Tamer Burjaq,0.1691,2,True
137463,Joe Vaz,0.2894,2,True
195575,Rakie Ayola,0.135,3,True
587562,Junior Singo,0.1538,2,True
934796,Luke Tyler,0.1212,2,True
2564572,Rachel Wood,0.0143,2,True
80112,Sylvester McCoy,0.4683,7,True
152566,Dean O'Gorman,0.6067,6,True
207558,Aidan Turner,1.4666,8,True
1193833,Adam Brown,0.1746,2,True
1193832,Peter Hambleton,0.6238,3,True
534336,John Callen,0.2524,5,True
67123,William Kircher,0.1539,2,True
346,Mike Bell,0.18,2,True
1453780,Jason Bertsch,0.0168,1,True
81051,Tahar Rahim,1.3112,7,True
35862,Douglas Henshall,0.5636,3,True
52888,Paul Ritter,0.7164,6,True
230681,Pip Carter,0.8427,3,True
143576,István Göz,0.1129,2,True
1301674,Bence Gerö,0.0794,2,True
125381,Zsolt László,0.0528,2,True
63364,Brian Gleeson,0.4128,6,True
93236,David Dencik,1.0,4,True
94064,Svetlana Khodchenkova,0.6519,6,True
28478,Christian McKay,0.3902,4,True
83352,Mircea Monroe,0.9909,4,True
123065,Sydney Rouviere,0.4091,3,True
1068811,Matthew Cornwell,0.4218,2,True
1000822,TJ Hassan,0.0465,2,True
945062,Ming Lo,0.1636,2,True
1224311,Dax Griffin,0.2298,2,True
1046200,Andrea Moore,0.2325,3,True
102335,Taaffe O'Connell,0.3692,3,True
74134,Matthew Stanton,1.668,2,True
213049,Jadin Gould,0.181,2,True
236302,Dylan Sprayberry,0.8146,5,True
928574,Cooper Timberline,0.0768,1,True
1592996,Michael Coons,0.0387,1,True
1593000,Michael Tow,0.1097,2,True
84849,Piper Mackenzie Harris,0.3197,3,True
1745909,Naheem Garcia,1.6414,2,True
1132104,Wolé Parks,0.5084,3,True
4236584,Sean Kennedy,0.0297,1,True
1081511,Kym Perfetto,0.0545,2,True
155086,Anthony Chisholm,0.1212,2,True
1080797,Ashley Austin Morris,0.1271,2,True
1128060,Kevin Bolger,0.0214,1,True
543726,Lauren Ashley Carter,0.3693,3,True
155113,Charles Borland,0.0693,2,True
143425,Aaron Tveit,0.5718,7,True
589162,Genesis Rodriguez,1.4046,7,True
52475,J. Smith-Cameron,0.6612,6,True
1085462,Mandy Gonzalez,0.1678,3,True
970631,Afton Williamson,1.0295,6,True
1289296,Jonathan Walker,0.2343,2,True
130129,Don Stark,0.5258,3,True
234982,Bella Heathcote,0.8882,7,True
1011100,Shyloh Oostwald,0.2177,2,True
1011107,Emma Fitzpatrick,0.4445,3,True
135786,Will Harris,0.3775,3,True
1416557,Michael William Freeman,0.4031,2,True
1011102,Jesse Lee Soffer,0.7421,6,True
1030252,Álex González,0.9031,3,True
79795,Shiloh Fernandez,0.7838,6,True
232396,Max Irons,1.0311,7,True
164114,Michael Hogan,0.4716,4,True
33348,Adrian Holmes,0.5219,4,True
11830,Cole Heppell,0.1616,2,True
26086,Michael Shanks,1.0329,6,True
1038625,Kacey Rohl,0.8999,4,True
223126,Megan Charpentier,0.777,4,True
30613,Keith Carradine,2.4585,7,True
123725,Abigail Spencer,1.9475,7,True
986808,Wyatt Russell,2.1408,7,True
999605,Ahna O'Reilly,0.3742,6,True
221098,Anna Camp,1.9959,7,True
4804041,Eleanor Henry,0.1266,2,True
4804042,Emma Henry,0.0239,1,True
85477,Trace Adkins,0.2769,7,True
122237,Michaela Conlin,0.8294,6,True
232525,Warren Christie,0.6725,4,True
172935,Lloyd Owen,0.4505,4,True
91402,Ali Liebert,0.2981,3,True
1400438,Kim Wylie,0.0286,1,True
1400439,Noah Wylie,0.0379,7,True
188656,Erica Carroll,0.4486,3,True
1252128,Jan Bos,0.2605,2,True
53862,Kaley Cuoco,2.2614,10,True
151254,Chelsea Handler,0.625,9,True
523952,Dustin Ybarra,0.2048,2,True
1225577,Jimmy Carter,0.0362,2,True
1901141,Coleton Ray,0.0905,2,True
550552,Jessica Barden,1.1827,7,True
550553,Aldo Maland,0.7308,3,True
550550,Tim Beckmann,0.1476,2,True
550549,John Macmillan,0.5289,3,True
1080195,Vicky Krieps,0.944,7,True
1558336,Paris Arrowsmith,0.0286,1,True
550551,Christian Malcolm,0.1289,2,True
203575,Jamie Beamish,0.2729,3,True
70904,Michelle Dockery,2.1368,8,True
147710,Nolan Gould,0.4923,7,True
127963,Shaun White,0.4618,8,True
43483,Courtney Henggeler,1.0331,6,True
1459152,Christopher T. Wood,0.112,2,True
971299,Griffin Gluck,1.093,6,True
166029,Dan Patrick,0.2077,3,True
54717,Rakefet Abergel,0.1538,2,True
1301092,Tanaya Beatty,1.345,5,True
851784,Mackenzie Foy,1.7673,8,True
85143,Angela Sarafyan,1.6878,6,True
1047700,John Edward Lee,1.0854,3,True
117470,Josh Groban,0.4233,9,True
202952,Mekia Cox,2.2601,6,True
1225901,Zayne Emory,0.4749,2,True
128207,Patricia French,0.6127,3,True
205797,Maria Dizzia,0.8337,5,True
157059,Jimmy Palumbo,0.1817,2,True
65143,Peter Y. Kim,0.1753,2,True
504787,Grace Gummer,1.3122,6,True
92574,Marc Wootton,0.3787,4,True
145997,Sanjeev Bhaskar,0.626,5,True
165284,Alimi Ballard,0.4845,4,True
95101,Charlie Day,1.1388,9,True
83227,Ron White,0.3553,7,True
76112,Steve Wiebe,0.2433,2,True
75073,Tom Mison,0.7823,6,True
66431,Jodie Whittaker,0.8075,9,True
1488236,Matt Berry,1.0675,6,True
116606,Toby Regbo,0.854,6,True
1035194,Heida Reed,0.7419,5,True
512079,Joséphine de la Baume,0.501,4,True
15094,Diana Kent,0.3301,3,True
164242,Darren Goldstein,0.3517,3,True
137529,Ned Eisenberg,0.251,4,True
161939,Cindy Katz,0.5553,3,True
1431128,Caroline Winberg,1.0149,4,True
169200,Phyllis Smith,0.7026,7,True
481337,Kaitlyn Dever,1.9355,8,True
221192,Kathryn Newton,2.0679,7,True
156962,Eric Stonestreet,0.5602,8,True
207006,Matthew J. Evans,0.1567,2,True
980152,Igal Ben Yair,0.0842,2,True
980153,Aja Bair,0.286,3,True
1014932,Gabriella Wilde,0.4415,6,True
1014931,Freddie Fox,2.064,6,True
1254881,Helen George,0.2524,6,True
587020,Theo James,5.2119,9,True
221116,India Eisley,1.4496,7,True
115177,Sanny van Heteren,0.1268,4,True
211958,Robert Lawrenson,0.1102,2,True
582923,Marvin Duerkholz,0.0379,1,True
928199,Ron Wear,0.0559,2,True
38664,Sullivan Stapleton,1.0159,6,True
208296,Callan Mulvey,0.7541,5,True
1261071,Ben Turner,0.2106,3,True
153946,Christopher Boyer,0.1601,2,True
211593,Fred Ochs,0.2061,3,True
36060,Price Carson,0.2574,3,True
76242,Noel Clarke,0.4461,5,True
180997,Nazneen Contractor,0.4514,4,True
13024,Amanda Foreman,0.297,3,True
182272,Cynthia Addai-Robinson,1.5447,6,True
46300,Alex Etel,0.2378,5,True
150394,Priyanka Xi,0.2747,2,True
150396,Erroll Shand,0.4434,3,True
1201353,Peter Corrigan,0.0381,1,True
1142100,Carl Dixon,0.0561,2,True
1293761,Nathan Christopher Haase,0.6764,2,True
54494,Ian Harcourt,0.2852,3,True
213001,Jenny Slate,1.1038,8,True
1498618,Sophia Aguiar,0.0479,2,True
211790,Lauren Gottlieb,0.591,3,True
2827696,Tera Perez,0.0261,1,True
170635,Andy Buckley,0.5143,5,True
91403,Chad Krowchuk,0.4013,2,True
82653,Mary Page Keller,0.6923,5,True
235847,Keegan Boos,0.0264,1,True
211768,Amanda Payton,0.3357,3,True
235849,Luke Diliberto,0.0584,2,True
17441,Lou Taylor Pucci,0.4419,5,True
97923,Jennifer Lauren Grant,0.0193,2,True
235850,Reynaldo Pacheco,0.0569,2,True
132856,Tim Heidecker,0.5231,6,True
1057653,Brian Petsos,1.0976,3,True
1226302,Jillian Bell,1.0246,7,True
131820,Emma Bell,0.8531,4,True
1223185,Miles Fisher,0.5974,5,True
223124,Ellen Wroe,1.0558,3,True
103389,Jacqueline MacInnes Wood,0.3754,5,True
27127,Brent Stait,0.2654,3,True
1366715,Jasmin Dring,0.1476,2,True
43431,Barclay Hope,0.6062,3,True
1158832,Chasty Ballesteros,0.724,4,True
1465852,Stephen Monroe Taylor,0.2392,2,True
154785,Mark Povinelli,0.3453,3,True
1340108,Kyle Jordan,1.3452,3,True
118034,Zawe Ashton,0.6565,6,True
63141,Ron Donachie,0.4434,5,True
570296,Joe Dempsie,0.537,6,True
293071,Elly Fairman,0.2757,3,True
1332498,Bill Champion,0.0264,1,True
103352,Richard Riddell,0.3686,3,True
1326866,Alex Lanipekun,0.1486,3,True
1657129,Steven Harwood-Brown,0.1124,2,True
26197,Nabil Elouahabi,0.2658,3,True
56347,Clayton Watson,0.251,3,True
123532,Rick Gomez,0.5173,5,True
1212032,Bette Ford,0.3498,3,True
51958,Julia Fletcher,0.139,3,True
74949,Joel McHale,1.0688,8,True
1257205,Rowan Blanchard,0.6177,7,True
583040,Mason Cook,0.4464,5,True
3203606,Belle Solorzano,0.0362,1,True
3203607,Genny Solorzano,0.0071,1,True
3203609,Elmo,0.0,10,False
3203610,Jett Good,0.0071,1,True
1817245,Chuck Cureau,0.0311,2,True
3203612,Albert Im,0.0071,1,True
131420,Wray Crawford,0.104,2,True
6283,Michael Nyqvist,0.755,7,True
92428,Samuli Edelmann,0.4171,4,True
142636,Josh Holloway,1.4112,9,True
130885,Pavel Kříž,0.2614,2,True
508582,Miraj Grbić,0.3762,4,True
124961,Goran Navojec,0.564,4,True
206479,Kate Nowlin,0.7436,3,True
116568,Jenny Dare Paulin,0.1134,2,True
999654,Rebecca Hart,0.0362,2,True
131871,Louisa Krause,0.8716,4,True
999655,Elizabeth Ward Land,0.0615,2,True
132310,Brian McElhaney,0.3057,3,True
1218184,Hettienne Park,0.2365,4,True
1048992,John Forest,0.1842,3,True
52398,Mikael Persbrandt,1.3447,6,True
126667,John Bell,0.6179,3,True
1016168,Lily James,3.0064,9,True
1432104,Alejandro Naranjo,1.0679,3,True
1774319,Freddy Drabble,0.2035,2,True
1774320,Kathryn Carpenter,0.0897,2,True
1252495,Matt Milne,0.2365,3,True
110525,Birkett Turton,0.1942,3,True
1256160,George Blagden,1.4861,6,True
47720,Ruth Wilson,1.0964,8,True
59847,Leonard Earl Howze,1.1076,4,True
225692,Jeremy Irvine,1.1286,6,True
17498,Niels Arestrup,0.2223,5,True
1389549,Celine Buckens,0.8951,4,True
14432,Patrick Kennedy,0.2954,3,True
587248,Leonard Carow,0.1991,2,True
589652,Robert Emms,0.4565,4,True
15086,Nicolas Bro,0.5683,5,True
1142720,Thomas Mann,0.6763,6,True
225694,Oliver Cooper,0.6315,5,True
225695,Jonathan Daniel Brown,0.4693,3,True
996700,Dax Flame,0.4876,4,True
131771,Kirby Bliss Blanton,0.4196,4,True
996699,Brady Hender,0.1853,2,True
1333921,Nick Nervies,0.3633,3,True
996701,Miles Teller,1.6558,9,True
62597,Peter MacKenzie,0.287,3,True
42194,Caitlin Dulany,0.2371,3,True
1368651,Rob Evors,0.145,2,True
65925,Rick Shapiro,0.0564,2,True
159365,Pete Gardner,0.2091,3,True
996697,Nichole Sakura,1.4097,4,True
74688,Keke Palmer,2.5543,8,True
197315,Drake,0.2673,10,False
967692,Reid Ewing,0.3554,4,True
133814,Will Denton,0.3152,3,True
965807,Sandra Vergara,0.1497,3,True
168993,Emily Montague,0.3109,3,True
519735,Gracie Gillam,0.5128,4,True
1194672,Chelsea Tavares,0.5082,4,True
98879,Lisa Loeb,0.1698,6,True
1458290,Alma Sisneros,1.631,2,True
206928,Maxwell Perry Cotton,0.567,5,True
119807,James Tupper,0.6148,6,True
171948,William Charles Mitchell,0.2281,2,True
1256097,Henry Kelemen,0.0904,2,True
1237533,Dylan Clark Marshall,0.1808,2,True
206919,Daniel Kaluuya,1.3427,9,True
550312,Roger Barclay,0.2563,1,True
1186694,Eric Carte,0.1709,1,True
209579,Eleanor Wyld,0.1952,1,True
1578207,Mandi Sidhu,0.1726,1,True
1457604,Margaret Clunie,0.4127,4,True
1218994,Mariella Frostrup,0.1504,5,True
221857,Miles Jupp,0.239,5,True
472632,Christina Chong,1.315,6,True
1215739,Andrew Woodall,1.0549,5,True
38565,James Kidnie,0.1997,1,True
85168,Holly Uloth,0.1058,1,True
44150,Blu Mankuma,0.6301,5,True
1234315,Nicholas Rose,0.2708,1,True
59794,Kate Trotter,0.2344,4,True
180691,Janine Theriault,0.195,4,True
1467538,Vincent Messina,0.0143,1,True
1467539,Cole K. Mickenzie,0.0143,1,True
81427,Paul Ahmarani,1.0701,4,True
1504592,Carolyn Guillet,0.055,1,True
1504595,Jesse Sherman,0.0327,1,True
1504596,Francis B. Goldberg,0.0071,1,True
548204,Miranda Handford,1.5495,1,True
32987,Sam Riley,0.7649,7,True
54738,Jack Huston,0.8605,7,True
230680,Douglas Booth,0.6308,6,True
136532,Matt Smith,1.4514,9,True
1325961,Suki Waterhouse,0.7891,7,True
1155473,Emma Greenwell,1.1084,6,True
112824,Aisling Loftus,0.469,5,True
178614,Dolly Wells,0.8379,6,True
1508785,Ellie Bamber,0.5342,5,True
1325532,Ryan Oliva,0.302,1,True
1460120,Millie Brady,1.4195,6,True
87722,Noomi Rapace,2.5032,9,True
220448,Paul Anderson,1.7578,6,True
1053673,Jack Laskey,0.3464,4,True
1097455,Patricia Slater,0.094,1,True
1086530,Karima McAdams,0.361,4,True
1279512,Hattie Gotobed,0.4336,4,True
32300,Johnny Harris,0.1013,4,True
1055230,Raffey Cassidy,1.125,7,True
196179,Stephen McKinley Henderson,0.5732,6,True
971329,Nina Arianda,0.6482,6,True
116714,Juan Carlos Hernández,0.2099,5,True
115975,James Colby,0.2154,1,True
159828,Peter Van Wagner,0.8146,1,True
974317,Kate Upton,1.113,9,True
937039,Carla Bruni,0.1016,8,True
96376,Thierry Hancisse,0.1519,1,True
219708,Audrey Fleurot,1.058,6,True
972459,Sam Sheridan,0.1959,1,True
235782,Vanessa Martinez,0.6205,5,True
39007,Carlos Miranda,0.7842,4,True
1130135,Nick Lehane,0.0214,1,True
225622,Laura Chinn,0.1996,1,True
229606,Monica Dolan,0.7145,5,True
989325,Ella Purnell,3.7001,7,True
1697472,Katrina Durden,1.4917,5,True
1024492,Rob Archer,1.2641,4,True
33352,Cory Monteith,0.4514,7,True
972356,Luke Bracey,1.0008,6,True
6547,Pierre Boulanger,0.5775,4,True
62531,Valérie Lemercier,0.5959,6,True
41528,Franck de la Personne,0.0947,1,True
25446,Máté Haumann,0.8309,1,True
125684,Attila Árpa,0.3314,4,True
1156349,Joël Lefrançois,0.061,1,True
544002,Giulio Berruti,1.2194,4,True
1128573,George Mendel,1.2073,4,True
204588,Sarah Mahoney,0.2913,1,True
98292,Roxana Ortega,0.2018,1,True
18975,Wilmer Valderrama,1.1062,8,True
1216606,Gugu Mbatha-Raw,1.2612,8,True
85759,Maria Canals-Barrera,0.6581,6,True
1366811,Alex Quijano,2.2917,4,True
453272,Nora Arnezeder,1.3712,6,True
92404,Joel Kinnaman,2.2718,8,True
57012,Fares Fares,1.0639,6,True
936402,Jenna Dover,0.2749,1,True
936403,Stephen Rider,0.2177,1,True
936404,Daniel Fox,0.4244,1,True
1888321,Lynita Crofford,2.5425,4,True
1154244,John Paul Ruttan,0.2136,4,True
84338,Clint Carleton,0.3526,1,True
58399,Leela Savasta,0.4497,4,True
43286,Laura Vandervoort,1.3635,7,True
1581104,Dominique Brownes,0.0555,1,True
171941,Antonique Smith,0.3286,4,True
1266052,Nickola Shreli,0.2128,4,True
1011103,Will Peltz,0.7714,5,True
967197,Allen Williamson,0.8674,1,True
222881,Jai Day,1.0928,4,True
48312,Noah Segan,0.5253,5,True
78879,Xu Qing,1.3726,5,True
565504,Frank Brennan,0.7411,1,True
84760,Nick Gomez,0.2816,4,True
231857,Jon Eyez,0.1474,1,True
93564,Pihla Viitala,1.4448,5,True
87879,Ingrid Bolsø Berdal,1.1078,6,True
908548,Joanna Kulig,0.6493,5,True
71186,Bjørn Sundquist,0.3286,3,True
1173431,Thomas Scharff,0.0379,1,True
1192096,Kathrin Kühnel,0.1003,3,True
102744,Monique Ganderton,0.5585,4,True
172793,Bryce Hodgson,0.8452,3,True
51800,Teryl Rothery,1.0065,5,True
1006731,Melissa Roxburgh,1.9542,6,True
181067,Ken Medlock,0.2659,1,True
178466,Casey Bond,0.0786,1,True
938701,Nick Porrazzo,0.0796,1,True
134180,Alyssa Diaz,2.2833,4,True
1123221,Julian Alcaraz,0.2403,3,True
76677,Linda Boston,1.0809,1,True
948533,Paul Braunstein,0.2151,3,True
79332,Trond Espen Seim,0.7601,4,True
193045,Kim Bubbs,0.228,3,True
47177,Jørgen Langhelle,0.363,3,True
107543,Jan Gunnar Røise,0.3316,3,True
76611,Stig Henrik Hoff,0.2185,3,True
571418,Kristofer Hivju,1.5141,7,True
571346,Carsten Bjørnlund,0.3349,3,True
1334214,Jo Adrian Haavind,0.0795,1,True
1334215,Ole Martin Aune Nilsen,0.0618,1,True
205474,Adelaide Clemens,0.5753,5,True
239019,Kit Harington,1.3592,10,True
1189293,Erin Pitt,0.2259,3,True
1226806,Milton Barnes,0.2404,3,True
1797078,Rachel Sellan,0.1845,1,True
1772357,Jacky Lai,0.5816,3,True
51383,Tyler Labine,0.8837,6,True
58395,Karin Konoval,0.4814,4,True
236696,Terry Notary,0.4148,4,True
189696,Christopher Gordon,0.1291,1,True
5892,David Hewlett,0.7999,6,True
208678,Tracy Spiridakos,1.1271,6,True
1113604,Peigi Barker,0.2497,1,True
137262,Steve Purcell,0.7579,3,True
1052100,Sally Kinghorn,0.117,1,True
1438685,Eilidh Fraser,0.1079,1,True
1102427,Steven Cree,0.4501,4,True
1333216,Callum O'Neill,0.0311,1,True
3357818,Emma D'Inverno,0.0214,1,True
207985,Dilshad Vadsaria,0.3037,4,True
1272971,Jack Foley,0.0624,1,True
1579636,Elizabeth Shapiro,0.6515,1,True
224197,Brett Gelman,0.9086,5,True
2167468,Paul Tierney,0.0,1,True
1622141,Staci Lynn Fletcher,0.1177,1,True
1892270,Gary Brichetto,0.0286,1,True
1237293,Ilyssa Fradin,0.1573,1,True
155649,Joel Murray,0.5925,5,True
1271300,Noah Johnston,0.0696,1,True
482044,Beth Behrs,1.15,7,True
1803326,Ray Shirley,0.1,1,True
39683,Ivan Kaye,0.7362,4,True
1096866,Susanna Cappellaro,0.0737,1,True
211897,Josephine Butler,0.3669,4,True
213395,Hannah Murray,1.2095,7,True
219763,Charlotte Spencer,3.4618,4,True
578690,Lee Nicholas Harris,1.9731,3,True
60958,Joe Gnoffo,0.1182,3,True
13645,Danny Woodburn,0.6354,4,True
1060474,Sebastian Saraceno,0.0552,1,True
1091866,Ronald Lee Clark,0.0598,1,True
1060475,Bonnie Bentley,0.1554,1,True
128206,Lea Michele,0.2747,9,True
62856,Seth Meyers,0.3979,9,True
968006,Katherine McNamara,1.1746,5,True
232006,Nat Wolff,1.1498,6,True
210050,Eliza Coupe,0.8044,5,True
931644,Kate Simses,0.2912,1,True
110742,Tika Sumpter,0.9659,6,True
176653,Dave Annable,1.0419,5,True
1237404,Denise Vasi,0.2608,3,True
360193,Peter Linz,0.1965,3,True
97185,Eric Jacobson,0.2988,4,True
64182,Bill Barretta,0.1269,4,True
135467,Matt Vogel,0.0953,4,True
47934,Dylan Smith,0.3341,3,True
943440,Stephen MacDonald,0.0832,1,True
1212929,James McGowan,0.0404,1,True
1018325,Michael Therriault,0.3928,3,True
545344,Mishael Morgan,0.5006,5,True
563643,Kaitlyn Leeb,1.3871,3,True
1133349,Elizabeth Debicki,1.9187,6,True
35780,Amitabh Bachchan,1.1098,9,True
44838,Richard Carter,0.2932,3,True
1272936,Mal Day,0.0461,1,True
929136,Thomas Horn,0.1393,3,True
928297,Dennis Hearn,0.0368,1,True
171567,Paul Klementowicz,0.1094,1,True
928929,Julian Tepper,0.0501,1,True
928930,Caleb Reynolds,0.0214,1,True
1601831,Lorna Guity Pruce,0.172,1,True
3489745,Bernadette Drayton,0.0214,1,True
58593,Ko Shibasaki,2.0477,5,True
136191,Min Tanaka,0.3303,3,True
1253541,Jin Akanishi,0.9428,4,True
1095404,Masayoshi Haneda,0.3372,3,True
1278788,Hiroshi Sogabe,0.1018,2,True
1278789,Takato Yonemoto,0.4746,2,True
550560,Shû Nakajima,0.7873,3,True
1184036,Hiroshi Yamada,0.1376,2,True
1380499,Tanroh Ishida,0.1819,2,True
1060081,Johnny Pemberton,0.6403,3,True
1566455,Justin Hires,0.3564,2,True
171719,Vincent Curatola,0.557,6,True
1163266,Trevor Long,0.3554,3,True
155520,Linara Washington,0.3123,3,True
1660692,Ross Brodar,0.2115,2,True
1173099,Christopher Berry,0.2373,3,True
1088041,Kenneth Brown Jr.,0.0588,2,True
972270,Kaden Leos,0.2271,2,True
37156,James Biberi,0.4084,3,True
6725,Russ Tamblyn,1.0081,7,True
89376,Tina Huang,0.2809,3,True
1887324,Ireland Baldwin,0.1825,6,True
990136,Judd Lormand,0.3368,3,True
1134443,Nicole Andrews,0.4117,3,True
1116011,Han Soto,0.2753,2,True
76021,Griff Furst,0.3305,3,True
27530,Don Lake,0.3742,3,True
1158067,Camden Gray,0.2828,2,True
1158068,Carrie Lazar,0.3478,3,True
1158069,John L. Armijo,0.1068,2,True
94185,Shailene Woodley,2.5028,9,True
933002,Amara Miller,0.3003,4,True
931945,Nick Krause,1.1187,5,True
1237498,Patricia Hastie,0.3612,3,True
1394480,Grace A. Cruz,0.0239,1,True
1394479,Kim Gennaula,0.0478,2,True
1394481,Karen Kuioka Hironaga,0.0327,2,True
1394482,Carmen Kaichi,0.048,2,True
111451,Matt Corboy,0.1473,3,True
3429162,Matt Esecson,0.0389,2,True
6678,Michael Ontkean,0.4838,6,True
3429165,Stanton Johnston,0.0256,2,True
3429166,Jon McManus,0.0143,1,True
47627,Janet McTeer,1.6653,7,True
90046,Liz White,0.7044,5,True
1151410,Jessica Raine,0.6759,6,True
85071,Shaun Dooley,1.022,5,True
40672,Mary Stockley,0.2369,3,True
1220099,David Burke,0.6387,3,True
56,Sophie Stuckey,0.5308,5,True
1866891,Misha Handley,0.1071,2,True
1961566,Aoife Doherty,0.0143,1,True
1803327,Alexia Osborne,0.0926,2,True
255653,Ulf Friberg,0.4233,4,True
111786,Bengt C.W. Carlsson,0.2183,2,True
144310,Per Myrberg,0.1209,4,True
1003086,Josefin Asplund,1.4762,5,True
78147,Elodie Yung,1.831,8,True
1340664,Ava Acres,0.3714,4,True
1335308,Benjamin Flores Jr.,0.8943,4,True
1445416,Meibh Campbell,0.1339,2,True
1445417,Lee Perry,1.0733,3,True
549981,Katarina Čas,0.3734,4,True
17019,Laurence Kinlan,0.1237,2,True
1048644,Sarah Greene,1.1511,5,True
93209,Gary Lydon,0.1313,3,True
1349275,Mícheál Óg Lane,0.1031,2,True
87908,Mark O'Halloran,0.2331,4,True
1122014,David Pearse,0.6402,3,True
1349273,Owen Sharpe,0.0261,1,True
27770,Dennis Christopher,0.6656,6,True
1067187,David Steen,0.1142,2,True
1133063,Dana Gourrier,0.3056,4,True
1037108,Nichole Galicia,0.3627,3,True
1129647,Escalante Lundy,0.1665,3,True
1291961,Marcus Henderson,1.0226,4,True
183519,Craig Stark,1.5453,5,True
77303,Wang Xueqi,0.3792,6,True
974169,Jenna Ortega,14.9512,10,True
75330,Ambyr Childers,0.8836,6,True
219666,Madisen Beaty,0.5044,5,True
79196,Lena Endre,0.6382,5,True
157583,Barbara Brownell,0.0909,2,True
230060,Amy Ferguson,0.3965,3,True
1149893,Jennifer Neala Page,0.195,2,True
1149894,Mike Howard,0.0071,1,True
1505848,Charley Morgan,1.243,2,True
204468,Fiona Dourif,1.023,5,True
52583,Wagner Moura,2.1264,8,True
1029029,Brandon Auret,0.5434,4,True
204420,Josh Blacker,0.2486,3,True
1272862,Emma Tremblay,0.7236,6,True
205053,Jared Keeso,0.4622,5,True
1038379,Robert Kazinsky,0.4791,5,True
1428550,Jane Watson,0.1339,3,True
165424,Danny Sapani,0.5412,5,True
219737,Matt Cross,0.2534,3,True
1182596,Wahab Sheikh,0.0404,2,True
1272656,Mark Poltimore,0.0478,2,True
89822,Tuppence Middleton,0.9643,7,True
1563431,Michael Shaeffer,0.1497,3,True
80310,Tony Jayawardena,0.0694,3,True
2189827,Vincent Montuel,0.0686,2,True
2786470,Jai Rajani,0.0214,2,True
2588042,Gursharan Chaggar,0.0214,1,True
2786471,Edward Rising,0.0143,1,True
150673,Tim Holmes,0.158,1,True
99932,Toni Wynne,0.3387,1,True
1157664,Rob Crites,0.0621,1,True
1494289,Ralph Lister,1.0341,3,True
87445,Mia Serafino,1.1076,3,True
1023139,Adam Driver,1.3035,9,True
143037,Issey Ogata,0.5104,3,True
21663,Yoshi Oida,0.2591,2,True
84755,Yosuke Kubozuka,0.5261,3,True
1572085,Kaoru Endō,0.4137,2,True
931272,Diego Calderón,0.0256,1,True
4344337,Rafael Kading,0.0071,1,True
3515721,Matthew Blake,0.0261,1,True
3516343,Benoit Masse,0.0143,1,True
2975915,Tetsuya Igawa,0.0755,1,True
134057,Shi Liang,0.2213,1,True
123862,Hairi Katagiri,1.1464,3,True
232571,Yoshihiro Takayama,1.1805,3,True
58356,Kerry Bishé,0.6363,3,True
221809,Taylor Schilling,1.0355,7,True
77700,Travis Fimmel,3.1263,8,True
224167,Ben Schnetzer,0.9112,4,True
106952,Anna Galvin,0.3656,1,True
17018,Ruth Negga,0.7811,6,True
1049441,Burkely Duffield,0.3286,2,True
172873,Dean Redman,0.1957,1,True
1233165,Glenn Ennis,0.3002,1,True
227454,Alicia Vikander,2.3564,9,True
1300745,Thai-Hoa Le,0.1023,1,True
1392937,Carmel Amit,0.6445,2,True
1328755,Jim Shield,0.267,1,True
83276,Kenny Wormald,0.4396,3,True
553878,Ziah Colon,1.9313,4,True
1160181,Ser'Darius Blain,0.3018,1,True
80618,L. Warren Young,0.3363,1,True
1046348,Maggie Elizabeth Jones,0.564,2,True
1046352,Mary-Charles Jones,0.2294,1,True
1114368,Enisha Brewster,0.3184,1,True
1181557,Josh Warren,0.0613,1,True
74131,Anessa Ramsey,1.1687,4,True
1001947,Rachel G. Fox,0.4602,1,True
71821,Bernadette Quigley,0.0817,1,True
5921,Martin Roach,0.7781,3,True
34917,Lynne Griffin,0.3717,1,True
561869,Amandla Stenberg,1.1672,7,True
530025,Willow Shields,0.4114,5,True
207401,Leven Rambin,1.3555,5,True
1030513,Jack Quaid,2.2451,6,True
1348957,Ian Nelson,1.2349,3,True
78452,Gina Carano,0.9591,6,True
930817,Anthony Brandon Wong,0.7435,3,True
1046460,Max Arciniega,0.628,2,True
140616,Aaron Cohen,0.4479,1,True
150578,Karl Shiels,1.1074,3,True
151797,Jimmy Yuill,0.1562,1,True
563559,Sam Hazeldine,0.6748,2,True
1643,Adrian Rawlins,0.6135,3,True
1870616,Aidan Feore,0.0478,1,True
60348,Dave Legeno,0.2886,3,True
24712,Michael Cronin,0.3734,1,True
1507209,Michael Poole,0.078,1,True
335,Michael Shannon,1.6529,8,True
1026039,Bojan Perić,2.9732,4,True
228968,Emun Elliott,0.5675,3,True
71083,Kate Dickie,1.3953,4,True
1074615,Branwell Donaghey,0.1156,1,True
1030490,Veronika Vernadskaya,0.2141,1,True
29839,Gosha Kutsenko,0.2589,1,True
1030491,Nikolay Efremov,0.2176,1,True
1030492,Georgiy Gromov,0.106,1,True
101423,Artur Smolyaninov,0.6336,2,True
80997,Pyotr Fyodorov,0.7456,2,True
1030494,Ivan Gromov,0.0965,1,True
1663894,Oleg Poddubnyy,0.1805,1,True
496731,Ali Cobrin,0.6496,3,True
108889,Jay Harrington,1.6593,5,True
997303,Autumn Dial,1.3952,4,True
567332,Fergus Riordan,0.2418,1,True
2284559,Sorin Tofan,0.0734,1,True
34257,Anthony Stewart Head,0.8487,7,True
1054582,Cristian Iacob,0.0893,1,True
3683128,Ionut Cristian Lefter,0.0143,1,True
1359454,Will Ashcroft,0.0782,1,True
222910,Robin Kasyanov,0.182,1,True
1095911,Ofilio Portillo,0.0362,1,True
1815573,Takato Yamashita,0.0453,1,True
104521,Mika Nakashima,0.3668,4,True
438859,Susan Brown,0.3958,2,True
165434,Nick Dunning,0.4011,1,True
32357,Nicholas Farrell,0.9731,4,True
237020,Alexandra Roach,0.7391,3,True
30318,Amanda Root,0.4937,2,True
36666,Pip Torrens,0.8115,4,True
1023483,Phoebe Waller-Bridge,2.7782,9,True
132157,Ezra Miller,1.0752,8,True
1431169,Jasper Newell,0.34,1,True
1614414,Rock Duer,0.4167,1,True
1074512,Ashley Gerasimovich,0.4534,1,True
172150,Alex Manette,0.4198,1,True
1473442,Kenneth Franklin,0.11,1,True
1217566,Paul Diomede,0.3299,1,True
1352371,Michael Campbell,0.0071,1,True
1085146,J. Mallory McCree,0.0996,1,True
171893,Mark Elliot Wilson,0.094,1,True
932116,James Chen,0.3859,1,True
1193064,Lauren Fox,0.0742,1,True
1121786,Odeya Rush,0.9981,6,True
1179651,Lin-Manuel Miranda,1.0184,10,True
1108059,William J. Harrison,1.1394,1,True
1108054,Patrick Brouder,0.0239,1,True
935700,Elodie Tougne,0.1116,1,True
935701,Rohan Chand,0.1751,1,True
99351,Valerie Mahaffey,0.643,7,True
151657,Regis Philbin,0.2194,10,False
207150,Jessica Barth,0.7998,8,True
1204318,Aedin Mincks,0.3164,6,True
20472,Norah Jones,0.4595,10,False
1063947,Bretton Manley,0.1001,1,True
60286,Ralph Garman,0.2607,5,True
1204329,Sarah Fischer,1.8465,7,True
1462149,Elvis Polanski,0.5489,1,True
1462150,Eliot Berger,0.0218,1,True
1668026,Joseph Rezwin,0.0973,1,True
1373113,Nathan Rippy,0.7887,4,True
20798,Tanya Lopert,0.2814,5,True
31169,Julie Adams,0.8265,7,True
175826,Mireille Enos,1.2554,8,True
1180907,Daniella Kertesz,1.0207,5,True
78050,Elyes Gabel,0.7865,7,True
1186840,Sterling Jerins,1.1096,6,True
1027850,Abigail Hargrove,0.2066,4,True
1180908,Fabrizio Guido,1.3163,4,True
1270111,Jonathan Howard,1.1813,4,True
55469,Russell Tovey,0.8858,7,True
24225,Mike Cooper,0.0379,1,True
2683351,Sophie Jerrold,0.0071,1,True
67837,Jacki Weaver,1.7534,8,True
1375338,Lauren Weedman,0.449,5,True
1141410,Tracee Chimo,0.1347,4,True
239996,Benjamin Walker,0.8936,7,True
565500,Alex Lombard,0.4413,5,True
565501,Teri Wyble,0.4349,4,True
565503,Cameron M. Brown,0.0362,3,True
565505,John Neisler,0.212,4,True
86539,Meade Patton,0.0948,1,True
136348,Robin McLeavy,0.3036,4,True
147721,Erin Wasson,1.1336,6,True
1014850,Emanuel Ragsdale,0.0387,1,True
177838,Jill Basey,0.2454,1,True
1014851,Robert LeQuang,0.0256,1,True
1014852,Michael G. Wilkinson,0.0261,1,True
1014853,Lyndsey Nelson,0.0214,1,True
1014854,Michael Cody Gilbert,0.0261,1,True
199625,Lou Saliba,0.0984,1,True
205213,Edi Patterson,0.7083,4,True
565675,Catherine Chan,0.5946,4,True
1557632,Elissa Middleton,0.523,1,True
163976,Barry Bradford,0.053,1,True
170240,Jay Giannone,0.1799,1,True
1668397,Laurence Covington,0.0264,1,True
79651,Matt O'Toole,0.0921,4,True
1194168,Shing Ka,0.0773,1,True
118593,Anna Colwell,0.3245,1,True
223021,Stephen Caudill,0.3237,3,True
1424580,Walter Bankson,0.1634,1,True
213315,Lucas Bryant,0.4042,4,True
88930,Kristina Pesic,0.1879,4,True
1235237,Dillon Casey,0.4724,4,True
1140109,Joey Klein,0.274,4,True
80184,Jeananne Goossen,0.5591,4,True
1866605,Shannon Barnett,0.2082,1,True
986445,Lindsay Ames,0.065,1,True
136347,Jessica McNamee,1.0422,6,True
176748,Lauren Bittner,0.1472,4,True
579064,Christopher Nicholas Smith,0.2405,3,True
995457,Chloe Csengery,0.2886,4,True
995458,Jessica Tyler Brown,0.122,4,True
995459,Marilyn Alex,0.0676,1,True
206112,Dustin Ingram,0.1786,3,True
155037,Jessica Berger,0.3164,4,True
142402,Maria Olsen,0.2226,4,True
171401,Hallie Foote,0.1149,1,True
2053211,Paitoon Cheng,0.129,1,True
558466,Alex Russell,0.9716,5,True
35198,Rachel Roberts,0.3111,5,True
129868,J.D. Evermore,0.3436,4,True
1273231,Shyaam Karra,0.0362,1,True
1273232,Brent Wendell Williams,0.0214,1,True
1273233,Jhil McEntyre,0.0772,1,True
73381,Matthias Schoenaerts,0.8888,7,True
148112,Kristin Lehman,0.7457,5,True
224136,Dora Madison,0.7839,5,True
91671,Colman Domingo,1.5121,7,True
122889,Dane DeHaan,1.6838,8,True
476163,Nasim Pedrad,0.9771,7,True
156136,Joel Swetow,0.2295,4,True
73476,Michael Beattie,0.3275,4,True
159729,Elmarie Wendel,0.0861,5,True
1082094,Dave B. Mitchell,0.1019,1,True
167756,Dempsey Pappion,0.2541,1,True
58461,Michael Panes,0.5282,2,True
2214061,Todd Stanton,0.0683,1,True
1224996,Lauren Sánchez,0.2644,3,True
1585672,David Dustin Kenyon,1.0362,1,True
1447782,Tina Desai,0.6275,2,True
6498,Lillete Dubey,0.2301,2,True
346352,Diana Hardcastle,0.3015,2,True
1005280,Hugh Dickson,0.0785,1,True
177596,Patrick Pearson,0.1211,1,True
1216171,Liza Tarbuck,0.5251,3,True
1040864,Irone Singleton,0.4017,2,True
141762,Joe Chrest,0.6919,3,True
1025647,Alexander Asefa,0.0239,1,True
1127094,Demetrius Bridges,0.3702,2,True
60879,Bernard Johnson,0.0261,1,True
55569,Anne Openshaw,0.2898,2,True
574093,Jonathan James Bitonti,0.0828,1,True
59674,Ben Hernandez Bray,0.2713,2,True
935295,Peter Girges,0.0492,1,True
935297,Ella Kosor,0.131,1,True
935299,Lani Gelera,0.1242,1,True
127558,Andrea Riseborough,1.2751,8,True
1171690,Abigail Lowe,0.2608,1,True
1171689,Isabelle Lowe,0.1791,1,True
550843,Elizabeth Olsen,3.4307,10,True
19803,Leonardo Sbaraglia,0.5065,6,True
59039,Mitchell Mullen,0.1872,2,True
83665,Madeleine Potter,0.2286,2,True
1394373,Eloise Webb,0.4715,2,True
495384,Jeany Spark,0.1945,1,True
174708,Josette Simon,1.3987,7,True
24895,José Garcia,0.6272,6,True
1178995,Jessica Lindsey,0.9441,4,True
84754,Gonzalo Menendez,0.5895,3,True
1331887,Marissa Labog,0.7494,3,True
1025651,Drea Castro,0.0357,1,True
8270,Jason Cottle,0.1106,1,True
1025648,Jeffrey Barnachea,0.0071,1,True
1025649,Kenny Calderon,0.0071,1,True
1025650,Raul Canizales II,0.0363,1,True
1025657,Charles Chiyangwa,0.8766,3,True
1132335,Vladimir Sizov,0.1905,2,True
165293,Nicole Forester,0.4033,5,True
53259,Michael Raymond-James,0.8312,6,True
203630,Alexia Fast,1.0033,6,True
1056053,Josh Helman,0.5354,6,True
162849,James Martin Kelly,0.0588,1,True
1286869,Denver Milord,0.2761,2,True
25532,Philip Jackson,0.6691,6,True
57461,Simon Russell Beale,0.3656,7,True
20240,Zoë Wanamaker,0.9283,8,True
186389,Richard Clifford,0.2822,2,True
27084,Yu Nan,1.2439,6,True
46128,Amanda Ooms,0.3301,4,True
934869,Nikolette Noel,0.29,3,True
1156024,Tao Okamoto,0.6633,6,True
1179243,Rila Fukushima,0.7163,7,True
74540,Hal Yamanouchi,0.3207,3,True
1155715,Ken Yamamura,0.2156,3,True
2533551,Nobutaka Aoyagi,0.0286,1,True
2533552,Seiji Funamoto,0.0646,1,True
1205489,Shinji Ikefuji,0.1006,1,True
582605,Qyoko Kudo,0.4325,4,True
1685383,Nobuaki Kakuda,0.1489,1,True
2533553,Chiharu Mizuno,0.0143,1,True
1267329,Lupita Nyong'o,1.4619,10,True
467633,Adepero Oduye,0.2997,4,True
172096,Chris Chalk,0.245,5,True
218667,Kelsey Scott,0.2989,5,True
60077,Douglas Smith,0.743,6,True
116416,Katelyn Mager,0.2932,5,True
130769,Grey Damon,0.1526,6,True
1257753,Paloma Kwiatkowski,1.3812,7,True
1272883,Alisha Newton,1.2657,7,True
1224188,Brett Tucker,1.0108,7,True
98522,Riley Keough,1.5689,9,True
1036288,Abbey Lee,1.0364,7,True
1278500,Courtney Eaton,1.9042,8,True
102603,John Howard,0.1746,6,True
1272941,Iota,0.0445,1,True
1475853,Jennifer Hagan,0.088,1,True
458843,Cee Lo Green,0.4521,8,True
58511,Brian George,0.6913,6,True
1230389,Brian Stack,0.2985,2,True
1202534,Sadie Sandler,0.6743,6,True
111683,Jason Mantzoukas,1.2338,7,True
81840,Adeel Akhtar,1.1251,7,True
1223718,Rizwan Manji,0.5163,6,True
2823308,Rocky Citron,0.1098,1,True
1978679,Liam Campora,0.0728,1,True
1563891,Rick Chambers,0.1463,2,True
2823309,Elsayed Mohamed,0.0143,1,True
1113461,Elena Goode,0.895,5,True
2017225,Nazanin Homa,0.5096,4,True
2823311,Dawn Jackson,0.0071,1,True
170820,Ben Falcone,0.5266,6,True
1663672,Britain Dalton,0.438,5,True
1729393,Jamie Flatters,0.6976,5,True
1895788,Trinity Bliss,1.0996,4,True
1895760,Jack Champion,0.8475,3,True
129527,Brendan Cowell,0.2888,2,True
1615098,Duane Evans Jr.,1.1923,4,True
1186027,Alicia Vela-Bailey,1.1943,4,True
1390004,Maria Walker,1.181,4,True
1696016,Chloe Coleman,1.3668,4,True
1054724,Dan Yeager,0.2319,2,True
224231,Trey Songz,0.1317,8,True
38666,Tania Raymonde,2.1917,7,True
969635,Sue Rock,0.1632,1,True
138608,Dodie Brown,0.7195,3,True
1224669,Ron Kennell,0.1477,1,True
1294155,Rebecca Eady,0.0429,1,True
1510489,Dylan Schombing,0.2271,2,True
1207359,Maxime Savaria,0.546,3,True
135651,Michael B. Jordan,2.3381,10,True
589098,Ashley Grace,0.4243,2,True
1888327,Bo Petersen,0.1619,1,True
213044,Anna Wood,0.4829,3,True
4387933,Rudi Malcolm,0.0859,1,True
231651,Crystal-Donna Roberts,0.0973,1,True
85780,Adrian Collins,0.9078,3,True
1478709,Armand Aucamp,0.4286,2,True
980004,Royston Stoffels,0.1291,1,True
121756,Byron Thames,1.279,4,True
109319,Nikki Amuka-Bird,0.6707,3,True
114252,Edward Hogg,0.1616,1,True
33394,Maria Doyle Kennedy,1.1002,4,True
556356,Vanessa Kirby,4.5993,9,True
21688,Bae Doona,0.9784,6,True
1369057,Katherine Cunningham,1.1176,4,True
582816,Cody H. Carolin,0.5636,3,True
85414,Hugh Daly,0.5368,3,True
1138844,Jaime FitzSimons,0.2429,2,True
969413,Everton Lawrence,0.0634,1,True
210256,Zone,0.0297,1,True
1271758,Alvin Norman,0.0143,1,True
558925,Tucker Albrizzi,0.3052,2,True
92087,Tempestt Bledsoe,0.2155,2,True
1714288,Hannah Noyes,0.042,1,True
102336,Jack Blessing,0.2504,2,True
110902,Ólafur Darri Ólafsson,0.4904,3,True
1115984,Jason Mitchell,0.4322,2,True
1293752,Paul LeBlanc,0.0256,1,True
3228195,Michael J. Taylor,0.0071,1,True
3228196,John Russ Broussard,0.0143,1,True
1172814,Lucky Johnson,1.0292,4,True
80289,Jay R. Ferguson,0.531,3,True
211429,Riley Thomas Stewart,0.3195,2,True
550317,Jillian Batherson,0.1919,1,True
568045,Courtney James Clark,0.2934,2,True
143264,Trey Burvant,0.1266,1,True
1082521,Ann McKenzie,0.1243,1,True
60881,Douglas M. Griffin,0.2182,2,True
1784630,Cam Banfield,0.0509,1,True
4766031,Kendal Tuttle,0.0071,1,True
94482,Natasha Calis,0.548,3,True
582704,Matisyahu,0.0939,1,True
89885,Quinn Lord,0.3052,2,True
64671,Jim Thorburn,0.3409,2,True
582698,Erin Simms,0.7756,3,True
78141,Grant Show,0.6351,3,True
1224673,Paul Wu,0.2853,2,True
49706,Adam Rodriguez,1.3948,5,True
86498,Gabriel Iglesias,0.6053,8,True
1447863,Michael Roark,0.3724,2,True
1217934,Betsy Brandt,0.841,3,True
1277188,Jacob Tremblay,1.8939,8,True
127130,Nancy O'Dell,0.1314,1,True
1298569,Karim Babin,0.1071,1,True
1303903,Jocelyn Blanchard,0.0687,1,True
182955,Erika Rosenbaum,0.2744,2,True
1447280,Carolina Bartczak,0.8161,3,True
80019,James A. Woods,0.1721,1,True
1121666,Henri Pardo,0.0739,1,True
978906,Vanessa Matsui,0.5239,3,True
84832,Dusan Dukic,0.1649,1,True
90424,Mario Andretti,0.135,8,True
1496394,Aidan Andrews,0.1334,1,True
226992,Aaron Berger,0.0605,1,True
461542,Sarah Baker,0.7754,3,True
157865,Karen Maruyama,0.2896,2,True
1110284,Grant Goodman,0.1181,1,True
582952,Kya Haywood,0.0071,1,True
1395491,Randall D. Cunningham,0.1402,1,True
1330999,Madison Wolfe,3.1353,6,True
111678,Thomas Middleditch,0.6304,6,True
189230,Josh Lawson,0.3266,2,True
93687,Danny Hanemann,1.2972,4,True
1102621,Vithaya Pansringarm,0.2913,2,True
1206367,Rhatha Phongam,0.9193,3,True
1840,Gordon Brown,0.3903,8,True
52891,Tom Burke,1.8145,5,True
971590,Byron Gibson,0.1765,1,True
521673,Sahajak Boonthanakit,0.3183,2,True
1163445,Charlie Ruedpokanon,0.1254,1,True
1268084,Wannisa Peungpa,0.0412,1,True
1268085,Narucha Chaimareung,0.0357,1,True
1669972,Danai Thiengdham,0.0505,1,True
57823,Marylouise Burke,0.4509,4,True
1254683,Diane Kagan,0.147,1,True
35515,June Squibb,0.4843,4,True
21382,Gene Canfield,0.301,4,True
1716582,Suzanne Hevner,0.2165,1,True
4802967,Steve Coats,0.0214,1,True
6913,Ellen Barkin,1.8708,9,True
16302,Bob Einstein,0.3964,4,True
1231304,Luis Chávez,1.118,4,True
31528,Wayne Pére,1.1199,4,True
17396,Timothy Carhart,0.3478,4,True
11163,John Saxon,0.8809,5,True
4602,Jon Tenney,0.6912,4,True
4603,Joey Travolta,0.6731,4,True
4606,Jimmy Ortega,0.3074,4,True
2983245,Dick Purtan,0.0,1,True
191545,Fred Asparagus,0.4331,1,True
80116,Julie Strain,1.4268,4,True
4430,Sharon Stone,3.2517,10,True
4431,Jessica Lange,1.5882,10,True
3063,Tilda Swinton,2.7694,10,True
4432,Frances Conroy,1.0812,8,True
4433,Alexis Dziena,0.6052,4,True
4443,Christopher McDonald,1.6143,8,True
4439,Heather Simms,0.1543,1,True
31268,Larry Fessenden,0.513,4,True
4440,Brea Frazier,0.0646,1,True
4583635,Jarry Fall,0.0071,1,True
4583636,Korka Fall,0.0143,1,True
4441,Pell James,1.1119,4,True
4451,Mark Webber,1.7007,5,True
4491,Jennifer Aniston,1.6382,10,True
4492,Philip Baker Hall,0.7013,8,True
4493,Catherine Bell,1.3452,8,True
4495,Steve Carell,2.3923,10,True
4496,Nora Dunn,0.3948,4,True
4498,Paul Satterfield,0.3728,4,True
29794,Mark Kiely,0.3382,4,True
12134,Sally Kirkland,0.4234,4,True
138986,Tony Bennett,0.3623,9,True
191378,Timothy Di Pri,0.2059,1,True
1225872,Brian Tahash,0.0998,1,True
106849,Lou Felder,0.2496,1,True
159431,Annie Wersching,2.2862,5,True
4587,Halle Berry,3.1252,10,True
4589,Benjamin Bratt,1.9844,9,True
2192,Lambert Wilson,1.0443,5,True
24357,Alex Borstein,1.1056,8,True
9289,Michael Massee,0.5022,4,True
57748,Byron Mann,0.4578,4,True
141446,Kim Smith,0.2116,1,True
32887,Christopher Heyerdahl,1.079,4,True
60462,Peter Wingfield,0.3614,4,True
141447,Berend McKenzie,0.0286,1,True
158441,Patricia Mayen-Salazar,0.105,1,True
67978,Ona Grauer,0.5431,4,True
64614,Landy Cannon,1.5602,4,True
1368537,Michael P. Northey,0.2591,1,True
4687,Patricia Arquette,1.9014,9,True
5576,Val Kilmer,1.4096,9,True
4690,Christopher Walken,2.4698,10,True
4688,Michael Rapaport,1.6539,8,True
4691,James Gandolfini,0.892,9,True
2969,Chris Penn,1.4514,5,True
87118,Michael Beach,1.213,4,True
42993,Martin Donovan,0.5618,4,True
18070,Nicky Katt,0.7176,4,True
16307,Maura Tierney,1.2766,8,True
15900,Paul Dooley,0.4125,4,True
23495,Jonathan Jackson,0.4044,4,True
27136,Katharine Isabelle,1.2873,8,True
63791,Jay Brazeau,0.336,4,True
152410,Kerry Sandomirsky,0.3634,1,True
58393,Yan-Kay Crystal Lowe,0.5277,4,True
179495,Lorne Cardinal,0.2366,4,True
99841,Paula Shaw,0.2969,1,True
1075149,Oliver 'Ole' Zemen,0.0362,1,True
4724,Kevin Bacon,3.4233,10,True
4728,Kevin Chapman,0.3872,4,True
4729,Tom Guiry,0.4572,4,True
4730,Emmy Rossum,1.9405,9,True
4731,Andrew Mackin,0.0546,1,True
4732,Adam Nelson,0.1762,1,True
4733,Robert Wahlberg,0.9474,4,True
4734,Jenny O'Hara,1.0169,4,True
4735,John Doman,0.6627,4,True
4736,Cameron Bowen,0.2636,1,True
188049,Lonnie Farmer,1.444,4,True
25654,Julianna Margulies,1.4322,9,True
60005,Nathan Phillips,0.3124,4,True
77330,Kenan Thompson,0.7489,8,True
52478,Rachel Blanchard,1.953,5,True
109686,Flex Alexander,0.4391,4,True
55788,Keith Dallas,0.48,4,True
58707,Sunny Mabrey,0.7484,4,True
7401,Lin Shaye,0.6963,4,True
73269,Elsa Pataky,1.0435,8,True
1154165,Bruce James,0.0214,1,True
132347,Casey Dubois,0.403,1,True
27124,Gerard Plunkett,0.3118,4,True
1267967,Kowit Wattanakul,0.8606,1,True
3634134,Wittchuta Watjanarat,0.0143,1,True
3634135,Pitchawat Petchayahon,0.0071,1,True
76477,Nophand Boonyai,0.5904,1,True
1088988,Saichia Wongwirot,1.004,1,True
75174,Socratis Otto,0.5943,1,True
1614471,Sam Upton,0.189,1,True
154263,Ted Rooney,0.3109,1,True
650356,Erin Carufel,0.1534,1,True
1468778,Amy Argyle,0.1426,1,True
180716,Susan Hess,0.4904,1,True
98103,Richard Ayoade,0.8867,7,True
1215797,Erinn Hayes,0.5756,4,True
990393,Erin Moriarty,1.6735,7,True
205204,Jean-Luc Bilodeau,0.4366,5,True
104997,Marlo Thomas,0.425,9,True
58001,Michelle Burke,0.7497,1,True
76687,Loretta Higgins,0.1026,1,True
52850,Lina Esco,1.4996,5,True
1266195,Suraj Partha,0.137,1,True
994016,Khylin Rhambo,0.4036,1,True
84409,Conor Carroll,0.2963,1,True
1116145,Tony Mirrcandani,0.086,1,True
155077,Stevie Ray Dallimore,0.1441,1,True
1136406,Tom Holland,3.9524,10,True
1304662,Samuel Joslin,0.723,1,True
1207881,Oaklee Pendergast,0.2084,1,True
34019,Marta Etura,0.5211,4,True
147446,Sönke Möhring,0.3491,4,True
1026231,Ploy Jindachote,0.2775,1,True
2242086,Jomjaoi Sae-Limh,0.0389,1,True
1176194,Johan Sundberg,0.1481,1,True
1467498,Jan Roland Sundberg,0.0538,1,True
1467499,La-Orng Thongruang,0.0363,1,True
1467500,Tor Klathaley,0.0809,1,True
135722,Douglas Johansson,0.4635,1,True
4217411,Emilio Riccardi,0.0286,1,True
1674196,Harry Holland,1.6627,5,True
935201,Diego Boneta,0.5641,6,True
84933,Mary J. Blige,0.472,9,True
1064157,Erica Frene,0.0764,1,True
1064158,Shane Hartline,0.1538,1,True
1737038,Ellen Marguerite Cullivan,2.8018,1,True
3072,Daniel Lapaine,1.0044,4,True
126042,Alex Macqueen,0.3117,4,True
33310,Tandi Wright,0.3651,4,True
234867,Peter Bonner,1.8695,1,True
1132646,Isabella Blake-Thomas,0.2922,4,True
114446,Jacob Bertrand,0.9108,5,True
1271684,Kamil McFadden,0.161,1,True
1364655,Georgie Grieve,0.0379,1,True
1364657,Olivia Mattingly,0.0297,1,True
1364658,Dominique Grund,0.0387,1,True
1364660,April Lawrence,0.214,1,True
4818,Roberto Benigni,0.6185,9,True
210766,Alessandro Tiberi,0.1415,1,True
553696,Lynn Swanson,0.1515,1,True
235207,Augusto Fornari,0.0579,1,True
24290,Mariano Rigillo,0.3072,1,True
78538,Gianmarco Tognazzi,0.1156,4,True
59270,Riccardo Scamarcio,0.977,5,True
226833,Allie MacDonald,0.4063,4,True
82819,Nolan Gerard Funk,0.4508,5,True
239464,Jordan Hayes,0.3292,1,True
168615,Joy Tanner,0.4332,1,True
444420,James Thomas,0.3029,1,True
593154,Lori Alter,0.3637,1,True
1267117,Olivier Surprenant,0.0579,1,True
224724,Will Bowes,0.1253,1,True
1196734,John Healy,0.0644,1,True
1585255,Bobby Osborne,0.0214,1,True
928906,Juliet Rylance,0.472,4,True
928905,Clare Foley,0.237,1,True
928908,Michael Hall D'Addario,0.4339,1,True
928909,Victoria Leigh,0.3693,1,True
1017265,Blake Mizrahi,0.1112,1,True
928907,Cameron Ocasio,0.8129,1,True
1179260,Danielle Kotch,0.2775,1,True
1859942,Ethan Haberfield,0.0214,1,True
1423420,Nicholas King,0.2733,1,True
1230614,Tavis Smiley,0.0745,5,True
76961,Demián Bichir,0.5744,8,True
145184,Sandra Echeverría,0.2919,5,True
112129,Diego Cataño,0.5103,1,True
83859,Leonard Roberts,0.4802,4,True
2004564,Jana Banker,0.0071,1,True
120890,Chris McGarry,0.0975,1,True
1584009,Tim Tolin,0.1651,1,True
97598,Alex Van,0.9122,1,True
1301772,Mark Ashworth,0.2649,1,True
976171,Philip Maurice Hayes,0.2555,1,True
129986,Bronwen Smith,0.4054,1,True
982065,Vincent Leclerc,0.1387,1,True
1172760,Daniel Rindress-Kay,0.1308,1,True
1676049,Chris Cavener,0.0605,1,True
1676052,Aaron Janke,0.0362,1,True
1676060,Serge Alain Cambronne,0.0261,1,True
101221,Robert Reynolds,0.2687,1,True
1195616,John Topor,0.4238,1,True
231517,Ayisha Issa,0.4742,4,True
164860,Debbie Wong,0.0664,1,True
56680,Luke Grimes,1.0513,7,True
238393,Alain Figlarz,0.3193,1,True
65826,Frank Alvarez,0.4503,1,True
2601566,Murat Tuncelli,0.0071,1,True
2601567,Ali Yildirim,0.0214,1,True
1439926,Ergun Kuyucu,0.4544,2,True
59752,Cengiz Bozkurt,0.5968,3,True
145504,Hakan Karahan,0.38,1,True
1170659,James Landry Hébert,0.8884,4,True
148992,Austin Abrams,1.4485,5,True
1212111,Lance Barber,2.1014,5,True
139553,Anne Leighton,1.0901,2,True
1008085,Yvette Tucker,1.1997,2,True
1223658,Raymond S. Persi,0.3201,1,True
95002,Jamie Elman,0.1677,1,True
76245,Adam Carolla,0.3087,8,True
75038,Roger Craig Smith,0.5347,5,True
73128,Skylar Astin,1.2317,8,True
239111,Matthew Russell,0.0947,1,True
1271780,Cheryl Williams,0.0286,1,True
1128450,Patrick McDade,0.3345,1,True
108920,Brea Bee,0.3079,1,True
145116,Samantha Barks,0.3628,6,True
1133684,Daniel Huttlestone,0.0943,5,True
1278528,Fra Fee,0.2553,3,True
1206337,Hugh Skinner,0.8829,7,True
231666,Alistair Brammer,0.1426,2,True
231673,Killian Donnelly,0.3303,3,True
1278501,Adam Pearce,1.5624,6,True
95716,Ian Pirie,0.1972,1,True
1145979,Isabelle Allen,1.7979,4,True
1278487,Hannah Waddingham,2.2827,9,True
1278492,Marilyn Cutts,1.6704,1,True
1052255,Charlotte Hope,1.4226,6,True
55472,Sacha Dhawan,0.6799,6,True
62879,Chris Geere,0.4987,5,True
1272929,Jaden Martin,0.2108,1,True
1272930,Sincere L. Bobb,0.0143,1,True
1172862,Monika Jolly,0.6808,1,True
83407,Andrew Ableson,0.4436,1,True
1234388,Simon Kassianides,0.2373,1,True
212184,Joshua Rush,0.4005,1,True
1054484,Lauri Fraser,0.0648,1,True
12071,Guillaume Aretos,0.9215,1,True
455033,Matt Shively,0.5096,5,True
984724,Aiden Lovekamp,0.3073,1,True
1033547,Brady Allen,0.2813,1,True
42377,Alexondra Lee,0.2115,1,True
1790409,Georgica Pettus,0.082,1,True
1485380,Alisha Boe,1.1105,7,True
1424716,Brendon Eggertsen,0.1324,1,True
2053235,Constance Esposito,0.0071,1,True
1284354,Ty Dawson,0.0474,1,True
1258227,Clara Paget,0.5486,5,True
936415,Kim Kold,0.2137,1,True
592496,Joe Taslim,0.6258,6,True
1835251,Samuel M. Stewart,0.0965,1,True
71057,Zhou Xun,1.0723,7,True
55411,David Gyasi,0.6839,6,True
64160,Robert Fyfe,0.4782,2,True
1118058,Robin Morrissey,1.0739,2,True
1077356,Zhu Zhu,1.4107,1,True
929906,Jared Gilman,0.5004,5,True
929905,Kara Hayward,0.7849,5,True
1105079,Lucas Hedges,0.7243,8,True
1105080,Charlie Kilgore,0.0533,3,True
1142686,Gabriel Rush,0.1639,1,True
2029510,Andreas Sheikh,0.0214,1,True
179274,Gianpaolo Venuta,0.2239,1,True
550520,Keeva Lynk,0.0546,1,True
149966,Nicholas Tucci,0.3265,1,True
168529,Wendy Glenn,0.3012,1,True
74133,AJ Bowen,0.298,4,True
558055,Margaret Laney,0.1856,1,True
139150,Amy Seimetz,0.6945,5,True
27995,Barbara Crampton,0.4931,5,True
1140572,L.C. Holt,2.7323,1,True
98632,Lane Hughes,0.1526,1,True
582722,Kate Lyn Sheil,0.3135,2,True
990369,Andrew Rannells,0.5483,7,True
1455770,Sue Jean Kim,0.1732,1,True
83244,Ella Rae Peck,0.2659,4,True
1469244,Shauna Miles,0.0575,1,True
164481,Candy Buckley,0.1771,1,True
1055235,Quvenzhané Wallis,0.2798,8,True
1055236,Dwight Henry,0.2102,4,True
1073500,Levy Easterly,0.4328,2,True
1073501,Gina Montana,0.0143,1,True
1118577,Lowell Landes,0.0951,1,True
1118578,Pamela Harper,0.0214,1,True
1137369,Amber Henry,0.0168,1,True
1137370,Jonshel Alexander,0.0673,1,True
1118579,Nicholas Clark,0.0071,1,True
1137371,Joseph Brown,0.0071,1,True
1137372,Henry D. Coleman,0.0214,1,True
1137373,Kaliana Brower,0.052,1,True
1137374,Phillip Lawrence,0.0689,1,True
1137375,Hannah Holby,0.0143,1,True
1137376,Jimmy Lee Moore,0.0168,1,True
3710763,Jovan Hathaway,0.0,1,True
1107313,Patrick de Ledebur,0.0511,1,True
227229,Brian Balzerini,0.0754,1,True
2569643,Tom Kruszewski,0.0338,1,True
931944,Ellar Coltrane,0.6791,6,True
1327009,Lorelei Linklater,0.8929,3,True
2857,Libby Villari,0.1503,1,True
994259,Marco Perella,0.3177,2,True
144077,Brad Hawkins,0.1506,1,True
1467528,Jamie Howard,0.105,1,True
1467529,Andrew Villarreal,0.0718,1,True
955807,Jenni Tooley,0.0857,1,True
1327013,Zoe Graham,0.1594,1,True
1467543,Charlie Sexton,0.1242,1,True
1467501,Elijah Smith,0.0389,1,True
32239,Steven Chester Prince,0.2834,2,True
1467504,Bonnie Cross,0.0261,1,True
1467505,Sydney Orta,0.0297,1,True
479656,Kathryn McCormick,0.3037,2,True
932091,Ryan Guzman,0.6336,6,True
1278721,Misha Gabriel,0.1004,1,True
217055,Cleopatra Coleman,0.6891,3,True
180789,Tommy Dewey,0.379,2,True
1217885,Emiliano Díez,0.1435,1,True
93692,Steve Zurk,0.1157,1,True
1880192,Mia Michaels,0.0832,1,True
1618539,Claudio Pinto,0.117,1,True
931985,Kevin A. Walton,0.8993,3,True
2874033,Tangi Colombel,0.0416,1,True
71375,Alden Ehrenreich,1.7681,7,True
944159,David Alford,0.1057,1,True
128211,Peg Allen,0.042,1,True
149569,Lauren E. Roman,0.0961,1,True
2187785,Dominick 'Dino' Howard,0.0071,1,True
1271786,Tyler von Tagen,0.0687,1,True
979432,Jeanine Serralles,0.1878,1,True
123515,Alex Karpovsky,0.5213,3,True
1552816,Helen Hong,0.235,2,True
1721565,Bradley Mott,0.0899,1,True
2743963,Michael Rosner,0.0071,1,True
4174823,Leo McHugh Carroll,0.0592,1,True
168877,Finn Wittrock,0.644,4,True
1086527,Gavin Casalegno,6.7315,6,True
1389081,Nolan Gross,0.1994,1,True
1170658,Linda Bright Clay,0.5383,3,True
159879,Joseph Lyle Taylor,0.7226,3,True
1170657,Amanda Warren,0.5762,3,True
1170656,Christine Marzano,1.4718,4,True
1463652,Madeleine Arthur,0.978,3,True
1463648,Delaney Raye,0.0379,1,True
1423419,Farryn VanHumbeck,0.3117,2,True
1176159,Guido Furlani,0.0712,1,True
1279081,Elisabetta Fantone,0.6592,3,True
1516211,Emily Maddison,0.4344,2,True
99210,Gabe Khouth,0.1328,1,True
1223786,Emilia Clarke,3.6328,10,True
1030512,Dayo Okeniyi,0.5649,3,True
55596,Michael Gladis,0.4699,3,True
1023458,Wayne Bastrup,0.0993,1,True
1451160,Matty Ferraro,0.6792,3,True
543530,Dave Bautista,2.6812,9,True
102852,Andreas Apergis,0.4151,2,True
172915,Noah Dalton Danby,0.1805,1,True
105496,Neil Napier,0.5093,3,True
224227,Keri Hilson,0.3349,5,True
2212099,Charlie Marie Dupont,0.0812,1,True
17338,Vanilla Ice,0.4956,8,True
84920,Tony Orlando,0.327,2,True
56757,Eva Amurri,0.948,4,True
82988,Meagen Fay,0.4827,3,True
170804,Peggy Stewart,0.3818,2,True
19752,Guy Boyd,0.4627,3,True
1385043,Jackson Frazer,0.2933,2,True
1378130,Samara Lee,0.3117,2,True
1385044,Francis J. Murphy III,0.0261,1,True
1385045,Jane Mowder,0.9564,3,True
1431311,David Bennett,0.0143,1,True
98175,Lee Perkins,0.067,1,True
1431401,Robert Haramia,0.0071,1,True
1431403,Daniel Hilt,0.0843,1,True
1201512,Carter Cabassa,0.0557,1,True
1263260,Adam C. Edwards,0.0915,1,True
1118730,Charlie E. Schmidt,0.7219,3,True
2103760,Will Sherrod,0.0286,1,True
5973,Patricia Rae,0.1904,1,True
1077805,Ana Ayora,0.3686,2,True
995197,Megan Ketch,0.4553,2,True
1359007,Ian Blackman,0.0834,1,True
206905,Jeremy Allen White,1.919,7,True
112742,Emily Alyn Lind,2.003,6,True
1181562,Raymond Anthony Thomas,0.1689,1,True
1181555,James Patrick Freetly,0.0948,1,True
232500,Jake Zyrus,0.1907,1,True
89402,Bas Rutten,0.2357,2,True
21736,Jason Miller,0.341,5,True
83372,Mark Muñoz,0.1537,1,True
1451393,Bruce Buffer,0.1436,1,True
83367,Krzysztof Soszynski,0.426,2,True
933160,Suraj Sharma,0.677,4,True
935504,Ayush Tandon,0.7954,3,True
1133846,Gautam Belur,0.7292,1,True
227849,Adil Hussain,0.6131,4,True
55062,Tabu,0.4346,8,True
1377778,Ayaan Khan,0.1138,1,True
1133848,Mohd Abbas Khaleeli,0.5146,1,True
1133849,Vibish Sivakumar,0.2537,1,True
121702,Jun Naito,0.0785,1,True
40541,Andrea Di Stefano,0.3568,4,True
1271647,Shravanthi Sainath,0.4949,1,True
1271648,Elie Alouf,0.0379,1,True
1092245,Ko I-chen,1.2352,1,True
70785,Anita Briem,0.821,5,True
70786,Jean Michel Paré,0.8454,4,True
110887,Jane Wheeler,0.3675,1,True
110888,Giancarlo Caltabiano,0.1719,1,True
70787,Kaniehtiio Horn,0.7317,4,True
110889,Garth Gilker,0.0859,1,True
113231,Gunner Wright,0.2538,1,True
21662,Ed Westwick,1.2863,7,True
1258702,Sadie Calvano,1.0559,5,True
65871,Amanda Schull,1.7885,7,True
169449,Cheryl Lawson,1.3204,1,True
1046377,Robert Fleet,1.8193,1,True
1144176,Graham Parker,0.0338,1,True
174514,Annie Mumolo,0.4185,5,True
83286,Lisa Darr,0.5581,4,True
1007683,Jack Reynor,1.2314,5,True
204100,James Bachman,0.1578,1,True
78877,Ray Lui,1.0845,4,True
80619,Steve Coulter,0.8309,4,True
58739,Hank Harris,0.1948,1,True
78804,Jocelin Donahue,0.9001,4,True
1153842,Lindsay Seim,0.3451,4,True
154839,Danielle Bisutti,0.5872,4,True
1223444,Tyler Griffin,0.1211,1,True
206505,Garrett Ryan,0.7202,4,True
62851,Tom Fitzpatrick,0.2777,1,True
303870,Nickolai Stoilov,0.1202,1,True
503103,Vanessa Bayer,0.7429,7,True
999817,Olivia Taylor Dudley,0.6516,5,True
496410,Devin Kelley,0.2632,4,True
88052,Milutin Milošević,0.1607,1,True
74502,Kristof Konrad,0.1462,1,True
938096,Miloš Timotijević,0.3118,4,True
1531112,Ivan Đorđević,0.0281,1,True
2311309,Ivan Jović Ikac,0.0379,1,True
1526209,Zinaida Dedakin,0.1034,1,True
4455931,Ivana Milutinović,0.0143,1,True
207384,Sarah Solemani,0.4628,4,True
65446,Kate O'Flynn,0.4948,4,True
1236982,Ben Willbond,0.2494,4,True
998387,Ed Sheeran,1.1549,10,False
1509615,Nick Mohammed,1.1211,7,True
21345,Stephen Mangan,0.5143,5,True
1294711,Jamie de Courcey,0.1378,1,True
1693317,Augusto Dall'Ara,0.0453,1,True
1294712,Ilario Calvo,0.0807,1,True
29412,Eric MacLennan,0.151,1,True
147041,Raphaël Personnaz,0.2608,4,True
87297,Tannishtha Chatterjee,0.4458,4,True
1289968,Cara Delevingne,1.8932,9,True
137905,Bill Skarsgård,2.6349,9,True
586286,Hera Hilmar,1.1808,5,True
1053170,Katie Chang,0.3801,4,True
527313,Taissa Farmiga,2.6139,7,True
1172491,Claire Julien,0.2095,1,True
969140,Israel Broussard,1.1467,4,True
1172494,Georgia Rock,0.1363,1,True
43372,Stacy Edwards,0.7125,4,True
1392128,Janet Song,0.1819,1,True
1367842,Annie Fitzgerald,0.2505,1,True
1285630,Lorenzo Hunt,0.0362,1,True
1392074,Timothy Starks,0.1273,1,True
934243,Halston Sage,1.3057,7,True
2491204,Zoë Bleu Sidel,1.293,1,True
74278,K.C. Collins,0.366,1,True
1096272,WB Brown II,0.0143,1,True
1041440,Emory Cohen,1.0839,5,True
1129833,Gabe Fazio,0.1852,1,True
53937,Olga Merediz,0.2999,4,True
1183824,Craig Van Hook,0.0143,1,True
1183823,Angelo Anthony Pizza,0.2308,1,True
144503,Mary Christina Brown,1.4941,1,True
1115351,Andrew Ng,0.5025,1,True
88351,Chen Kuan-Tai,0.9502,4,True
227782,Bryan Leung,2.066,1,True
45407,Mark Duplass,1.5246,8,True
89626,Reda Kateb,0.4074,4,True
1061516,Ricky Sekhon,0.1984,1,True
1140088,J.J. Kandel,0.1649,1,True
210271,Taylor Kinney,1.051,7,True
203096,Alona Tal,1.6958,5,True
1141737,Britney Theriot,0.0936,1,True
586270,Odessa Feaster,0.1504,1,True
1273242,Luis Tolentino,0.0357,1,True
946356,Andrea Frankle,0.4645,1,True
1163622,Pete Ploszek,0.4706,1,True
64295,Alan Ritchson,3.5928,8,True
177525,Minae Noji,0.1848,4,True
1240486,Abby Elliott,0.5214,5,True
118756,Madison Mason,0.3336,4,True
1394686,Malina Weissman,1.2921,7,True
176497,Rachel Melvin,0.2816,2,True
51699,Tembi Locke,0.2722,4,True
43231,Paul Blackthorne,0.5287,5,True
58512,Steve Tom,0.2474,2,True
1215759,Eddie Shin,0.5298,3,True
1383480,Atkins Estimond,0.9766,4,True
204419,Tommy Snider,0.3497,3,True
1092419,Lindsay Ayliffe,0.1775,2,True
145245,Caitlin Stasey,0.5332,6,True
1406989,Penny Higgs,0.0571,1,True
145246,Deniz Akdeniz,0.4976,4,True
145248,Chris Pang,0.3747,3,True
1519995,Virginie Le Brun,0.1079,1,True
1386458,Mahesh Jadu,0.6124,3,True
17882,Isabelle Huppert,1.4535,9,True
565426,Stuart Bennett,0.1955,2,True
1272973,Roy James Wilson,0.4,3,True
1272974,Myles Humphus,0.0961,1,True
1418811,Stephen Hill,0.257,2,True
203757,Roy Milton Davis,1.0386,4,True
72855,Felicity Jones,2.6649,9,True
163731,Louis Cancelmi,0.7666,4,True
1017347,Brenton Thwaites,1.1891,7,True
195286,Sarah Flind,0.7949,4,True
2979,Michael Higgins,0.2597,3,True
1355733,Isobelle Molloy,0.5374,3,True
1502461,Jackson Bews,0.4959,3,True
1833,Jamie Sives,0.9297,5,True
933640,Angus Wright,0.3835,4,True
1258225,Hannah New,0.638,4,True
1360010,Abby Ryder Fortson,0.6089,5,True
83187,Garrett Morris,0.2327,5,True
1382011,Carol Anne Watts,1.0954,4,True
1171570,Jacob Lofland,1.7124,6,True
1186193,Bonnie Sturdivant,0.3692,2,True
2756183,John Ward Jr.,0.0,1,True
1967662,Kristy Barrington,0.1235,1,True
2756190,Johnny Cheek,0.0071,1,True
2756192,Kenneth Hill,0.0,1,True
963134,Raymond Ochoa,0.1582,4,True
60460,A.J. Buckley,1.0082,6,True
1348591,Marcus Scribner,0.1588,4,True
1540680,Maleah Nipay-Padilla,0.0478,1,True
1476748,Jack Bright,0.082,1,True
1540681,Ryan Teeple,0.0621,1,True
1540682,Jack McGraw,0.4516,3,True
1540683,Mandy Freund,0.1125,1,True
234352,Margot Robbie,3.9936,10,True
56024,Jean Dujardin,0.9379,8,True
204392,Cristin Milioti,2.3582,8,True
936308,Christiann Castellanos,0.3995,3,True
183066,Daniel Booko,0.6084,3,True
176048,Basil Harris,0.0453,1,True
146516,Josie Loren,0.8523,5,True
1002409,Danielle Hartnett,0.07,1,True
1390312,Julian Gavilanes,0.1428,1,True
578736,David Joseph Martinez,0.1251,1,True
1381389,Alec Rayme,0.1222,1,True
575674,Christian Stokes,0.2982,2,True
1503890,Rodney Feaster,0.0143,1,True
17123,Darren Boyd,0.4794,4,True
219367,Steve Oram,0.2832,3,True
110076,Nicholas Burns,0.3535,3,True
969561,Thomas Law,0.2333,2,True
1200850,Zachary Bailess,0.0214,1,True
1706730,Daniel Holguín,0.2268,2,True
1088913,Chris Obi,0.1263,1,True
172069,Chadwick Boseman,0.7347,10,True
87243,Nicole Beharie,0.4945,6,True
459980,André Holland,0.4552,6,True
164205,T.R. Knight,0.69,6,True
116579,Max Gail,0.659,5,True
19227,Brad Beyer,0.4277,4,True
62692,Oliver Hudson,1.4045,7,True
1053422,Patrick Schwarzenegger,1.6308,7,True
114470,Polly Draper,0.5071,5,True
47281,Mamie Gummer,0.6611,6,True
1475960,Scott Shepherd,0.3005,3,True
1196493,Craig muMs Grant,0.1374,1,True
103373,Carmen Pelaez,0.0377,1,True
1261694,Barkhad Abdi,0.533,7,True
1266859,Barkhad Abdirahman,0.1624,2,True
1266858,Faysal  Ahmed,0.0974,1,True
1266862,Mahat M. Ali,0.3361,2,True
122338,Omar Berdouni,0.1153,1,True
3535459,Mohamed Ali,0.0071,1,True
3668050,Issak Farah Samatar,0.0071,1,True
1501025,Thomas Grube,0.0457,1,True
1511823,Ian Ralph,1.1192,4,True
530618,Jane Levy,1.3554,7,True
1046233,Elizabeth Blackmore,1.4917,7,True
1478081,Phoenix Connolly,0.4866,3,True
2068756,Sian Davis,0.1637,2,True
1424808,Stephen Butterworth,0.1346,1,True
1182202,Karl Willetts,1.7898,6,True
1478080,Randal Wilson,0.0387,1,True
28032,Bob Dorian,0.0673,1,True
973223,Ryan Gaul,0.1805,2,True
1221605,Steve Mallory,0.1534,1,True
232749,Nelson Bonilla,1.0111,1,True
1292730,Carmela Zumbado,1.0644,5,True
153621,Sondra Currie,0.4492,6,True
1753210,Judah Nelson,0.3604,4,True
204352,Bill Kurtis,0.2162,7,True
963547,Anna Enger Ritch,1.9233,5,True
1358965,Fred Galle,1.0254,1,True
221611,Jonathan Groff,0.6583,9,True
1207489,Livvy Stubenrauch,0.2924,5,True
1188241,Santino Fontana,0.4031,6,True
1207488,Eva Bella,0.3983,1,True
1297610,Maia Wilson,0.1326,1,True
1340678,Annie Lopez,0.0214,1,True
120831,Annaleigh Ashford,0.5762,6,True
587697,Melissa Sturm,0.2101,1,True
173428,Bridget Hoffman,0.4903,5,True
587823,Alice Englert,0.4429,7,True
1059597,Zoey Deutch,1.9998,8,True
1074676,Tiffany Boone,0.4152,5,True
1495340,Robin Skye,0.0835,1,True
1495342,Randy Redd,0.0714,1,True
1188080,Jon Freda,0.0628,1,True
209799,Ted Arcidi,0.0977,1,True
7466,Paul Borghese,0.2684,1,True
171584,Stan Carp,0.1913,1,True
185737,Anthony Desio,0.0582,1,True
1576528,Michael J. Panichelli Jr.,0.0507,1,True
1208649,Oisín Stack,0.2498,1,True
1277975,Peter Hudson,1.2537,4,True
2042674,Catherine Schaub-Abkarian,1.8012,1,True
2747569,Paul Shackman,0.0143,1,True
1651551,Emma Jacobs,1.4316,1,True
76941,David Lyons,0.661,6,True
1797637,Mimi Kirkland,0.18,4,True
524503,Noah Lomax,0.3011,4,True
20164,Robin Mullins,0.378,4,True
1041480,Juan Piedrahita,0.0938,1,True
65423,Mike Pniewski,0.3594,4,True
1788835,Jon Kohler,0.0666,1,True
1244435,Giulia Pagano,0.118,1,True
1281322,Jasper Grey,0.0338,1,True
1072572,Ester Dean,0.8442,6,True
1107297,Hana Mae Lee,0.5874,5,True
212604,Adam Devine,1.014,9,True
1107296,Ben Platt,0.4953,9,True
929511,Utkarsh Ambudkar,0.9527,7,True
1107298,Kelley Jakle,0.6206,5,True
1107299,Shelley Regner,0.0968,4,True
1107300,Caroline Fourmy,0.0791,1,True
59251,Victor Rasuk,0.3023,6,True
88928,Nelson Franklin,0.3507,5,True
1246804,Lenny Jacobson,0.674,7,True
1040368,Giles Matthey,0.2806,4,True
1304661,Madeleine Harris,0.6911,1,True
1502431,Madeleine Worrall,0.294,1,True
1010912,Tim Downie,0.3562,1,True
1009740,Pitbull,0.1572,10,False
521564,Blake Anderson,0.3726,7,True
1273228,Allison Bills,0.1459,1,True
1273229,Todd Cummings,0.0143,1,True
1252801,Emma Kenney,1.7458,8,True
973667,Rosa Salazar,1.2643,8,True
1180979,Josh Brener,0.8783,7,True
527393,Dylan O'Brien,2.0991,10,True
1180980,Tobit Raphael,0.0617,1,True
210172,Harvey Guillén,0.6721,7,True
54043,Gary Anthony Williams,0.7904,6,True
168829,Bruno Amato,0.3168,4,True
545130,Gunnar Helgason,0.0629,1,True
28419,Terence Bernie Hines,0.1587,4,True
961834,Alex Anfanger,0.1938,1,True
78404,Gary Wilmes,0.4311,1,True
1406450,Jon Daly,0.2114,5,True
185705,Gurdeep Singh,0.1502,1,True
1232623,Paul Fitzgerald,0.1745,4,True
73609,Nicolas Wright,0.2772,4,True
35340,Barbara Williams,0.3323,4,True
559280,David Haydn-Jones,1.3521,5,True
1542614,James Ingersoll,0.1897,1,True
1393524,Freddy Bosche,0.0546,1,True
1694998,Lance Broadway,0.0945,4,True
543261,Karen Gillan,2.6636,10,True
1363394,Mikaela Hoover,1.4402,5,True
150669,Micah A. Hauptman,0.228,4,True
105838,Emma Booth,0.4478,5,True
62784,Billy Slaughter,0.3236,1,True
1821681,Carl J. Walker,0.0168,1,True
557930,Nick Thurston,0.4661,4,True
576041,Doc Shaw,0.5846,4,True
93177,Lee Ross,0.3807,4,True
1172813,Richard King,0.1078,4,True
235125,Ariane Labed,1.0409,6,True
1367569,James Sobol Kelly,0.1491,1,True
1371041,Callum Turner,1.9409,7,True
78882,Carlos Bardem,0.2498,5,True
19024,Javier Gutiérrez,0.1882,5,True
1131415,Hovik Keuchkerian,0.8748,4,True
1371518,Crystal Clarke,0.3233,4,True
78030,Ashley Benson,0.7779,9,True
79504,Rachel Korine,0.293,2,True
224228,Gucci Mane,0.3157,7,True
221606,Heather Morris,0.2887,6,True
1194368,Ash Lendzion,0.1662,1,True
1075505,Emma Holzer,0.3531,1,True
2107719,Lee Irby,0.0,1,True
1076694,Jeffrey Jarrett,0.156,2,True
1635146,Sidney Sewell,0.1262,1,True
1635134,Thurman Sewell,0.0614,1,True
1753593,Josh Randall,0.0362,1,True
2690360,Travis Duncan,0.0071,1,True
1095524,Lydia Wilson,0.6854,4,True
156356,Richard Cordery,0.5586,3,True
1394375,Joshua McGuire,0.2629,2,True
1221073,Will Merrick,1.3223,5,True
116264,Tom Hughes,0.9472,4,True
968292,Clemmie Dugdale,2.5783,6,True
145133,Harry Hadden-Paton,0.2354,2,True
60349,Ryan Gage,0.6014,3,True
1356758,Thomasin McKenzie,1.6209,7,True
1075355,Jemima West,0.8764,4,True
1192915,Godfrey Gao,0.1764,2,True
209769,Chad Connell,0.3424,2,True
18072,Michael Herbig,0.4007,3,True
2786226,Luke Vanek,0.0,1,True
2786228,Richard Wolffe,0.0214,1,True
189761,David Copperfield,0.1325,2,True
156748,Fiona Hale,0.3704,2,True
134609,James Pizzinato,0.4615,3,True
102742,Patrick Sabongui,0.4866,3,True
1356528,Carson Bolde,0.0362,1,True
1356538,Luc Roderique,0.362,2,True
37158,Carmen Ejogo,1.3527,6,True
181081,Jussie Smollett,0.5698,4,True
1486488,Callie Hernandez,0.5411,3,True
37290,Nathaniel Dean,0.218,2,True
1527210,Alexander England,0.2311,2,True
1371541,Benjamin Rigby,0.2634,2,True
1384511,Uli Latukefu,0.7529,4,True
1057485,Tess Haubrich,0.4544,3,True
61784,Goran D. Kleut,0.6202,3,True
1559638,Hayden Rolence,0.1204,1,True
1606371,Bennett Dammann,0.0466,1,True
78423,Omar Sy,1.298,7,True
84222,Daniel Cudmore,0.4558,3,True
64439,Fan Bingbing,6.8846,9,True
3146273,Tim Driscoll,0.5836,3,True
1033573,Angela McEwan,0.109,1,True
3146275,Glendora Stitt,0.0,1,True
3146276,Elizabeth Moore,0.0214,1,True
1202600,Kevin Kunkel,0.0382,1,True
3146277,Dennis McCoig,0.0071,1,True
3146278,Ronald Vosta,0.0071,1,True
995198,Tom Lipinski,0.4863,3,True
19210,James Van Der Beek,0.5909,5,True
965550,Brighid Fleming,0.1084,1,True
87669,Alexie Gilmore,0.2659,2,True
1647302,Micah Fowler,0.0717,1,True
1787690,Chandra Thomas,0.1761,1,True
1278724,Elena Kampouris,1.1253,5,True
1094759,Isabelle Nélisse,0.5495,3,True
1289925,Melina Matthews,0.2941,2,True
1479458,Morgan McGarry,0.1871,1,True
111090,Javier Botet,0.7744,4,True
1362948,Jane Moffat,0.3913,2,True
4569,David Fox,0.1687,1,True
116081,Dominic Cuzzocrea,0.1285,1,True
1239372,Julia Chantrey,0.2468,2,True
1401312,Ray Kahnert,0.0605,1,True
27559,Matthew Edison,0.1905,1,True
2205424,Diane Gordon,0.0409,1,True
1140264,Jennifer Prior,0.1359,1,True
1140265,Charlotte Prior,0.0662,1,True
1117999,Xenia Kalogeropoulou,0.1414,1,True
1275640,Yiannis Papadopoulos,0.1484,1,True
1275641,Panos Koronis,0.9132,4,True
1282892,Enrico Focardi,0.0071,1,True
1282893,Manolis Goussias,0.0071,1,True
1282894,Anouk Servera,0.0311,1,True
1223384,Yota Argyropoulou,0.0459,1,True
1282895,Serafeim Radis,0.0214,1,True
78062,Aml Ameen,0.5403,3,True
548375,Michael Rainey Jr.,0.4994,3,True
1159982,Ansel Elgort,1.0609,7,True
964415,Zoë Belkin,0.3055,2,True
220922,Samantha Weinstein,0.2385,2,True
1292474,Karissa Strain,0.3311,2,True
1815069,Katie Strain,0.6765,3,True
147478,Demetrius Joyette,0.2202,2,True
186500,Arlene Mazerolle,0.0487,1,True
80033,Evan Gilchrist,0.0752,1,True
2586942,Eddie Max Huband,0.1561,1,True
89857,Keili Lefkovitz,1.0569,5,True
931218,Vivi Pineda,0.2038,1,True
1172379,Christopher Jestin Langstaff,0.0168,1,True
1172381,Gustavo Escobar,0.6976,3,True
1172382,Corinne Ferrer,0.0453,1,True
1172383,Zack Moore,0.0143,1,True
203781,Lela Loren,0.7166,4,True
1223879,James Allen McCune,0.2051,1,True
1108907,Nick Robinson,1.6868,8,True
591834,Lauren Lapkus,0.9128,7,True
150587,Katie McGrath,1.0751,8,True
1409504,Derek Solorsano,0.3244,1,True
61568,Edgar Arreola,0.2208,4,True
84756,Kyle Clements,0.1103,1,True
1358061,Christopher Matthew Cook,0.6942,4,True
1105706,Tait Fletcher,0.6305,4,True
1186010,Spoken Reasons,0.1157,1,True
1183546,Dan Bakkedahl,0.4513,5,True
178926,Michael McDonald,0.8765,5,True
552473,Peter Weireter,0.1901,1,True
55425,John Ross Bowie,0.7245,5,True
1360002,William Xifaras,0.5617,1,True
1745913,Cary 'Big Shug' Guy,0.0393,1,True
1487622,Erica Derrickson,0.0286,1,True
484359,Kid Cudi,0.5397,9,True
127281,Harrison Gilbertson,0.6852,6,True
4327,Brian Keaulana,0.1601,1,True
1260038,Ron Funches,0.3476,6,True
1704768,Aino Jawo,0.2997,4,True
1704769,Caroline Hjelt,0.177,5,True
1704766,Iris Dohrn,0.0604,4,True
131934,Bre Blair,0.8311,5,True
93224,April Billingsley,0.7519,4,True
1277225,Stephen Scott Scarpulla,0.1148,1,True
1320732,Dan Hewitt Owens,0.2528,4,True
67579,Edward Edwards,0.1789,1,True
97576,Gemma Chan,1.4289,9,True
1196960,Alec Utgoff,0.6427,5,True
21193,Peter Andersson,0.4894,5,True
1202317,Aleksandar Aleksiev,1.2832,4,True
1106755,Deborah Rosan,0.1983,1,True
1106757,Price Lindsey,0.0589,1,True
1106759,Celine Jedidi,0.0143,1,True
1106760,Ricky Rajpal,0.0143,1,True
79124,Karen David,0.4249,5,True
1340685,Jadon Sand,0.3473,4,True
143346,Keith Ferguson,0.3956,5,True
119224,Jonas Armstrong,0.5003,6,True
1363086,Franz Drameh,0.4475,5,True
125740,Dragomir Mrsic,0.1585,4,True
115679,Charlotte Riley,2.3281,7,True
213083,Lara Pulver,1.3873,6,True
1258664,Madeleine Mantock,0.5588,5,True
1504930,Assly Zandry,0.0168,1,True
85138,Demi Lovato,1.1387,10,False
205179,Danny Pudi,0.5195,8,True
1452128,Meghan Trainor,0.5402,9,True
567269,Jessica Brown Findlay,1.4217,6,True
205257,Lucy Griffiths,0.3574,5,True
1654649,Neka Zang,0.0932,1,True
1347239,Victor Ortiz,0.466,6,True
997887,Ronda Rousey,0.6773,9,True
90116,Slavi Slavov,1.1628,1,True
25089,Tomer Sisley,0.5381,5,True
211539,Laura-Leigh,0.8041,5,True
1634320,Crystal Nichol,0.4101,4,True
63663,Hayley McFarland,1.1392,7,True
553504,Shanley Caswell,0.6147,5,True
1186839,Kyla Deaver,1.0531,5,True
222906,John Brotherton,0.605,5,True
979807,Shannon Kook,0.7465,5,True
196899,Marion Guyot,0.7209,5,True
1186841,Morganna Bridgers,0.6543,5,True
1186842,Amy Tipton,0.1062,4,True
154000,Essence Atkins,0.6461,6,True
1107486,Liana Mendoza,0.1665,1,True
1080246,Jamie Noel,1.3012,5,True
146004,Marlene Forte,0.3837,5,True
1110105,Robin Thede,0.0702,6,True
1110108,Bobbie Lee,0.0214,1,True
1110110,Joel Kelley Dauten,0.1023,4,True
928306,Jordenn Thompson,0.0706,1,True
1382741,Steele Gagnon,0.185,4,True
1453793,Liam Knight,0.0921,4,True
1257847,Barbara Dirickson,0.2642,4,True
1315036,Daisy Ridley,1.7596,10,True
236695,John Boyega,0.8995,10,True
1709041,Joonas Suotamo,0.2869,7,True
1399528,Pip Andersen,0.0579,4,True
1709047,Cailey Fleming,1.5145,6,True
113732,Iko Uwais,1.2433,7,True
1399531,Billie Lourd,1.0339,8,True
1202689,Jessica Henwick,1.7449,7,True
1408809,Hannah John-Kamen,2.4372,7,True
1278755,Annie Rose Buckley,0.1941,1,True
1278758,Lily Bigham,0.0858,1,True
1212273,Melanie Paxson,0.259,5,True
1585263,Fuschia Sumner,0.2874,1,True
1313559,Ray Fisher,0.4988,7,True
1310711,Lisa Loven Kongsli,1.1469,5,True
1009999,Doutzen Kroes,1.2632,8,True
1831282,Hari James,1.0495,1,True
1467178,Leila Reid,1.0358,1,True
1717128,Kelly Burke,1.6252,5,True
1345133,Kevin Vance,0.4824,4,True
1345134,Mark Schlegel,0.0071,1,True
48530,Maurice Compte,0.8745,5,True
1691470,Ned Yousef,0.3884,1,True
1711678,Nick Chacon,0.0327,1,True
199298,Trevor St. John,0.209,2,True
1131606,Annie Thurman,0.285,1,True
168400,Ron Ostrow,0.092,1,True
1274510,Alyvia Alyn Lind,1.3366,5,True
1391884,Kadan Rockett,0.1079,1,True
1393310,L.J. Benet,0.8081,1,True
1393311,Jake Brennan,0.3734,1,True
968185,Marion Kerr,0.0575,1,True
1411625,Terence Rosemore,0.343,1,True
41020,E. Roger Mitchell,0.398,1,True
1096518,Terri Abney,0.0926,1,True
1723573,Alexander Babara,0.1752,1,True
1684455,Jong Kun Lee,0.0453,1,True
145310,Philip Arditti,0.2828,1,True
587036,Zoë Soul,0.9259,2,True
1224251,Erin Gerasimovich,0.2621,1,True
1371108,Kyla-Drew,0.7852,1,True
935722,Brad James,0.1987,1,True
1088938,Anthony Reynolds,0.3618,1,True
6183,Michael Esper,0.1962,1,True
996296,Christian George,0.0931,1,True
200446,James Molina,0.1295,1,True
4264984,Bernie O. Ramos Robledo,0.0,1,True
1097967,Sam Palladio,0.4174,5,True
4264985,Jordan Beder,0.0071,1,True
1120198,Andrzej Blumenfeld,0.1676,1,True
163545,Simon Delaney,0.2271,1,True
1156586,Adam Chanler-Berat,0.0616,1,True
1272290,Amos VanderPoel,0.1627,1,True
1272291,Matthew Daddario,1.0476,7,True
1394648,Jessica Williams,0.9268,6,True
2104781,Leslie Ann Glossner,0.0256,1,True
2104784,Derrick Arthur,0.0382,1,True
1193274,Michael Oberholtzer,0.5768,1,True
1485707,Chris J. Murray,0.5274,1,True
1386222,Brit Shaw,0.1367,4,True
1485708,Ivy George,0.6348,1,True
1423672,Dan Gill,0.8136,1,True
62035,Michael Krawic,0.1831,1,True
265855,Cara Pifko,0.1999,1,True
1052211,Mark Steger,0.3678,4,True
77122,María Valverde,3.914,6,True
765,Hiam Abbass,0.7013,6,True
1264233,Isaac Andrews,0.4063,1,True
30430,Indira Varma,1.8121,7,True
47615,Tara Fitzgerald,1.0453,6,True
234907,Dar Salim,2.4926,5,True
1190917,Zoe Levin,0.3094,1,True
1277365,River Alexander,0.5589,1,True
1976536,Adam Riegler,0.0806,1,True
2170013,Jeremy Weaver,0.0214,1,True
1371894,Kaitlyn Dias,0.3327,1,True
196502,Paula Poundstone,0.0733,5,True
1226294,Paula Pell,0.3808,6,True
512991,Richard Madden,1.3284,9,True
1186087,Sophie McShera,0.9054,6,True
47632,Rob Brydon,0.6758,6,True
1987952,Jana Pérez,0.1845,1,True
1503071,Tom Edden,0.3087,1,True
1206334,Josh O'Connor,1.5884,8,True
77234,Priyanka Chopra Jonas,1.6576,10,True
1174394,Colin Cowherd,0.0723,6,True
1299674,Ian Casselberry,0.3709,1,True
2487741,Noelle Wilcox,0.0538,1,True
2001500,Bradford Cox,0.0482,1,True
111029,Rick Espaillat,0.1093,1,True
549831,Lynn Adrianna,0.1231,1,True
154798,Lisa Renee Pitts,1.2549,1,True
1509453,Gabe Gomez,0.0796,1,True
1509454,Artt Butler,0.2831,1,True
1509455,May Lindstrom,0.1158,1,True
1179997,Brian D. Johnson,0.0684,1,True
86034,Julianne Nicholson,1.8989,6,True
64136,Misty Upham,0.7922,4,True
1462304,Will Coffey,0.0071,1,True
1050916,Holger Handtke,0.1551,1,True
89821,Dimitri Leonidas,0.6184,1,True
5646,Justus von Dohnányi,0.2376,3,True
54274,Serge Hazanavicius,0.168,5,True
48392,Udo Kroschwald,0.1102,1,True
500427,Hannibal Buress,0.6514,7,True
1394997,Tituss Burgess,0.234,6,True
1332495,Ian Hecox,0.3026,6,True
1332494,Anthony Padilla,0.2212,6,True
1075037,Danielle Brooks,1.7402,7,True
126686,Michael Aronov,0.1441,1,True
968863,James Frecheville,0.7765,4,True
187919,Tobias Segal,0.2742,1,True
67784,Ross Bickell,0.3242,1,True
1405915,Patricia Squire,0.154,1,True
1293892,Chris Sullivan,0.5322,6,True
112264,Lucas Caleb Rooney,0.0828,1,True
1224149,David Meunier,0.5362,1,True
1399659,Johnny Skourtis,0.4773,1,True
151278,James Wilcox,0.1153,1,True
1399660,Mike O'Dea,0.0718,1,True
1371550,Anastasia Mousis Sanidopoulos,0.4957,1,True
1190668,Timothée Chalamet,4.2659,10,True
1173230,Ben Lloyd-Hughes,0.6209,1,True
1173231,Ben Lamb,0.1949,1,True
132221,Janet Ulrich Brooks,1.4523,2,True
1357076,Steven Liu,0.07,1,True
1141877,Ariana Neal,0.4345,1,True
1056129,Trestin George,0.2396,1,True
1445528,Joey Oglesby,0.1779,1,True
2588650,Michael James,0.0214,1,True
2588651,Marjorie Crump-Shears,0.0143,1,True
2588652,Destiny Ekwueme,0.0409,1,True
2588653,Bianca Rodriguez III,0.0256,1,True
2588654,Julian Keyes,0.0143,1,True
2588655,Kenny Grimm,0.0168,1,True
1853972,Jeté Laurence,0.4954,1,True
2143772,Hugo Lavoie,0.4528,1,True
2143771,Lucas Lavoie,0.3723,1,True
2143870,Obssa Ahmed,0.1692,1,True
2389942,Sonia Maria Chirila,0.4468,1,True
2143871,Alyssa Brooke Levine,0.1321,1,True
188983,Maria Herrera,0.291,1,True
2574483,Jacob Lemieux,0.0568,1,True
2574473,Maverick Fortin,0.0286,1,True
2784095,Lou Ferrando,0.0143,1,True
2784093,Najya Muipatayi,0.0143,1,True
1786207,Emma Hill,0.0621,1,True
135993,Frank Schorpion,0.2725,1,True
1024722,Annalise Basso,0.9534,5,True
98050,James Lafferty,0.4538,7,True
932076,Kate Siegel,1.4528,7,True
216570,Scott Graham,0.0143,1,True
583457,Justin Gordon,0.0744,1,True
551461,Dave Levine,0.0214,1,True
2101303,Stephanie Minter,0.0071,1,True
2101305,Skye L. Johnson,0.0327,1,True
572407,Courtney Bell,0.6029,1,True
2101304,Allison Boyd,0.0261,1,True
551462,Katie Parker,1.1822,1,True
107722,Grigoriy Dobrygin,1.028,1,True
681,Nina Hoss,1.0028,6,True
5228,Herbert Grönemeyer,0.179,4,True
146358,Mehdi Dehbi,0.3401,1,True
5202,Kostja Ullmann,0.1043,1,True
1397634,Franz Hartwig,0.428,1,True
133818,Derya Alabora,0.4594,1,True
67979,Michael Eklund,0.9167,1,True
226501,David Otunga,0.1833,4,True
931947,Evie Thompson,0.8595,1,True
2226385,Ross Gallo,0.0932,1,True
191252,Tara Platt,0.3005,1,True
1862150,Sammy Busby,0.1252,1,True
131781,Adelaide Kane,1.1034,6,True
458286,Tony Oller,0.8568,1,True
305993,Tom Yi,0.3169,1,True
1186023,Tisha French,0.1827,1,True
1186024,Dana Bunch,0.0441,1,True
1186026,John Weselcouch,0.0429,1,True
1358561,Shiloh Nelson,1.3321,1,True
140182,Matthew MacCaull,0.6432,1,True
565222,Matthew Kevin Anderson,0.5075,1,True
1235560,D. Harlan Cutshall,0.2176,1,True
1523670,Asher Blinkoff,0.4075,1,True
1526129,Jonny Solomon,0.1198,1,True
1353571,Joy Carlin,0.1411,1,True
110813,Richard Conti,0.1237,1,True
2658662,Glen Caspillo,0.0261,1,True
2520396,Annie McNamara,0.2604,1,True
1191673,Daniel Jenks,0.0453,1,True
1191674,Max Rutherford,0.0143,1,True
1188761,Charles David Richards,0.0591,1,True
1529004,Joshua Montes,0.1108,1,True
1529010,Owen Judge,0.051,1,True
1502947,Kylen Davis,0.197,1,True
1529012,Evan Hannemann,0.1872,1,True
1421688,Chet Hanks,0.4005,5,True
1213088,Mary-Pat Green,0.2134,1,True
10215,Paul McCartney,0.6112,10,False
1718135,Justin Rupple,0.0924,1,True
2246293,Julia Emelin,0.125,1,True
1092908,Eve Macklin,0.3255,1,True
42601,Brid Brennan,0.5215,4,True
43135,Fiona Glascott,0.486,1,True
1233105,Jane Brennan,0.0948,1,True
78727,Jenn Murray,0.3347,1,True
16901,Eva Birthistle,0.7584,4,True
1544909,Matt Glynn,0.0143,1,True
1383359,Maeve McGrath,0.3479,1,True
1251069,Nathalie Emmanuel,2.6566,8,True
492791,Ali Fazal,1.0174,5,True
1578220,Levy Tran,1.4517,1,True
1099717,Jay Pharoah,0.253,6,True
1187061,Aaron Saxton,0.3916,1,True
214108,Gary Owen,0.2269,5,True
512316,Jacob Latimore,0.2501,1,True
168875,Gary Weeks,0.5477,1,True
1187060,Jasmine Burke,0.1888,1,True
1710602,Thomas Matthews,1.33,1,True
92614,Dawn Olivieri,2.0605,5,True
221018,Dan Stevens,1.9337,8,True
544123,Stro,0.1434,1,True
1216908,Adam David Thompson,0.1728,1,True
11677,Terry Chen,0.3939,4,True
37979,Emily Holmes,0.8175,4,True
26782,Mark Houghton,0.1753,1,True
21127,Bobby Cannavale,1.5208,8,True
60900,Taylor Kitsch,5.7277,9,True
4783,Sam Neill,14.7699,9,True
4784,Laura Dern,1.7365,10,True
4785,Jeff Goldblum,2.6588,10,True
4786,Richard Attenborough,0.8471,9,True
4789,Bob Peck,0.5491,4,True
4790,Martin Ferrero,0.322,4,True
14592,BD Wong,0.9189,8,True
4787,Joseph Mazzello,1.045,8,True
4788,Ariana Richards,0.8954,5,True
30488,Miguel Sandoval,0.5995,4,True
176312,Cameron Thor,0.3917,4,True
145531,Christopher John Fields,0.3837,4,True
166298,Whit Hertford,1.0155,4,True
4935,Pete Postlethwaite,1.1273,8,True
3229,Arliss Howard,0.7186,4,True
4937,Vince Vaughn,1.435,10,True
4938,Vanessa Lee Chester,0.3797,1,True
113935,Harvey Jason,0.2113,4,True
31028,Richard Schiff,0.963,8,True
46919,Thomas F. Duffy,0.3766,4,True
43010,Thomas Rosales Jr.,0.3456,4,True
38670,Camilla Belle,1.1193,8,True
1367129,Cyd Strittmatter,0.1528,1,True
4939,Téa Leoni,2.5635,9,True
4941,Alessandro Nivola,0.8256,8,True
4940,Trevor Morgan,0.7424,5,True
4942,John Diehl,0.7214,4,True
4943,Bruce A. Young,0.3347,4,True
4944,Taylor Nichols,0.5927,4,True
88949,Mark Harelik,0.3379,4,True
17413,Julio Oscar Mechoso,0.211,4,True
1076559,Blake Michael Bryan,0.1525,1,True
1223986,Sarah Danielle Madison,0.2978,1,True
105646,Linda Park,0.7567,4,True
173177,Sonia Jackson,0.2161,1,True
4764,John C. Reilly,0.8761,9,True
4766,Melora Walters,0.7828,4,True
4779,Jeremy Blackman,0.2635,4,True
4765,Jason Robards,2.3705,8,True
4778,Melinda Dillon,0.5155,4,True
10691,April Grace,0.38,4,True
10743,Ricky Jay,0.6084,4,True
4777,Emmanuel Johnson,0.0214,1,True
60846,Pat Healy,0.3157,4,True
1591432,Genevieve Zweig,0.0441,1,True
11155,Thomas Jane,2.1328,8,True
177063,Jason Andrews,1.0046,4,True
40481,Luis Guzmán,2.8708,8,True
9048,Clark Gregg,1.0958,8,True
5024,Marie Richardson,0.4984,4,True
5010,Todd Field,0.4976,4,True
5025,Vinessa Shaw,0.7626,4,True
10697,Alan Cumming,1.26,8,True
5012,Sky du Mont,0.3165,4,True
65409,Fay Masterson,0.4982,4,True
22290,Leelee Sobieski,1.4191,8,True
13638,Thomas Gibson,0.7358,4,True
5006,Madison Eginton,0.4026,1,True
5023,Julienne Davis,0.2833,1,True
5007,Jackie Sawiris,0.1893,1,True
5008,Leslie Lowe,0.1007,1,True
10205,Sigourney Weaver,2.3783,10,True
5047,Veronica Cartwright,1.2761,8,True
5048,Harry Dean Stanton,1.3331,8,True
5051,Bolaji Badejo,0.218,4,True
5052,Helen Horton,0.4745,1,True
5064,Meryl Streep,1.6946,10,True
5081,Emily Blunt,16.0256,10,True
211568,Simon Baker,0.9522,9,True
5090,Adrian Grenier,0.6553,8,True
10580,Tracie Thoms,0.8273,4,True
10581,Rich Sommer,0.5505,4,True
10582,Daniel Sunjata,0.9799,4,True
24535,David Marshall Grant,0.3325,4,True
37421,James Naughton,0.5351,4,True
1192389,Tibor Feldman,0.2585,1,True
54679,Rebecca Mader,0.8204,4,True
205550,Jimena Hoyos,0.0946,1,True
10583,Gisele Bündchen,0.6376,10,False
220620,Alyssa Sutherland,1.0553,4,True
4776,Michael Murphy,0.4078,4,True
52366,Andrew Bryniarski,0.6185,4,True
5130,Cristi Conaway,0.3415,4,True
152864,Steve Witting,0.181,1,True
129332,Jan Hooks,0.1351,4,True
1961854,John Strong,0.0407,1,True
33011,Rick Zumwalt,0.4115,4,True
27570,Anna Katarina,0.3653,1,True
44178,Gregory Scott Cummins,0.307,4,True
5141,Heather Langenkamp,0.9226,8,True
5139,Robert Englund,0.9952,9,True
13652,Ronee Blakley,0.2574,4,True
13656,Amanda Wyss,0.5156,4,True
13657,Jsu Garcia,0.2883,4,True
13660,Joseph Whipp,0.1225,1,True
23789,Sebastian Roché,0.9265,2,True
212815,Laura Birn,1.9021,1,True
131423,Hans Marrero,0.1793,1,True
1457425,Kim Rosen,0.132,1,True
1362512,Eric Nelsen,0.4495,1,True
239020,Isaac Hempstead Wright,1.0526,8,True
34737,Pat Fraley,0.2233,3,True
1412012,Joanna Newsom,0.2032,4,True
1505839,Jordan Christian Hearn,0.0854,1,True
1360317,Hong Chau,0.6966,6,True
124377,Jeannie Berlin,0.6848,2,True
85779,Wilson Bethel,1.1099,5,True
1078608,Lorenza Izzo,0.963,4,True
219852,Ariel Levy,0.1771,1,True
223331,Sky Ferreira,0.4507,5,True
637953,Ramón Llao,0.0655,1,True
1049537,Paz Bascuñan,0.2826,1,True
189026,Magda Apanowicz,0.5927,4,True
1049540,Nicolás Martínez,0.0673,1,True
971898,Matías López,0.0382,1,True
557303,Aaron Burns,0.761,1,True
1049536,Ignacia Allamand,0.6454,1,True
1264249,Mary Dunworth,0.0143,1,True
1264250,Cody Pittman,0.0261,1,True
1264251,Stefano Villabona,0.0389,1,True
969218,Bruno Mars,0.659,10,False
1346997,Bernardo de Paula,0.1617,1,True
13299,Rita Moreno,0.5895,8,True
111801,Eoin Macken,0.8743,5,True
30087,Fraser James,0.7633,1,True
972671,William Levy,1.2963,6,True
1699892,Rola,0.2958,1,True
1743933,Ever Anderson,1.0745,5,True
122408,Lee Joon-gi,0.8965,7,True
2056030,Siobhan Hodgson,0.1169,1,True
1988045,Milton Schorr,1.3183,1,True
1399555,Aubrey Shelton,0.1392,1,True
2193302,Caroline Midgley,0.0557,1,True
2092026,Dylan Skews,0.0516,1,True
66580,Scott Adsit,0.8669,6,True
515510,Ryan Potter,0.7757,5,True
933238,Rebecca Ferguson,4.972,8,True
92429,Jens Hultén,0.6424,1,True
1502365,Mateo Rufino,0.0982,1,True
1361888,Fernando Abadie,0.068,1,True
1404403,Nigel Barber,0.1715,1,True
1464090,Robert Maaser,1.1757,1,True
1303330,Nigel Allen,1.799,1,True
1102609,Anjela Nedyalkova,1.3053,1,True
3073,Pauline Turner,0.3839,1,True
1757668,Scot Greenan,0.3741,1,True
4459523,Logan Gillies,0.0,1,True
1823419,Ben Skelton,0.0071,1,True
4459530,Aiden Haggarty,0.0143,1,True
4459531,Daniel Smith,0.0,1,True
1823412,Elijah Wolf,0.1241,1,True
1279513,Xavier Atkins,0.2326,1,True
105562,Agnieszka Grochowska,0.6541,1,True
138201,Petr Vaněk,0.1744,1,True
1403486,Jana Stryková,0.0519,1,True
1477961,Percy Hynes White,2.188,7,True
1663195,Kelly Marie Tran,0.5203,8,True
98464,Adrian Edmondson,1.8975,5,True
91378,Veronica Ngo,1.0786,5,True
1537686,Naomi Ackie,2.4593,6,True
1388593,Jodie Comer,2.0097,9,True
76547,Aksel Hennie,0.3346,1,True
559195,Tobias Santelmann,1.0245,1,True
544078,Irina Shayk,0.705,8,True
16239,Erika Marozsán,0.6104,1,True
1231106,Stephen Peacocke,0.261,1,True
208225,Ashley Rickards,0.6639,6,True
1286744,Steele Stebbins,0.3506,1,True
173783,Kurt Carley,0.1057,1,True
1741333,Gregg Wayans,0.0416,1,True
1369329,Taylor John Smith,1.1364,6,True
587438,Chris Coy,0.8725,1,True
205128,Mike Houston,0.2045,1,True
1883866,Lulu Wilson,0.856,5,True
171939,Antoinette LaVecchia,0.1146,1,True
1375162,Scott Johnsen,0.1336,1,True
1375170,Olivia Horton,0.0717,1,True
1375175,Lolita Foster,0.1392,1,True
1187106,Amber Stevens West,0.792,5,True
1795141,Keith Lucas,0.1664,1,True
1795140,Kenneth Lucas,0.3242,1,True
1304335,Jimmy Tatro,0.7258,6,True
141956,Marc Evan Jackson,1.0262,6,True
61632,Dustin Nguyễn,1.1515,1,True
1112414,Christopher Hagen,0.4351,1,True
583845,Aaron McPherson,0.2567,1,True
934219,Liam McIntyre,0.7054,6,True
1165384,Gaia Weiss,1.2862,1,True
228969,Roxanne McKee,1.6206,5,True
165441,Liam Garrigan,0.652,1,True
214019,Luke Newberry,0.1695,1,True
206024,Sarai Givaty,0.5394,1,True
1350263,Dimiter Doichinov,0.2518,1,True
94702,Nikolai Sotirov,0.2433,1,True
1108570,Radoslav Parvanov,0.6191,1,True
1190817,Rex Lee,0.2801,5,True
156204,Constance Zimmer,1.0536,6,True
1186505,Emily Ratajkowski,0.8084,9,True
568657,Sofia Boutella,2.0896,7,True
119758,Anita Brown,0.5123,1,True
936932,Adam DiMarco,1.3221,1,True
1530518,Cole Konis,0.1299,1,True
163139,Ben Reed,0.376,1,True
169334,Elise Robertson,0.2296,1,True
1530524,Luke Sunshine,0.0552,1,True
1502954,Kevin Lacz,0.0621,1,True
549063,Troy Vincent,0.1144,1,True
1259732,Brandon Salgado Telis,0.0582,1,True
71519,Marnette Patterson,0.7837,2,True
1231514,Billy Miller,0.1398,1,True
207396,Brian Hallisay,1.3298,1,True
1530558,Madeleine McGraw,1.2456,1,True
18818,Tómas Lemarquis,0.3715,1,True
585700,Marc Andréoni,0.159,1,True
566080,Jonas Bloquet,0.8985,1,True
1530933,Joakhim Sigue,0.0577,1,True
1333450,Alison Valence,0.0658,1,True
1033668,Big John,0.0404,1,True
1530934,Paolo Calia,0.0702,1,True
146487,Éric Naggar,0.106,1,True
94387,Tanapol Chuksrida,0.7427,1,True
1811925,Matthew Timothy Olynyk,0.0143,1,True
120356,Stacy Chbosky,0.3406,1,True
1371560,Suphornaphat Annie Jenselius,0.052,1,True
1505455,Thanawut Ketsaro,0.1486,1,True
968660,Nicki Minaj,0.6412,10,False
979216,Victor Cruz,0.2453,6,True
1577501,Kenneth Maharaj,0.3461,1,True
1031261,Alyshia Ochse,0.847,1,True
1577503,Olivia Culpo,0.3003,7,True
1319530,Chelsea Turnbo,0.1403,1,True
97261,John 'B.J.' Bryant,0.044,1,True
108037,Josh Berry,0.1441,1,True
1230897,Sammy Sheik,0.3418,1,True
1278776,Rich Ting,0.43,1,True
1278777,Dan Bilzerian,0.2552,6,True
1283040,Rick Vargas,0.0214,1,True
1283041,Gregory Rockwood,0.0338,1,True
1251286,Jon Lajoie,0.166,5,True
118754,Tom Mardirosian,0.2404,1,True
1214835,Natasha Leggero,0.6309,5,True
174133,Rebecca Koon,0.2734,1,True
1094160,Joshua Ormond,0.065,1,True
1381388,Brian Oerly,0.1376,1,True
155222,Jeremy Shamos,0.2994,1,True
1099876,Kenny Chin,0.1736,1,True
1502376,Jamahl Garrison-Lowe,0.0501,1,True
122551,Katherine O'Sullivan,0.0577,1,True
1502377,Keenan Shimizu,0.1193,1,True
1643952,Akira Ito,0.0286,1,True
1400880,Jerrod Carmichael,0.3107,7,True
1581096,Elise Vargas,0.1325,1,True
1581097,Zoey Vargas,0.1336,1,True
1498472,Kira Sternbach,0.1749,1,True
1357266,Amanda Troya,0.4379,1,True
1533987,Zoe Colletti,0.7707,6,True
1028458,Nicolette Pierini,0.1959,1,True
1533988,Eden Duncan-Smith,0.5431,1,True
113373,Mike Birbiglia,0.208,5,True
204651,Stephanie Kurtzuba,0.3894,1,True
1136517,Sia,1.1027,10,False
985041,Ninja,0.1785,8,True
985040,Yo-Landi Visser,0.4944,5,True
198615,Chris Shields,0.4133,1,True
1217309,Anderson Cooper,0.3397,9,True
1467496,Johnny Selema,0.0327,1,True
1484650,Maurice Carpede,0.1048,1,True
146751,Kevin Otto,0.2802,1,True
158473,Bill Marchant,0.3675,1,True
217371,Adam Levine,0.3099,10,False
133451,Aya Cash,0.9017,1,True
1398879,Karen Pittman,0.8422,1,True
172053,Paul Romero,0.0256,1,True
1423807,Andrew Sellon,0.1228,1,True
1423810,Ed Renninger,0.0168,1,True
1423812,Eric Burton,0.0793,1,True
60635,Marco Assante,0.0787,1,True
171795,Mary Catherine Garrison,0.3247,1,True
1310760,Ki Hong Lee,0.8997,1,True
1389339,Blake Cooper,0.346,1,True
1036196,Dexter Darden,0.4052,1,True
969045,Chris Sheffield,0.3403,1,True
970561,Joe Adler,0.9018,7,True
1340889,Alexander Flores,0.2738,1,True
1415403,Michael Bow,0.0793,1,True
1526124,Emily Coutts,0.6003,1,True
1205726,Alec Stockwell,0.2315,1,True
1383012,Brigitte Robinson,0.177,1,True
110910,Gillian Ferrier,1.4836,1,True
550522,Kimberly-Sue Murray,0.5593,1,True
38280,Tang Wei,1.7248,6,True
134184,Leehom Wang,0.4021,7,True
63585,Andy On,1.2652,6,True
120826,Christian Borle,0.4151,5,True
1353945,Tyson Chak,0.5393,1,True
7428,Danny Burstein,0.1538,1,True
1324452,Abhi Sinha,0.3679,1,True
1182725,Manny Montana,1.2502,5,True
1192759,Lucy Fry,1.2421,6,True
562730,Danila Kozlovsky,0.4777,1,True
1192761,Dominic Sherwood,1.2629,6,True
506085,Sami Gayle,0.5462,5,True
1192760,Ashley Charles,0.167,1,True
1361876,Dominique Tipper,0.5278,1,True
1322314,Edward Holcroft,0.4703,5,True
1714264,Bronté Norman-Terrell,0.0338,1,True
1476623,Chris Mason,0.3263,1,True
1397778,Anya Taylor-Joy,5.3314,9,True
1278426,Marianna Di Martino,0.4334,1,True
1529408,Julian M. Deuster,0.0717,1,True
1529443,Andrea Cagliesi,0.07,1,True
1529445,Riccardo Calvanese,0.0281,1,True
1242987,David Menkin,0.3896,1,True
1473937,Harry Taurasi,1.0263,1,True
59538,David Beckham,1.0227,10,False
1008607,Sophie Nélisse,0.9161,5,True
1153024,Nico Liersch,0.2231,1,True
2340,Barbara Auer,0.2055,1,True
42445,Gotthard Lange,0.4564,1,True
1309014,Rainer Reiners,0.0858,1,True
49766,Kirsten Block,0.2314,1,True
1327255,Julian Lehmann,0.047,1,True
1445749,Ludger Bökelmann,0.4838,1,True
1445750,Paul Schaefer,0.0382,1,True
1277223,Nozomi Linus Kaisar,0.1099,1,True
1109976,Izabela Vidovic,1.256,1,True
1458265,Joshua Brady,0.1335,1,True
71521,Chuck Zito,0.3583,4,True
1328185,Linds Edwards,0.5185,1,True
37058,Anne-Marie Duff,0.6857,1,True
1376050,Adam Levy,0.6313,1,True
1414109,Gabriel Strong,0.2576,1,True
1414108,Flynn MacArthur,0.0991,1,True
1332971,Dean-Charles Chapman,0.896,7,True
1151957,Sophie Kennedy Clark,0.5344,1,True
8926,Barbara Jefford,0.9704,1,True
17026,Ruth McCabe,1.0431,1,True
50117,Peter Hermann,0.6286,1,True
117165,Sean Mahon,0.134,1,True
134774,Wunmi Mosaku,1.5797,6,True
1277228,Amy McAllister,0.0877,1,True
1356630,Charlie Murphy,2.4539,7,True
63359,Cathy Belton,0.496,1,True
178630,Kate Fleetwood,0.6297,1,True
1558321,Charissa Shearer,0.0214,1,True
936397,Kenneth Ransom,0.3472,1,True
1535060,Yaya Deng,0.0875,1,True
85718,Allen Leech,0.8523,7,True
1362119,James Northcote,0.2133,1,True
1121975,Ilan Goodman,0.1171,1,True
1379286,Jack Tarlton,0.0591,1,True
1379277,Alex Lawther,1.8118,7,True
1449329,Jack Bannon,0.7529,1,True
964834,Frank Dillane,0.6733,1,True
119783,Joseph Mawle,0.647,6,True
1543010,Edward Ashley,0.8286,1,True
1155724,Sam Keeley,0.5428,1,True
1388917,Osy Ikhile,0.1946,1,True
86045,Gary Beadle,0.1663,1,True
1381616,Alessandro Cremona,0.1812,1,True
929937,Stephanie Sigman,0.9349,1,True
87265,Tenoch Huerta Mejía,0.5908,1,True
983710,Adriana Paz,0.5227,1,True
1051045,Domenico Fortunato,0.2504,1,True
1303037,Taron Egerton,3.1614,8,True
1282054,Sophie Cookson,1.0507,6,True
931785,Hanna Alström,1.2468,1,True
78952,Samantha Womack,0.3942,1,True
1499833,Jonno Davies,0.2058,1,True
1504792,Adrian Quinton,0.1305,1,True
1504793,Alex Nikolov,0.108,1,True
1364003,Tobi Bakare,1.1216,1,True
32683,Sidse Babett Knudsen,0.8142,6,True
971726,Ana Ularu,0.6412,1,True
1668468,Ida Darvish,0.3116,1,True
1753718,Paolo Antonio Simioni,0.05,1,True
1753719,Alessandro Grimaldi,0.0418,1,True
231143,Fausto Maria Sciarappa,0.1825,1,True
1605558,Robin Mugnaini,0.1319,1,True
27629,Vincenzo Tanassi,0.1153,1,True
2628021,Simone Mariani,0.0368,1,True
1148130,Jackson Nicoll,0.2716,1,True
95789,Georgina Cates,0.4024,1,True
1266854,Kamber Hejlik,0.0286,1,True
928542,Grasie Mercedes,0.1256,1,True
60930,Jack Polick,0.7623,1,True
1827518,Zia Harris,0.2474,1,True
3967012,Madison Davis,0.0214,1,True
1795192,George Faughnan,0.0362,1,True
3967013,Marilynn Allain,0.0071,1,True
1511243,Brandon Spink,0.1152,1,True
62220,Lauren Cohan,3.0874,9,True
1933818,Mark Edward Taylor,0.0168,1,True
1308445,Carrie Coon,3.0966,8,True
1345418,Lola Kirke,0.4767,6,True
166897,Lee Norris,0.6749,6,True
75130,Jonny Pasvolsky,0.1392,2,True
545195,Guy Burnet,0.8551,3,True
138158,Norma Atallah,0.2365,2,True
1224723,Karl Theobald,0.2103,2,True
1265060,Dave Rosenbaum,0.0522,2,True
1526863,Alex Dowding,0.055,2,True
192922,Paul Thornley,0.1811,2,True
1317000,Chase Grimm,0.0286,2,True
1317001,Will Schutze,0.0448,2,True
1188686,Gloria Sandoval,0.263,2,True
1317002,Jose C. Hernandez,0.1149,2,True
1558344,Alberto Salas,0.0311,2,True
139309,Mary Elizabeth Ellis,0.6543,7,True
1696148,Karsten Friske,0.0311,2,True
1696149,Dallas Edwards,0.5469,3,True
1696150,Ross Kimball,0.2486,2,True
1696151,Jordan Israel,0.0143,2,True
1696152,Njema Williams,0.0808,2,True
999320,Cocoa Brown,0.2183,2,True
222130,Eloise Mumford,0.662,7,True
1089873,Rita Ora,0.6662,9,True
79149,Dylan Neal,0.6823,6,True
1482050,Elliat Albrecht,0.0596,2,True
80018,Rachel Skarsten,0.6792,6,True
1411603,Emily Fonda,0.073,2,True
1381295,Anthony Konechny,0.7626,2,True
86468,Sarah Wayne Callies,2.0083,9,True
75566,Max Deacon,0.278,2,True
1129464,Alycia Debnam-Carey,1.2965,8,True
1395056,Stephanie Koenig,0.4527,3,True
54850,Kyle Davis,0.1942,2,True
1394781,David Drumm,0.0214,2,True
1360027,Brandon Ruiter,0.0468,2,True
1395039,Kron Moore,0.1304,2,True
224842,Jordin Sparks,0.1565,7,True
68180,Gary Grubbs,0.3516,6,True
1253634,Lolo Jones,0.0686,5,True
205176,Cassi Thomson,0.4817,6,True
1467385,Georgina Rawlings,0.0214,2,True
1268071,Ashton Leigh,1.1572,3,True
1172781,Major Dodson,0.2463,2,True
1198286,Ed Oxenbould,0.7438,7,True
1186940,Sidney Fullmer,0.2668,2,True
98285,Bella Thorne,1.3168,9,True
1594741,Mekai Curtis,0.1574,2,True
1678709,Lincoln Melcher,0.5064,2,True
1203524,Reese Hartwig,0.1234,2,True
1223084,Mary Mouser,1.1656,7,True
110141,Alex Désert,0.3959,3,True
133931,Lotte Verbeek,0.9752,6,True
1431805,Ana Dela Cruz,0.114,2,True
152902,Randy Kovitz,0.1702,2,True
1465967,Toni Saladna,0.1146,2,True
1124950,David Whalen,0.4232,2,True
146412,Milica Govich,0.1783,2,True
1378128,Allegra Carpenter,0.6547,2,True
1279375,Emily Peachey,0.1908,2,True
1465969,Emily Bach,0.0811,2,True
27692,Tim Hartman,0.4218,2,True
1274508,Jaeden Martell,1.2915,8,True
1457461,Danielle Rose Russell,0.6431,8,True
1828910,"Dennis ""Bumpy"" Kanahele",0.0357,2,True
2866870,Fahim Fazil,0.0382,2,True
521563,Anders Holm,0.6965,6,True
1127625,Lilla Crawford,0.3121,6,True
1218238,Mackenzie Mauzy,0.5624,6,True
141034,Billy Magnussen,1.8298,7,True
193020,Richard Glover,0.1319,2,True
1110405,Mackenzie Davis,1.977,8,True
71815,Emily Meade,0.7251,6,True
1266054,Evelina Turen,0.1356,2,True
1346698,Raul Casso,0.1275,2,True
158230,Joseph Adams,0.067,2,True
77277,Nate Parker,1.123,7,True
41309,Omar Metwally,0.58,6,True
1009160,Quinn McColgan,0.3947,2,True
1154054,Corey Hawkins,0.7518,7,True
171886,Frank Deal,0.2627,2,True
1374534,Ross Anderson,0.3568,2,True
1774532,James Harkness,0.3146,2,True
1774533,Jack Madigan,0.0214,2,True
1774534,Frank Madigan,0.0143,2,True
1544741,Lochlann Harris,0.0214,2,True
1544737,Kayla Fallon,0.0214,2,True
1544738,Lynn Kennedy,0.0168,2,True
68276,Jolene Blalock,1.2412,7,True
1384191,Melissa Paulo,0.4403,2,True
1306572,Giselle Eisenberg,0.5059,7,True
1373304,Harrison Holzer,0.772,2,True
1373306,Sebastian Hedges Thomas,0.0805,2,True
169198,Timothy Brennen,0.2128,2,True
1306652,Krisztina Koltai,0.0214,2,True
1373307,Joe Stapleton,0.0779,2,True
191156,Rich Williams,0.1826,2,True
1392593,Dakota Lee,0.0,2,True
1078568,Emma Rigby,0.67,6,True
576223,Fabianne Therese,0.1993,2,True
2073566,Mike Bland,0.0071,2,True
1893196,Jake Schultz,0.0071,2,True
1658615,Jeff Pope,0.1205,2,True
1893197,Zechariah Pierce,0.0214,2,True
1196727,Ryan Lewis,0.088,2,True
223023,Dan Triandiflou,0.1073,2,True
1412927,Alexander Jillings,0.068,2,True
1412928,James Jillings,0.0143,2,True
1412929,Jordan Nicholas Smal,0.093,2,True
1412930,Saige Fernandes,0.0256,2,True
1412934,Renate Stuurman,0.4458,2,True
1084896,Vanessa Cooke,0.1034,2,True
129333,John Whiteley,0.1407,2,True
61113,Jerry Lambert,0.2609,2,True
1429453,Sam Richardson,0.6717,7,True
132312,Brianne Howey,1.6385,6,True
937273,Keeley Hazell,1.071,5,True
1391420,MIYAVI,0.5311,6,True
1394424,Maddalena Ischiale,1.5083,2,True
20588,Vincenzo Amato,0.2927,2,True
1394420,Sophie Dalah,0.1223,2,True
98306,Morgan Griffin,0.6144,2,True
1394426,Savannah Lamble,0.045,2,True
103351,Luke Treadaway,0.4847,6,True
1394446,Louis McIntosh,0.0429,2,True
1746117,Andrew Jacobs,1.1747,2,True
188347,Jorge Diaz,0.2021,2,True
1362816,Gabrielle Walsh,0.5375,2,True
154004,Renée Victor,0.3415,2,True
1116973,Carlos Pratts,0.7787,2,True
1862014,Noemi Gonzalez,0.5892,2,True
1287573,David Saucedo,0.0938,2,True
1105711,Richard Cabral,0.5146,6,True
1282221,Catherine Toribio,0.2181,2,True
928575,Jonny Weston,1.1933,6,True
515628,Sofia Black-D'Elia,1.1223,6,True
76412,Allen Evangelista,0.2125,2,True
1279279,Virginia Gardner,1.1678,7,True
226534,Michelle DeFraites,0.1999,2,True
2134803,Jamila Thompson,0.0658,2,True
1205388,Katie Garfield,0.7569,2,True
1374156,Hillary Harley,0.0698,2,True
4442094,Courtney Bowers,0.0168,2,True
145323,Patrick Johnson,0.2599,2,True
76982,Jeff Dunham,0.2533,7,True
933922,James Rankin,0.1687,2,True
1212302,Annick Obonsawin,0.4149,2,True
105808,Julie Lemieux,0.1438,2,True
118814,Rob Tinkler,0.3085,2,True
1393177,Noah Schnapp,1.1124,9,True
1393184,Marleik 'Mar Mar' Walker,0.0934,2,True
1393181,Alex Garfin,0.4615,2,True
1393178,Hadley Belle Miller,0.0569,2,True
1393185,Rebecca Bloom,1.2979,2,True
1393186,Anastasia Bredikhina,0.0281,2,True
1393179,Venus Schultheis,0.1259,2,True
1393183,A.J. Tecce,0.0735,2,True
1393182,Mariel Sheets,0.1658,2,True
1393187,William Wunsch,0.0281,2,True
1393180,Madisyn Shipman,0.5044,6,True
2016520,Micah Revelli,0.0143,2,True
2016486,Trombone Shorty,0.0297,6,True
75076,Bronson Webb,0.4817,6,True
1015831,Robin Pearce,0.587,2,True
1222237,Di Botcher,0.2567,2,True
1205898,Eve Ponsonby,0.0893,2,True
51119,Will Keen,0.4527,6,True
1244469,Louise Brealey,0.6869,7,True
1278494,Nicola Sloane,0.3003,2,True
109438,Xavier Samuel,0.7731,7,True
20699,Anamaria Marinca,0.4515,6,True
572648,Alicia von Rittberg,0.6205,6,True
1052257,Laurence Spellman,0.149,2,True
107733,Daniel Betts,0.4503,2,True
1430505,Adam Ganne,0.3211,2,True
1184960,Eric Kofi Abrefa,2.4414,7,True
191202,Matt Jones,0.9301,8,True
1490591,Lisa Stewart,0.0362,2,True
1448984,Stephen Kearin,0.3597,2,True
89599,Eric Bauza,0.776,6,True
83414,Tim Conway,0.3438,7,True
111467,April Stewart,0.2574,2,True
964971,Manish Dayal,0.7876,6,True
1021684,Charlotte Le Bon,0.8849,6,True
35810,Juhi Chawla Mehta,0.2089,7,True
1327299,Farzana Dua Elahe,0.4449,2,True
1327300,Dillon Mitra,0.0621,2,True
150072,Amit Shah,0.293,2,True
1418323,Aria Pandya,0.065,2,True
21175,Michel Blanc,0.1996,6,True
54918,Vincent Elbaz,0.2731,6,True
1088197,Alban Aumard,0.1228,2,True
1418346,Shuna Lemoine,0.0256,2,True
305036,Antoine Blanquefort,0.0577,2,True
129104,Melissa Benoist,2.4211,9,True
12139,Lolita Davidovich,0.9835,6,True
1433592,Elea Oberon,0.0853,2,True
1445675,Kate Forbes,0.7096,2,True
1481636,Tiago Riani,0.0297,2,True
1156046,Hayley Lovitt,0.3268,6,True
1549537,Tracey Bonner,0.2298,2,True
1549538,Jaret Sears,0.0923,2,True
1374151,Hunter Burke,0.2471,2,True
1549539,Evan Taylor Burns,0.0143,1,True
1422233,Dan Navarro,0.1516,1,True
1468611,Emil-Bastien Bouffard,0.0545,1,True
583051,Diana Bang,0.7097,3,True
1181329,Timothy Simons,0.5296,3,True
141774,Reese Alexander,0.2309,2,True
1400266,James Yi,0.1349,1,True
1406556,Paul Bae,0.2855,2,True
119810,Geoff Gustafson,0.3787,2,True
1406557,Dominique Lalonde,0.0311,1,True
1274528,Anesha Bailey,0.2829,2,True
1406558,Don Chow,0.0561,1,True
158521,Colin Foo,0.1087,1,True
1223463,Keene McRae,0.0828,1,True
1218218,Thomas Sadoski,0.6022,3,True
1205239,Randy Schulman,0.1457,1,True
1495069,Will Cuddy,0.0613,1,True
1330039,Leigh Parker,0.1883,1,True
212768,Nick Eversman,0.576,3,True
1118080,Ray Buckley,0.0749,1,True
1278555,Antonia Clarke,0.3175,2,True
236622,Natasha Andrews,0.3587,2,True
1418841,Valérie Beaulieu,0.0214,1,True
1418845,Peter Wollasch,0.0769,1,True
1418852,Jürgen Zwingel,0.0609,1,True
1416230,Wolfgang Pissors,0.0915,1,True
1428395,Jessica Lowe,0.7687,3,True
1428393,Braxton Beckham,0.2061,1,True
1028454,Emma Fuhrmann,0.5832,4,True
1274511,Kyle Red Silverstein,0.5119,3,True
1428394,Zak Henri,0.5889,3,True
1204956,Faye Marsay,1.5554,4,True
1196101,Jessica Gunning,0.6574,3,True
1336143,Joshua Hill,0.2322,2,True
111658,Lisa Palfrey,0.1379,1,True
218356,Roger Morlidge,1.0177,4,True
21429,Sam Page,0.7884,3,True
1451394,Mariana Paola Vicente,0.2719,2,True
1503744,Jaynee-Lynne Kinchen,0.2302,2,True
1155474,Brendan McCarthy,0.5497,3,True
1295668,Thomas Francis Murphy,0.1864,1,True
1105311,Emily Tremaine,0.378,2,True
70303,Zach Gilford,1.2948,5,True
1200864,LaKeith Stanfield,1.1638,7,True
1237292,Roberta Valderrama,0.3694,2,True
1008750,Niko Nicotera,0.3514,2,True
1352947,Bel Hernandez,0.1041,1,True
62965,Miranda Hart,0.4109,3,True
1231211,Jessica Chaffin,0.3677,2,True
1640435,Jaime Pacheco,0.0214,1,True
1640436,Romain Apelbaum,0.0416,1,True
995205,Dario Barosso,0.1613,1,True
168994,Kimberly Quinn,0.35,2,True
1260481,Greta Lee,1.5108,5,True
2525701,David Iacono,1.5729,4,True
60458,Liana Liberato,1.0076,4,True
103545,Sebastian Arcelus,0.3121,2,True
1718658,Rob Mello,0.2747,2,True
1394279,Robby Rasmussen,0.1053,1,True
1394280,Caroline Hebert,0.2034,1,True
70852,Schuyler Fisk,0.3721,2,True
964421,Aaron Lazar,0.2063,1,True
1422396,Cade Lappin,0.0871,1,True
5887,Catalina Sandino Moreno,1.4472,6,True
984629,Christopher Abbott,0.6121,4,True
1377670,Glenn Fleshler,0.6673,3,True
1088672,Ben Rosenfield,0.3175,2,True
1370819,John Procaccino,0.1422,1,True
1417739,Pico Alexander,0.3421,2,True
1104136,Jason Ralph,1.2887,4,True
57686,Hill Harper,0.6533,4,True
1384708,Lexi Atkins,0.6028,3,True
104195,Bailey Chase,0.935,4,True
214142,Raquel Gardner,0.2933,2,True
24435,Jack Wallace,0.3364,2,True
137167,Adam Hicks,0.4762,3,True
1014644,Kent Avenido,0.1275,1,True
65227,Travis Schuldt,0.3109,2,True
54792,Brian Mahoney,0.1396,1,True
1520068,Kari Perdue,0.0906,1,True
38524,Lothaire Bluteau,0.4472,2,True
90130,Aaron Ashmore,1.5558,5,True
108534,Adam Butcher,0.4267,2,True
1228362,Jacob Neayem,0.1083,1,True
56262,Aaron Abrams,0.404,2,True
31187,Catherine Disher,0.429,2,True
1323876,Danielle Bourgon,0.1865,1,True
1309774,Kristian Bruun,0.5099,3,True
6975,Meera Syal,0.3806,2,True
1538417,Amelia Crouch,1.4081,4,True
1078613,Beau Knapp,0.5883,3,True
104482,James Martinez,0.4906,3,True
1495238,Tony Naumovski,0.1454,1,True
1277195,Noah Wiseman,0.8391,3,True
220442,Hayley McElhinney,0.1807,1,True
213202,Daniel Henshall,0.3745,2,True
75410,Barbara West,0.0961,1,True
1399368,Ben Winspear,0.3445,2,True
1277196,Cathy Adamek,0.0387,1,True
79715,Craig Behenna,0.1127,1,True
1413764,Hachi,0.0297,1,True
1399367,Tim Purcell,0.0256,1,True
1399369,Chloe Hurn,0.0214,1,True
1321953,Jacquy Phillips,0.0785,1,True
543275,Bridget Walters,0.0357,1,True
96464,Adam Morgan,0.0516,1,True
1413768,Pippa Wanganeen,0.0214,1,True
1413438,Peta Shannon,0.1136,1,True
1173984,Olivia Cooke,2.4289,8,True
973091,Ana Coto,0.2333,1,True
444211,Shelley Hennig,1.6392,7,True
221115,Daren Kagasoff,0.4281,5,True
1277583,Bianca A. Santos,0.6114,4,True
1697017,Claudia Katz Minnick,0.1606,1,True
1697013,Afra Sophia Tully,0.0423,1,True
1697014,Izzie  Galanti,0.0404,1,True
1539579,Sunny May Allison,0.3515,1,True
1697015,Claire Beale,0.1479,1,True
53240,Riz Ahmed,1.2858,9,True
97604,Kevin Rahm,0.6526,5,True
61084,Michael Hyatt,0.8917,5,True
156131,Sharon Tay,0.1998,1,True
1152043,Carolyn Gilroy,0.0734,1,True
1954841,Pat Harvey,0.0718,1,True
116514,Eric Lange,1.0595,5,True
73410,Chaton Anderson,0.4055,1,True
1397770,Parris Goebel,0.2752,4,True
120323,Frank Crudele,0.1038,1,True
1341648,Chadd Smith,0.0726,1,True
1290588,Stephen Stevo Jones,0.0965,1,True
1079805,Saxon Sharbino,0.7507,5,True
1043693,Kyle Catlett,0.33,4,True
1358988,Kennedi Clements,0.2993,4,True
1422261,Susan Heyward,0.4113,4,True
962585,Karen Ivany,0.0865,1,True
1363133,Soma Bhatia,0.2428,1,True
1480172,L.A. Lopes,0.0512,1,True
952654,Doug MacLeod,0.0802,1,True
119589,Donald Glover,0.6936,10,True
1337712,Sean T. Krishnan,0.1201,1,True
1086222,Bruno Gunn,0.1581,1,True
4751600,Emily Kelavos,0.3277,1,True
3169165,Scott Sheldon,0.0632,1,True
970216,Austin Stowell,0.7203,5,True
1451540,Nate Lang,0.2377,1,True
1212459,Suanne Spoke,0.2361,1,True
1451542,Charlie Ian,0.1427,1,True
223012,Jayson Blair,0.1256,1,True
1451543,Kofi Siriboe,0.4049,4,True
159366,Kavita Patil,0.2633,1,True
1451545,C.J. Vana,0.0859,1,True
171766,Tarik Lowe,0.1744,1,True
37983,Natalie Press,0.3138,4,True
383624,Adrian Schiller,0.2694,4,True
990064,Amanda Lawrence,0.3383,1,True
1524954,Adam Michael Dodd,0.0071,1,True
1524955,Grace Stottor,0.0362,1,True
85073,Lorraine Stanley,0.1527,1,True
1322313,Morgan Watkins,0.1376,1,True
968977,Omer Barnea,0.2694,1,True
187857,Toby Leonard Moore,0.7789,4,True
78890,Keith Jardine,0.5258,1,True
1001657,Sophie Turner,2.1454,9,True
1452045,Ben Hardy,11.5531,7,True
1452046,Lana Condor,0.8944,8,True
577478,Hannah Ware,0.4786,5,True
8801,Rolf Kanies,0.2507,4,True
1203440,Mona Pirzad,0.2654,1,True
935728,Michaela Caspar,0.1214,1,True
1450466,Jerry Hoffmann,0.1833,1,True
1480719,William E. Morris,0.0621,1,True
1503685,Charlene Beck,0.0786,1,True
40692,Michael Bornhütter,0.2988,1,True
221985,Jamie Blackley,0.4488,4,True
58804,Gabrielle Rose,0.4813,4,True
139618,Jakob Davies,0.2279,1,True
1369431,Ali Milner,0.2455,1,True
1369432,Gabrielle Cerys Haslett,0.0362,1,True
52394,Lauren Lee Smith,1.1673,5,True
1369433,Adam Solomonian,0.0423,1,True
1182657,John Emmet Tracy,0.2994,4,True
94436,Ward Horton,0.609,4,True
188311,Eric Ladin,0.809,4,True
117598,Ivar Brogger,0.199,1,True
1352028,Gabriel Bateman,0.6961,5,True
101069,Michelle Romano,0.0338,1,True
1266847,Paige Diaz,0.1991,1,True
1358565,Camden Singer,0.116,1,True
72705,Hilton McRae,0.4117,4,True
157753,Harry Peacock,0.2876,1,True
1527825,Bradley Hall,0.2186,1,True
45337,Sam Phillips,0.1317,3,True
1132749,Thomas Arnold,0.4415,1,True
228141,Dree Hemingway,0.4622,5,True
1013215,Peter Yarrow,0.5501,5,True
3013441,Bonnie Kaufman,0.0,1,True
1788161,Hector Otero,0.0071,1,True
1502216,Matthew Shear,0.2127,1,True
1465486,Quincy Tyler Bernstine,0.2466,4,True
1215525,Jorge Garcia,0.6872,8,True
215074,Corey Holcomb,0.1418,1,True
1053940,Aaron Takahashi,0.2755,1,True
1427681,Mimi Gianopulos,0.7833,5,True
945846,Tristin Mays,1.1256,7,True
85977,Clive Standen,0.66,7,True
1326945,Kumud Pant,0.137,1,True
1212871,Thomas M. Wright,0.2981,4,True
205659,Naoko Mori,0.262,5,True
1137824,Mia Goth,2.7314,8,True
1190654,Hugo Johnstone-Burt,0.3545,5,True
211800,Colton Haynes,0.5847,8,True
176762,Todd Williams,0.4179,4,True
1295289,Marissa Neitling,0.2998,4,True
122426,Angeliki Papoulia,0.9494,6,True
1950459,Emma O'Shea,0.2724,1,True
1651422,Anthony Dougall,0.0416,1,True
1716414,Anthony Moriarty,0.0718,1,True
1337074,Sean Duggan,0.2811,4,True
1160310,Chrissie Fit,0.1942,4,True
90514,Birgitte Hjort Sørensen,0.9504,6,True
1471841,Flula Borg,0.8008,6,True
1287272,Kalinka Pétrie,0.4519,1,True
207881,Kwasi Songui,0.3331,4,True
113613,Catalina Denis,0.4416,5,True
1063927,Jade Hassouné,0.3333,5,True
85162,Goûchy Boy,0.3339,1,True
1357023,Amila Terzimehić,0.3637,4,True
70874,Lazar Ristovski,0.3862,4,True
1213278,Eliza Taylor,1.1044,8,True
1322309,Akie Kotabe,0.2937,4,True
1050079,Dragan Marinković 'Maca',0.2045,1,True
1357024,Mediha Musliović,0.3065,4,True
1357025,Ben Willens,0.0286,1,True
1410525,Dragan Dvojaković,0.0286,1,True
1411010,Petar Benčina,1.8566,1,True
207549,Perdita Weeks,1.1203,6,True
78124,François Civil,0.9471,6,True
1319096,Marion Lambert,0.3119,4,True
939100,Ali Marhyar,0.5298,4,True
1357018,Cosme Castro,0.0844,1,True
1178738,Hamid Djavadan,0.0932,1,True
1139801,Théo Cholbi,0.2866,4,True
1175840,Emy Lévy,0.069,4,True
28190,Roger Van Hool,0.1796,4,True
1357019,Olivia Csiky Trnka,0.067,4,True
1357020,Hellyette Bess,0.0362,1,True
226025,Aryan Rahimian,0.0214,1,True
1357021,Samuel Aouizerate,0.0327,1,True
1357022,Kaya Blocksage,0.9551,4,True
154784,Dominic Fumusa,0.7618,5,True
1440537,Dotan Bonen,0.0404,1,True
1440538,Steve Kim,0.2407,1,True
140538,Juan Minujín,0.3753,4,True
99314,Yılmaz Erdoğan,0.3179,6,True
74376,Cem Yılmaz,0.141,8,True
1394227,James Fraser,0.2839,4,True
1394235,Ben O'Toole,0.2996,4,True
75121,Steve Bastoni,0.3321,5,True
145344,Salih Kalyon,0.139,4,True
1394234,Dylan Georgiades,0.0327,4,True
1014586,Christopher Sommers,0.1187,1,True
1275904,Benedict Hardie,0.8749,5,True
72968,Eduardo Verástegui,0.6495,5,True
95136,David Henrie,0.8527,7,True
183490,Loni Love,0.1379,7,True
1431855,Vic Dibitetto,0.0641,1,True
213596,Clemens Schick,0.6018,4,True
125739,Matias Varela,0.6828,5,True
1538780,Judah Lewis,0.9211,6,True
147638,Senta Dorothea Kirschner,0.0311,1,True
1720109,Seumas F. Sargent,0.1231,3,True
86322,Daniel Bonjour,0.282,4,True
550319,Katia Gomez,0.2417,4,True
1088040,Candi Brooks,0.307,4,True
1478382,Edwina Findley,0.2,4,True
1459830,Erick Chavarria,0.1029,4,True
85930,John Mayer,0.3088,10,False
1561685,JoJo Kushner,0.4263,5,True
130535,Zack Pearlman,0.4936,5,True
1368787,Christina Scherer,0.2863,4,True
88948,Steve Vinovich,0.4888,1,True
1363367,C.J. Wilson,0.3041,4,True
1496755,Anthony Ippolito,1.6572,4,True
1522345,Jocelyn Hudon,2.0217,5,True
1268728,Amanda Lund,0.4691,4,True
1181295,Steven Krueger,0.5629,4,True
1278911,Keith Arthur Bolden,0.3009,4,True
1523924,Caleb Emery,0.6361,4,True
1762388,Gabriela Hernandez,0.0143,1,True
1523921,Lewis MacDougall,0.1382,7,True
1221445,Ben Moor,0.2062,4,True
1636927,James Melville,0.2065,4,True
1723696,Oliver Steer,0.0306,1,True
1723697,Dominic Boyle,0.0431,1,True
2194754,Joe Curtis,0.0362,1,True
1070668,Morgan Symes,0.067,4,True
2194755,Max Golds,0.0143,1,True
1636926,Frida Palsson,0.1554,5,True
1247016,Wanda Opalinska,0.11,4,True
2023532,Patrick Taggart,0.0604,1,True
496470,Jake Lacy,1.104,6,True
1367617,Cory Michael Smith,0.4696,5,True
1213105,Kevin Crowley,0.5113,1,True
1545496,Nik Pajic,0.078,1,True
586998,Carrie Brownstein,0.1686,7,True
1545497,Trent Rowland,0.0802,1,True
1545498,Sadie Heim,0.1283,1,True
1545499,Kk Heim,0.1487,1,True
1545500,Amy Warner,0.0701,1,True
1545501,Michael Haney,0.0579,1,True
236053,Wendy Lardin,0.0143,1,True
1026019,Casper Crump,0.2785,4,True
1029045,Yule Masiteng,0.2005,5,True
1795843,Sidney Ralitsoele,0.0672,1,True
1665609,Antony Acheampong,0.1197,1,True
1795845,Edward Apeagyei,0.0894,1,True
1659946,Ashley Byam,0.0753,1,True
1500875,Charles Babalola,0.2941,4,True
1552637,Josh Green,0.8153,1,True
202958,Eddie Steeples,0.4275,6,True
1559688,Jose D. Xuconoxtli Jr.,0.0214,1,True
1046665,Joshua Mikel,0.8128,1,True
1559689,Jeremy Ray Taylor,0.5532,5,True
1370998,Zeeko Zaki,1.2695,5,True
998225,Alison Sudol,1.1217,4,True
1479957,Josh Cowdery,0.6405,4,True
1624444,Ronan Raftery,0.2007,5,True
1604370,Faith Wood-Blagrove,0.0696,1,True
1554519,Lauren Esposito,0.7455,4,True
1554515,Benjamin Haigh,0.4006,1,True
1554514,Patrick McAuley,0.181,4,True
1850290,Chris Royds,0.0143,1,True
1226277,Colin Jost,0.6963,8,True
1719586,Mickey Gooch Jr.,0.1944,4,True
155422,Sarah Ramos,1.0341,4,True
1784330,Vanessa Rubio,0.3496,4,True
1734930,Zani Jones Mbayise,0.1335,1,True
1260041,Brent Morin,0.0885,4,True
41527,Remo Girone,0.6073,3,True
25665,Robert Glenister,0.5795,4,True
1640938,Austin Swift,1.9865,4,True
167720,Andrew Borba,0.1967,4,True
167755,Judi Beecher,0.1823,4,True
1452539,Cedric Cirotteau,0.0579,1,True
1852182,Huck Milner,0.224,4,True
2096193,Adam Gates,0.0281,1,True
1374727,Cristela Alonzo,0.3003,6,True
933948,Ray Magliozzi,0.0798,5,True
40063,Lea DeLaria,0.4804,7,True
160042,Bob Costas,0.1965,9,True
1511935,Mark Mahoney,0.1267,1,True
1126405,Brad Carter,0.3282,4,True
75131,Nash Edgerton,0.4041,4,True
89714,Ilram Choi,0.2387,4,True
1485542,James Bendishaw,0.0453,1,True
1656058,Eric VanArsdale,1.5317,1,True
1251875,Keiynan Lonsdale,0.6935,6,True
1133012,Nadia Hilker,0.9959,4,True
1330888,Andy Bean,0.5929,4,True
224354,Justin Fletcher,0.2838,3,True
1212388,John Sparkes,0.1302,4,True
1235023,Rich Webber,0.146,1,True
124557,Kate Harbour,0.1498,1,True
155527,Simon Greenall,0.5364,4,True
1502401,Jack Paulson,0.0718,1,True
1267131,Sean Connolly,0.0614,1,True
1502402,Henry Burton,0.0143,1,True
1502403,Dhimant Vyas,0.0143,1,True
1502404,Sophie Laughton,0.0311,1,True
1502405,Nia Medi James,0.0214,1,True
115711,Stanley Unwin,0.0533,2,True
1464650,Dafne Keen,2.3373,7,True
1492293,Stephen Dunlevy,0.1648,1,True
1788166,Quincy Fouse,0.2966,5,True
1372185,Al Coronel,0.3479,4,True
174454,Frank Gallegos,0.2542,4,True
1822971,Anthony Escobar,0.0478,1,True
64712,Tom McCamus,0.4014,3,True
1232769,Amanda Brugel,0.4858,5,True
1517744,Sandy McMaster,0.0286,1,True
43258,Matt Gordon,0.2647,3,True
1517741,Zarrin Darnell-Martin,0.4906,4,True
201951,Jee-Yun Lee,0.1112,4,True
103284,Randal Edwards,0.2497,4,True
1457238,Sonoya Mizuno,1.6051,6,True
1457239,Claire Selby,0.1812,1,True
1394342,Symara A. Templeman,0.1109,4,True
1457240,Gana Bayarsaikhan,1.0665,4,True
1457241,Tiffany Pisani,0.1178,1,True
1394348,Elina Alminas,0.3135,4,True
1223082,Michael Strahan,0.1652,9,True
146025,Sharon Blackwood,0.1754,1,True
56446,John Cena,3.7897,10,True
973497,Britt Lower,1.0588,4,True
1184279,Matt Oberg,0.2524,1,True
1313583,Levi Miller,0.982,5,True
1097451,Na Tae-joo,0.0759,1,True
1728997,Gabriel Andreu,0.0876,1,True
1301823,Jack Charles,0.337,4,True
2600231,Mike Shepherd,0.0311,2,True
1228665,Brian Bovell,0.3187,2,True
1526130,Kurt Egyiawan,0.2536,2,True
1413433,Harry Lister Smith,2.0499,2,True
1558986,Louis Partridge,2.544,8,True
76944,Maxine Peake,0.6776,6,True
1361963,Tom Prior,0.2987,6,True
1387383,Sophie Perry,0.0662,2,True
1387384,Finlay Wright-Stephens,0.0454,2,True
1467145,Alice Orr-Ewing,0.5218,2,True
1221788,Thomas Morrison,0.0807,2,True
1052256,Michael Marcus,0.1717,2,True
1414711,Gruffudd Glyn,0.2063,2,True
1281195,Paul Longley,0.2205,2,True
66442,Tamsin Egerton,0.6325,6,True
52889,Johnny Vegas,0.4743,6,True
192838,Eileen Davies,0.2582,2,True
1529303,Janie Booth,1.1712,2,True
1322312,Jorge Leon,0.4838,2,True
89624,Adel Bencherif,0.2845,2,True
1297039,Owen Davis,1.1434,2,True
1425420,Ruby Barnhill,0.3886,7,True
1497865,Geoffrey Wade,0.0491,2,True
1476033,Paul Moniz de Sa,0.137,2,True
114631,DeeDee Rescher,0.2652,2,True
1832129,Susan Fitzker,0.0168,2,True
64451,Lynnanne Zager,0.2859,2,True
1832131,Tiffany Lauren Bennicke,0.0214,2,True
1230842,Leslie David Baker,0.2327,7,True
1683343,Cailee Spaeny,2.1817,8,True
1151657,Jing Tian,1.7004,7,True
1371297,Adria Arjona,3.14,8,True
1183808,Zhang Jin,1.4452,2,True
1243496,Ivanna Sakhno,1.3808,7,True
1566805,Mackenyu,0.9553,7,True
1452274,Wesley Wong,0.313,2,True
939395,Levi Meaden,0.2582,2,True
1538441,Rahart Adams,0.3184,2,True
85484,Matthew Del Negro,0.9807,6,True
1360013,Jodi Lyn Brockton,0.1397,2,True
1181296,Jaylen Moore,0.1431,2,True
1212271,Harley Graham,0.4392,2,True
1559700,Kathleen Fletcher,0.0898,2,True
1559701,Alejandra Pérez,0.1251,2,True
1559702,Abigail James Witherspoon,0.3132,2,True
155540,Benny Nieves,0.1454,2,True
1381148,Michael Ray Escamilla,0.5029,2,True
446511,Shakira,0.5296,10,False
1610446,Della Saba,0.3102,2,True
1172147,Daniel Zovatto,0.6128,6,True
133980,Jake Weary,1.635,6,True
1210610,Olivia Luccardi,0.7492,6,True
1361099,Lili Sepe,0.3354,2,True
1361100,Bailey Spry,0.2574,2,True
1588334,Carollette Phillips,0.0398,2,True
1329297,Loren Bass,0.2222,2,True
1588357,Charles Gertner,0.0311,2,True
1111695,Debbie Williams,0.0811,2,True
1588352,Ruby Harris,0.0952,2,True
1588355,Leisa Pulido,0.1072,2,True
1588356,D.J. Oliver,0.0143,2,True
1588347,Ingrid Mortimer,0.0214,2,True
1573102,Veronica Osorio,0.1146,2,True
52996,Heather Goldenhersh,0.2078,2,True
1310974,Tom Musgrave,0.0732,2,True
1257563,Annet Mahendru,0.6218,6,True
62389,Danny Jacobs,0.5047,2,True
973651,Billy Eichner,0.5812,8,True
139900,Florence Kasumba,1.0776,7,True
440414,Amy Schumer,0.9361,9,True
107379,LeBron James,0.4444,10,False
1490112,Evan Brinkman,0.0942,2,True
59842,Jon Glaser,0.4573,6,True
1490113,Amar'e Stoudemire,0.2063,7,True
65923,Dave Attell,0.2841,6,True
426216,Josh Segarra,1.3199,6,True
1427948,Pete Davidson,2.1397,9,True
90060,Pilou Asbæk,1.9764,8,True
935235,Marwan Kenzari,0.8422,7,True
1397757,Denise Tantucci,0.277,2,True
117640,Haluk Bilginer,0.72,6,True
1111433,Stefano Scherini,0.2193,2,True
1198663,David Walmsley,0.3495,2,True
1562107,Yasen Atour,0.2261,2,True
110930,Skyler Samuels,1.1662,7,True
588231,Chris Wylde,0.3467,2,True
1181558,Seth Meriwether,0.4947,2,True
1533223,Rebecca Weil,0.0071,2,True
1533227,Brian Dewar McNamara,0.0336,2,True
1426221,Benjamin Taylor Davis,0.0454,2,True
1539204,Lai-Ling Bernstein,0.0071,2,True
47859,Lee Horsley,0.511,5,True
1194944,Gene Jones,0.3969,2,True
1198202,Keith Jefferson,0.2146,2,True
1485552,Belinda Owino,0.1009,2,True
1223438,Sarah Dumont,1.2825,7,True
116088,Logan Miller,0.7718,6,True
1326885,Joey Morgan,0.2984,2,True
1161712,Hiram A. Murray,0.258,2,True
134488,Sara Malakul Lane,1.0028,6,True
120106,Ed Call,0.2481,4,True
1698597,Sandy Lipton,0.1659,1,True
13661,Joe Unger,0.2383,4,True
13662,Mimi Craven,1.0091,4,True
190793,Jack Shea,0.4254,4,True
2963,Nicolas Cage,4.6649,10,True
4039,Trey Wilson,0.2745,4,True
4520,William Forsythe,0.5758,4,True
5176,Sam McMurray,0.4879,4,True
5177,"Randall ""Tex"" Cobb",0.6955,4,True
5178,T.J. Kuhn,0.0352,1,True
5179,Lynne Kitei,0.1404,1,True
3091095,Peter Benedek,0.0286,1,True
3278660,Charles 'Lew' Smith,0.0498,1,True
1775566,Warren Keith,0.2114,4,True
1123432,Henry Kendrick,0.0546,1,True
2684142,Sidney Dawson,0.0143,1,True
4483,Dustin Hoffman,1.3535,10,True
3124,Valeria Golino,2.1838,8,True
5145,Jack Murdock,0.169,1,True
5146,Michael D. Roberts,0.2721,4,True
5147,Ralph Seymour,0.3593,4,True
5148,Lucinda Jenney,0.4509,4,True
5149,Bonnie Hunt,1.614,8,True
5150,Kim Robillard,0.4234,4,True
5151,Beth Grant,0.5317,4,True
5152,Dolan Dougherty,0.0416,1,True
5153,Marshall Dougherty,0.0362,1,True
3859142,John-Michael Dougherty,0.0261,1,True
5156,Peter Dougherty,0.0256,1,True
5292,Denzel Washington,3.8142,10,True
5294,Chiwetel Ejiofor,1.2496,9,True
5295,Carlos Andrés Gómez,0.0517,1,True
4889,Kim Director,1.5671,4,True
5296,James Ransone,0.9687,4,True
5297,Bernie Rachelle,0.5757,4,True
5299,Cassandra Freeman,0.3346,4,True
5300,Peter Frechette,0.359,4,True
5302,Gerry Vichi,0.1839,1,True
5301,Waris Ahluwalia,0.2419,4,True
1137,Juliette Binoche,1.2043,10,True
5309,Judi Dench,1.2648,10,True
5320,Leslie Caron,0.5982,8,True
5314,Aurelien Parent Koenig,0.3855,4,True
5313,Lena Olin,1.9393,8,True
8937,John Wood,0.4097,4,True
5310,Antonio Gil,0.2708,4,True
5311,Hélène Cardona,0.1947,1,True
5312,Hugh O'Conor,0.2368,4,True
5315,Victoire Thivisol,0.1146,1,True
5317,Gaelan Connell,0.2064,4,True
5318,Élisabeth Commelin,0.1788,1,True
6585,Perla Haney-Jardine,0.6641,4,True
4026,Ambrosia Kelley,0.2925,4,True
58477,Jonathan Loughran,0.8041,4,True
79458,Yoshiyuki Morishita,0.6245,4,True
1369182,Goro Daimon,0.1126,1,True
5411,Sanaa Lathan,0.7258,8,True
946696,Ian Whyte,0.2509,4,True
5412,Raoul Bova,0.6688,4,True
5414,Colin Salmon,0.8014,4,True
5415,Joseph Rye,0.1945,1,True
5416,Agathe de La Boulaye,0.2162,4,True
5417,Carsten Nørgaard,0.3769,4,True
5421,Sam Troughton,0.3946,4,True
53348,Petr Jákl,0.4117,4,True
176199,Kieran Bew,0.3357,4,True
281336,Carsten Voigt,0.0555,1,True
137332,Jan Filipenský,0.5117,4,True
5365,Clifton Collins Jr.,0.6733,8,True
21089,Bruce Greenwood,2.2892,9,True
12438,Bob Balaban,1.3266,8,True
109899,Bess Meyer,0.7494,4,True
5348,Allie Mickelson,0.3966,4,True
5349,Craig Archibald,2.3081,4,True
5350,Bronwen Coleman,0.0143,1,True
5351,Kate Shindle,0.1196,1,True
5352,David Wilson Barnes,0.3028,4,True
5353,Michael J. Burg,0.2864,4,True
5367,Zach Braff,0.9598,9,True
5376,Jean Smart,1.3594,8,True
19497,Armando Riesco,0.3016,4,True
5385,Jackie Hoffman,0.2881,4,True
5384,Method Man,0.5715,8,True
5395,Alex Burns,0.7699,4,True
5372,Ron Leibman,0.4029,4,True
5374,Jim Parsons,1.2008,10,True
51381,Michael Weston,0.8742,4,True
43366,Ann Dowd,1.036,8,True
5377,Ato Essandoh,0.4587,4,True
81681,Denis O'Hare,0.4223,4,True
5373,Trisha LaFache,0.2247,1,True
10477,George Dzundza,1.0739,4,True
10478,Jeanne Tripplehorn,1.9239,8,True
10480,Denis Arndt,0.3836,4,True
10485,Leilani Sarelle,0.5163,4,True
10486,Chelcie Ross,0.7119,4,True
10487,Dorothy Malone,0.3796,4,True
10488,Benjamin Mouton,0.2082,4,True
1404652,Laurel Harris,0.1156,1,True
1371509,Lukas Gage,0.695,5,True
1504156,Niki Koss,0.9934,4,True
116467,Drew Droege,0.168,3,True
1517627,Elle Evans,0.3474,2,True
36634,Julio Cesar Cedillo,0.3395,4,True
167145,Hank Rogerson,0.3585,3,True
1529184,Bernardo P. Saracino,0.113,1,True
1240490,Kevin Wiggins,0.4798,3,True
1554976,Kim Larrichio,0.3951,2,True
1554977,Jesus Nevarez-Castillo,0.0454,1,True
133950,Matthew Tompkins,2.1372,6,True
1388314,Stephan James,0.3615,4,True
59844,Omar J. Dorsey,0.1857,3,True
1512021,Scarlett Estevez,1.6634,6,True
1552636,Owen Vaccaro,0.525,5,True
1219121,Jamie Denbo,0.6212,4,True
1952342,Matthew Paul Martinez,0.1393,1,True
1367309,Dave Davis,0.1989,2,True
1617453,James Harlon Palmer,0.1041,1,True
1952343,Riley Ann Corbin,0.0143,1,True
1199000,LaJessie Smith,0.0659,1,True
1026947,Dascha Polanco,0.5942,6,True
194477,Susan Lucci,0.4143,7,True
1221558,Laura Wright,0.2684,4,True
215890,Maurice Benard,0.1617,4,True
50234,Donna Mills,0.5632,6,True
1658337,Ray De La Paz,0.0168,1,True
1223793,Rose Leslie,2.5534,9,True
7241,Rena Owen,0.5281,4,True
587207,Julie Engelbrecht,0.3663,3,True
1643212,Sloane Coombs,0.0723,1,True
211596,Inbar Lavi,2.4473,7,True
1252871,Bex Taylor-Klaus,0.5375,5,True
1378129,Armani Jackson,0.3694,3,True
1545693,Zazie Beetz,2.054,8,True
1379123,Talitha Eliana Bateman,0.7407,4,True
1417352,Kingsley Ben-Adir,1.0379,7,True
30433,Neil Maskell,0.6603,4,True
1816433,Craig McGinlay,0.1008,1,True
67212,Tom Wu,0.7848,4,True
109833,Peter Ferdinando,0.272,3,True
1335315,Georgina Campbell,1.4103,6,True
1325731,Abbi Jacobson,0.3446,6,True
970287,David Burrows,0.4692,3,True
2639872,Alex Kauffman,0.0143,1,True
591835,Ali Wong,0.5615,8,True
206444,Constance Wu,1.1985,8,True
1497467,Vince Foster,0.2401,2,True
1381473,Kara Flowers,0.242,2,True
1651277,Conor Brophy,0.1157,1,True
1455769,Julee Cerda,0.4712,3,True
1313564,Aurora Perrineau,0.3022,4,True
1742346,Lauren Farmer,0.1843,2,True
1742348,Emerald Mayne,0.0143,1,True
1651272,Kristin Brock,0.2135,2,True
1742347,Tom Ferrari,0.0168,1,True
1742349,Quansae Rutledge,0.0453,1,True
1742350,Desmond Reid,0.0143,1,True
228866,Colin Morgan,1.1052,7,True
219303,Duffy,0.1096,4,True
1442955,Keith Powers,0.8607,5,True
149010,Orlando Brown,0.5384,5,True
1371398,O'Shea Jackson Jr.,1.3486,7,True
1503717,Carra Patterson,0.2314,2,True
1503716,Marlon Yates Jr.,0.0662,1,True
1371397,R. Marcos Taylor,0.091,1,True
1503718,Joshua Brockington,0.1056,1,True
1503719,Sheldon A. Smith,0.0214,1,True
1385057,Heather Sossaman,0.1445,1,True
1385055,Matthew Bohrer,0.0953,1,True
1385058,Moses Storm,0.1863,2,True
145131,Jacob Wysocki,0.4849,4,True
105844,Courtney Halverson,0.2306,3,True
1385056,Mickey River,0.5324,3,True
1385054,Cal Barnes,0.0327,1,True
1491177,Christa Hartsock,0.0168,1,True
1564846,Auliʻi Cravalho,0.9961,7,True
15298,Rachel House,1.0598,5,True
1716550,Louise Bush,0.1175,1,True
89843,Oscar Kightley,0.1859,3,True
1349600,Troy Polamalu,0.0898,4,True
1742290,Puanani Cravalho,0.0362,1,True
550307,Neil deGrasse Tyson,0.2534,8,True
204815,Jesse Tyler Ferguson,0.3355,6,True
1107461,Jessie J,0.1875,3,True
1221716,Melissa Rauch,0.9703,7,True
968367,Stephanie Beatriz,1.5192,8,True
1669540,Toby Eddington,0.1336,1,True
1411985,Femi Elufowoju Jr.,0.1957,2,True
934149,Anteo Quintavalle,0.0834,1,True
1272796,Bonnie Zellerbach,0.1264,1,True
234990,Brahim Achabbakhe,2.8793,6,True
132635,Thomas Kiwi,0.0823,1,True
1200415,Andrew Stehlin,0.4801,3,True
1414734,Neel Sethi,0.5073,7,True
1662561,Brighton Rose,0.0596,1,True
1662562,Max Favreau,0.5755,4,True
1662563,Chloe Hechter,0.0453,1,True
220573,Sheila Vand,0.4264,4,True
1284084,Evan Jonigkeit,0.9539,1,True
1546075,Ava Del Cielo,0.1451,1,True
1529183,Lauren Chavez-Myers,0.1948,1,True
1264845,Monique Candelaria,0.2334,1,True
106490,Stefanie Scott,0.7876,5,True
89109,Hayley Kiyoko,0.3633,6,True
1465699,Tate Berney,0.421,1,True
17858,Jeris Poindexter,0.1857,1,True
33834,Ele Keats,0.1771,1,True
1704640,Brooklynn Prince,0.4772,5,True
1425134,Milo Parker,0.506,5,True
26854,Phil Davis,0.7204,2,True
1763156,Charles Maddox,0.0362,1,True
1763157,Takako Akashi,0.0994,1,True
1339677,Zak Shukor,0.0414,1,True
1246267,David Foxxe,0.6584,2,True
1538851,Kit Connor,1.6697,6,True
1493969,Amiah Miller,0.8072,5,True
221840,Sara Canning,1.0737,5,True
107810,Aleks Paunovic,0.5939,2,True
59312,Alessandro Juliani,0.3438,2,True
83186,Max Lloyd-Jones,0.9829,3,True
1560185,Forrest Goodluck,0.6079,3,True
117428,Duane Howard,0.1632,1,True
1839463,Arthur RedCloud,0.2215,1,True
2498673,Melaw Nakehk'o,0.2267,1,True
1554188,Grace Dove,0.3951,2,True
7742,Kristoffer Joner,0.7821,3,True
1099848,Joshua Burge,0.1739,1,True
77908,Fabrice Adde,0.2382,1,True
1742866,Christopher Rosamond,0.259,1,True
77315,Robert Moloney,0.2974,1,True
24607,Selva Rasalingam,0.342,1,True
1397087,Shanina Shaik,0.3559,5,True
1483038,Hadrian Howard,0.3952,1,True
144311,Rez Kempton,0.5873,2,True
1831379,Martin Bishop,1.565,2,True
207321,James Buckley,0.5631,3,True
1343869,Amir K,0.1289,1,True
1343870,Christa Nicola,0.0495,1,True
1526044,Philip Shelley,0.0214,1,True
1343872,Omar Benbrahim,0.0873,1,True
1526048,Chakir El Faaiz,0.0404,1,True
1526047,Ait Hamou Amine,0.0143,1,True
1637781,Jack Haven,1.5097,2,True
133047,Betsy Aidem,0.2404,1,True
1456296,Paula Plum,0.5742,2,True
1637780,Allison Gallerani,0.0143,1,True
1637782,Katelyn Semer,0.0214,1,True
1637783,Leah Anderson,0.0143,1,True
1637779,Nancy Carroll,0.0256,1,True
175787,Nancy Giles,0.1073,1,True
1455797,Henry Stram,0.556,2,True
1437572,Geoff Schuppert,0.085,1,True
449513,Meredith Hagner,1.0239,5,True
1688377,Cameron King,0.1987,1,True
1610834,Finlay MacMillan,0.6974,2,True
1688376,Callum Wilson,0.0416,1,True
1481788,Lauren McCrostie,0.2618,1,True
1181403,Pixie Davies,0.4071,2,True
1491689,Robert Daniel Sloan,0.1236,1,True
1485776,Dartanian Sloan,0.2568,1,True
109174,Lea Coco,0.1721,1,True
1485770,Lucas Jade Zumann,0.8562,5,True
1485772,Jaden Klein,0.0505,1,True
1485775,Laila Haley,0.0143,1,True
1485771,Caden M. Fritz,0.0363,1,True
1485774,Olivia Rainey,0.0143,1,True
1485773,Delphine Pontvieux,0.078,1,True
1536162,Michael B. Woods,0.0536,1,True
1720586,Tory O. Davis,0.0865,1,True
1046903,Caren Pistorius,0.5518,2,True
1635479,Florence Clery,0.1193,1,True
75711,Anthony Hayes,0.2297,2,True
84451,Leon Ford,0.2576,1,True
1635481,Georgie Jean Gascoigne,0.0214,1,True
1230265,Jane Menelaus,0.1485,1,True
1440014,Stephen Ure,0.4465,2,True
139820,Pom Klementieff,2.9897,7,True
77337,Aaron Schwartz,0.1346,1,True
1718567,Elizabeth Faith Ludlow,1.035,2,True
1070721,Zara Phythian,0.7837,2,True
126802,Alaa Safi,0.4505,1,True
1703906,Topo Wresniwiro,0.0979,1,True
1372694,Umit Ulgen,0.1309,1,True
1697473,Linda Louise Duan,0.485,1,True
1697474,Mark Anthony Brighton,0.3962,1,True
216986,Luke Hemsworth,1.7534,6,True
1083010,Letitia Wright,1.1383,7,True
1447932,Winston Duke,0.5184,6,True
1856116,Nabiyah Be,0.1388,2,True
1787399,Shaunette Renée Wilson,1.0028,5,True
79991,Stephen Kunken,0.2686,1,True
1285592,Erin Darke,0.6688,3,True
73933,Daniel Gerroll,0.2355,1,True
1465495,Maxine Prescott,0.0468,1,True
1232484,Orlagh Cassidy,0.1529,1,True
151435,Rosa Arredondo,0.2393,1,True
1465496,Zillah Glory,0.1363,1,True
2189927,Caridad Montanez,0.0143,1,True
1411657,Anthony Kelley,0.0239,1,True
1429649,Alvin Ing,0.4647,1,True
1259760,Griffin Cleveland,0.0618,1,True
205349,Omar Leyva,0.0892,1,True
439097,César Domboy,0.272,1,True
1347948,Benedict Samuel,0.3409,2,True
54193,Sergio Di Zio,0.323,2,True
101208,Melantha Blackthorne,1.4089,2,True
44169,Jason Blicker,0.4215,1,True
1076049,Chen Shu,0.7853,1,True
240724,Naomi Scott,2.0032,7,True
1029934,Justice Smith,1.3198,6,True
1449596,Jaz Sinclair,0.6966,5,True
1502871,Josiah Cerio,0.0676,1,True
1480643,Hannah Riley,0.5487,2,True
1421424,Meg Crosbie,0.098,1,True
1421423,Griffin Freeman,0.3127,1,True
1421422,Caitlin Carver,0.5097,2,True
1502872,RJ Shearer,0.0418,1,True
1502873,Susan Macke Miller,0.2154,1,True
1331652,Allison Tolman,0.9474,5,True
1252003,Stefania LaVie Owen,0.7046,5,True
1443677,Queenie Samuel,0.0495,1,True
1039917,Krista Stadler,0.1753,1,True
1245733,Justin Roiland,1.1132,6,True
1328650,Breehn Burns,0.3828,2,True
1544921,Maverick Flack,0.0725,1,True
1768966,Asher Angel,0.6767,5,True
1774679,Jack Dylan Grazer,0.7821,6,True
1726891,Faithe Herman,0.5374,5,True
54633,Grace Caroline Currey,1.1918,5,True
101028,Michelle Borth,1.3048,5,True
1397359,Ian Chen,0.2837,1,True
1299232,Ross Butler,0.8484,6,True
1940197,Jovan Armand,0.4546,1,True
1181306,Marta Milans,0.3118,3,True
111698,Cooper Andrews,0.3719,3,True
1857464,Carson MacCormac,1.2901,2,True
1320609,Phoebe Fox,0.5827,5,True
1370630,Leanne Best,0.4001,1,True
1374336,Leilah de Meza,0.4356,2,True
1148272,Amelia Pidgeon,1.1953,2,True
1255296,Jude Wright,0.2891,2,True
1374339,Pip Pearce,0.0286,1,True
1791618,Casper Allpress,0.1392,1,True
1791620,Alfie Simmons,0.0847,1,True
115742,Johan Heldenbergh,0.3602,2,True
73288,Michael McElhatton,0.52,2,True
1808652,Timothy Radford,0.0551,1,True
507837,Efrat Dor,1.1434,2,True
1394332,Shira Haas,0.6739,6,True
1563439,Val Maloku,0.0741,1,True
97192,Martha Issová,0.3829,1,True
1776256,Frederick Preston,0.1567,1,True
1609760,Daniel Ratimorský,0.0864,1,True
1840216,Theo Preston,0.0327,1,True
1840217,Viktoria Zakharyanova,0.0143,1,True
1265629,Angourie Rice,1.9071,6,True
1392137,Margaret Qualley,4.6541,7,True
1210306,Murielle Telio,0.1506,1,True
33848,Gil Gerard,0.2771,3,True
1193604,Jack Kilmer,0.5912,5,True
1932141,Lance Valentine Butler,0.1159,1,True
1087584,Linda Sorensen,0.2008,1,True
1826633,Mercy Myrdal,0.094,1,True
1948756,Dania Nassar,0.0568,1,True
146294,Vincent Gale,0.4324,1,True
112645,Marci T. House,0.6645,1,True
208677,Lee Majdoub,0.4754,1,True
1558027,Andres Joseph,0.2501,1,True
1224877,Nancy Sivak,0.1423,1,True
569210,Bethany Brown,0.6319,2,True
1948759,Orval Roberts,0.0453,1,True
110080,Sheridan Smith,0.7368,5,True
1479869,Ṣọpẹ́ Dìrísù,0.8378,5,True
1665602,Conrad Khan,0.4495,1,True
1665603,Niamh Walter,0.1924,1,True
1665604,Nana Agyeman-Bediako,0.1489,1,True
1081875,Joe Cole,1.6329,5,True
1594748,Patrick Davis Alarcón,0.2216,1,True
1411168,Eileen Fogarty,0.3021,1,True
1420663,Lyndon Smith,0.6348,1,True
1252472,Kim Yarbrough,0.0777,1,True
1670800,Amir Malaklou,0.0633,1,True
2581869,David Israel,0.0,1,True
1596934,Natalia Reyes,0.881,5,True
111016,Gabriel Luna,0.7039,5,True
2573906,Ferran Fernández,0.0409,1,True
16441,Tristán Ulloa,0.5716,2,True
2027068,Stephanie Gil,0.4405,1,True
1092386,Tomás Álvarez,0.0588,1,True
1017294,Tom Hopper,2.9362,6,True
25132,Alicia Borrachero,0.2327,1,True
944099,Enrique Arce,0.7634,2,True
2573915,Manuel Pacific,0.1144,1,True
2428502,Pedro Rudolphi,0.0338,1,True
1321622,Samantha Coughlan,1.4785,5,True
1646788,Brick Patrick,0.0822,1,True
1743493,Zach Gerard,0.0214,1,True
115974,Adam Pally,0.5935,5,True
168380,Mo Collins,0.5768,1,True
1332747,Henry Zebrowski,0.3864,1,True
1524373,Michael Hudson,0.1568,1,True
1456280,Jake Picking,0.419,1,True
1319519,Deena Dill,0.313,1,True
1532416,Lane Carlock,0.2534,1,True
1294982,Paul Walter Hauser,1.9428,6,True
34457,Ian Gomez,0.3674,5,True
2439221,Brandon Stanley,0.6298,1,True
1783267,Ryan Boz,0.0492,1,True
1536821,Charles Green,0.1956,1,True
2399165,Ronnie Allen,0.0214,1,True
118236,David Lengel,0.5644,1,True
233096,Lucien Laviscount,0.9996,5,True
1328223,Cressida Bonas,0.0873,2,True
1303873,Jenna Kanell,0.7428,2,True
1560380,Erica Tremblay,0.3415,1,True
1552359,Marisa Echeverria,0.1898,1,True
1663203,Keelin Woodell,0.1009,1,True
2272982,Lara Knox,0.0071,1,True
226651,Jonathan Penner,0.3662,2,True
1370567,Eugene Cordero,0.5954,2,True
1047649,Ed Skrein,2.3113,6,True
122750,Leslie Uggams,0.7076,5,True
1492326,Brianna Hildebrand,1.0078,6,True
80507,Stefan Kapičić,0.5221,2,True
215887,Randal Reeder,0.3066,1,True
27588,Michael Benyaer,0.277,1,True
1417031,Style Dayne,0.1021,1,True
62915,Kyle Cassie,0.4334,1,True
1493223,Taylor Hickson,0.6757,5,True
1683933,Ayzee,0.058,1,True
1676741,Naika Toussaint,0.9896,2,True
51940,Benjamin Wilkinson,1.1088,2,True
1885645,Sage Correa,0.1339,1,True
1558881,Chris McGinn,0.1702,1,True
95475,Jason George,0.6051,5,True
1317157,Kurtis Bedford,0.1368,1,True
1536494,Carmella Riley,0.1543,1,True
1367909,Kristin McKenzie Rice,0.0765,1,True
1377677,Kurt Krause,0.1911,1,True
1159596,Michelle DeVito,0.7605,2,True
1298752,Molly Conarro,0.0495,1,True
87816,Anjali Jay,0.4044,2,True
1357354,Peter J. Gray,0.344,1,True
1459142,Izabel Pearce,0.1001,1,True
1459143,Cate Richardson,0.0726,1,True
1459144,Jane Craven,0.1514,1,True
1576251,Terry Dale Parks,0.5817,1,True
1422517,Oakes Fegley,0.6812,5,True
1423519,Oona Laurence,0.5096,5,True
1435850,Aaron Jackson,0.112,1,True
1511634,Phil Grieve,0.4987,1,True
1669340,Steve Barr,0.3069,1,True
2060817,Keagan Carr Fransch,0.0,1,True
2060818,Jade Valour,0.0143,1,True
1285848,Augustine Frizzell,0.3641,2,True
2060819,Francis Biggs,0.0589,1,True
76743,Miles Bakshi,0.5146,1,True
1803677,James McGrath,0.1458,1,True
76744,Nina Zoe Bakshi,0.2466,1,True
1639925,Eric Bell Jr.,0.3268,1,True
1364287,ViviAnn Yee,0.1998,1,True
571265,Edie Mirman,0.3807,1,True
29528,Matthew Rhys,1.1524,6,True
1423809,Chelsea Li,0.1833,1,True
1445249,Christopher Heskey,0.0991,1,True
122535,Samantha Spiro,0.4237,2,True
1504795,Lily Travers,0.4428,1,True
1632584,Alan Breck,0.0441,1,True
193357,Eileen Dunwoodie,0.1779,1,True
1598482,Pablo Raybould,0.1766,1,True
1543364,Diane Morgan,1.5624,5,True
1371012,Michael Simon Hall,0.0639,1,True
167080,James Lorinz,0.4883,1,True
1066138,Michael Power,0.0661,1,True
17817,Merab Ninidze,0.2576,2,True
968746,Greg Nutcher,0.0748,1,True
933271,Eve Hewson,1.9859,6,True
1190034,Catherine Missal,0.1257,1,True
1503922,Emyri Crutchfield,0.4597,2,True
1503923,Alkoya Brunson,0.1927,1,True
206399,Elizabeth Gillies,1.3742,6,True
1495724,Elizabeth Fendrick,1.3134,2,True
1325716,Ilana Glazer,0.3655,5,True
1212667,Nathan Fielder,0.3566,6,True
1465303,Heléne Yorke,0.2676,1,True
1216132,Aaron Hill,0.5853,2,True
1781821,Darrie Lawrence,0.0707,1,True
180486,Gina Rodriguez,1.1513,7,True
1327175,David Maldonado,0.2919,1,True
1371237,Henry Frost,0.1328,1,True
1298790,Jeremy Sande,0.2537,1,True
76544,Chris Ashworth,0.2499,1,True
1461608,Karen Fukuhara,1.1969,5,True
1823591,Eugene Brave Rock,0.9087,2,True
1829985,Lilly Aspell,1.5882,5,True
1767343,Ann Wolfe,0.76,2,True
1360156,Ann Ogbomo,0.9732,2,True
1590758,Emily Carey,1.6665,5,True
62976,Eleanor Matsuura,1.8907,5,True
1831280,Hayley Warnes,1.1596,2,True
1767342,Madeleine Vall,1.0102,2,True
1824301,Freddy Carter,1.3954,5,True
1639847,Yahya Abdul-Mateen II,0.5567,7,True
1525689,Ludi Lin,0.7044,5,True
2203482,Tainui Kirkwood,0.0673,1,True
2203483,Tamor Kirkwood,0.0261,1,True
2267115,Denzel Quirke,0.0362,1,True
1228915,Matt Passmore,0.7875,5,True
1685904,Hannah Emily Anderson,0.6037,2,True
957076,Clé Bennett,0.3072,2,True
1001736,Mandela Van Peebles,0.3214,2,True
943913,Brittany Allen,0.972,5,True
1495933,Josiah Black,0.0596,1,True
1274964,Edward Ruttle,0.7087,1,True
168625,Michael Boisvert,0.2554,1,True
1854762,Sam Koules,0.0214,1,True
2090383,Troy Feldman,0.0942,1,True
1776258,Shaquan Lewis,0.0839,1,True
2793835,Esther Thibault,0.0143,1,True
1385063,Olivia DeJonge,0.3255,6,True
204271,Deanna Dunagan,0.4243,2,True
1473142,Celia Keenan-Bolger,0.1375,2,True
1689287,Samuel Stricklen,0.1309,1,True
172156,Patch Darragh,0.2522,1,True
1720659,Jorge Cordova,0.0502,1,True
1720660,Steve Annan,0.0143,1,True
116409,Benjamin Kanes,0.1174,1,True
1621144,Ocean James,0.0855,1,True
1720663,Seamus Moroney,0.0409,1,True
1375948,Hayley Magnus,0.2419,1,True
235416,Sarah Snook,1.2443,7,True
95266,Rebecca Gibney,0.4196,5,True
78572,Gyton Grantley,0.2144,1,True
150536,Barry Otto,0.3107,5,True
79713,Sacha Horler,0.1732,2,True
1695074,Roy Barker,0.0613,1,True
2542319,Sasha Calle,0.991,6,True
16971,Maribel Verdú,0.8185,5,True
1253355,Kiersey Clemons,1.6972,6,True
1660888,Saoirse-Monica Jackson,0.5282,2,True
1727045,Rudy Mancuso,0.193,5,True
2651020,Ed Wade,0.1064,1,True
2519858,Sean Rogers,0.3529,1,True
1300306,Kieran Hodgson,0.0891,1,True
77244,Lucy Newman-Williams,0.2682,1,True
4318197,"Kenny ""Cowboy"" Bartram",0.0261,1,True
950125,Cokey Falkow,0.1564,1,True
2267329,Ava Russo,1.0283,2,True
2020904,Jackson A. Dunn,1.0168,2,True
1767250,Ariana Greenblatt,2.2118,6,True
1360281,Lashana Lynch,1.7167,6,True
76618,Rune Temte,0.609,2,True
86381,Algenis Perez Soto,0.1869,1,True
2258733,Akira Akbar,0.8182,2,True
1610710,Chuku Modu,0.9203,2,True
1514930,Stephen A. Chang,1.859,2,True
1379122,Zackary Arthur,0.6217,2,True
1291350,Tony Revolori,0.6167,5,True
587035,Nadji Jeter,0.5485,2,True
1381981,Alex MacNicoll,0.8595,2,True
1480027,Matthew Zuk,0.4447,1,True
1168702,Bailey Anne Borders,0.0941,1,True
207304,John Schwab,0.2788,1,True
1890513,Sammy Hayman,0.8844,1,True
1889048,Josh Danford,0.0972,1,True
1997026,Kristen McGarrity,0.0658,1,True
1669336,Emma Bercovici,0.4019,1,True
1307647,Franciska Törőcsik,0.7023,2,True
1669337,Christian Zagia,0.2912,1,True
1635844,Katia Bokor,0.3073,1,True
1577093,Sergej Onopko,0.1958,1,True
1669338,Olivia Gillies,0.0362,1,True
1737807,Dayna Clark,0.0286,1,True
37645,Alexia Barlier,0.3549,2,True
559566,Payman Maadi,0.4228,5,True
202892,Demetrius Grosse,0.8655,2,True
206757,David Giuntoli,1.0019,6,True
84298,Christopher Dingli,1.3932,2,True
931771,David Furr,0.3433,1,True
1651362,Julia Butters,2.5809,6,True
13138,Benjamin Koldyke,0.2647,2,True
32684,Rolf Lassgård,1.3532,5,True
1069764,Ingjerd Egeberg,0.3068,1,True
64122,Søren Pilmark,0.3166,2,True
1887762,Alison J. Palmer,0.0286,1,True
19956,Kristen Thomson,0.1219,1,True
564583,Alex Shaffer,0.1477,2,True
1708461,Brittany Furlan,0.372,5,True
52938,Vanessa Lengies,0.6135,5,True
1677399,Rebecca Forsythe,0.3511,1,True
1708462,Joey Rudman,0.0357,1,True
1486989,Kelsey Formost,0.1156,1,True
209596,Ally Maki,0.485,2,True
2235312,Emily Davis,0.852,2,True
1664752,Lara Decaro,0.4336,1,True
1664773,Emmanuel Imani,0.6667,1,True
1405317,Robert Firth,0.1115,1,True
119792,Bhasker Patel,0.2138,1,True
1821068,Andreas Dubois,1.2993,1,True
934281,Alex Wolff,1.1699,5,True
1094134,Kolton Stewart,11.812,1,True
101060,Danielle Nicolet,0.6983,5,True
1419122,Timothy John Smith,0.1065,1,True
1754478,Sione Kelepi,0.0916,1,True
1729076,Dylan Boyack,0.1393,1,True
55615,Megan Park,0.761,5,True
1754479,Annie Kerins,0.0398,1,True
1754480,Nate Richman,0.1122,1,True
1257565,Alison Wright,0.9334,5,True
58733,Jason Davis,0.6013,2,True
1217862,Mary Kraft,0.4454,1,True
1155173,Seth Lee,0.2641,1,True
2941375,Jake Presley,0.081,1,True
4904709,Izzy Fenech,0.0764,1,True
1046141,Dola Rashad,0.3907,2,True
1675294,Carsey Walker Jr.,0.4713,1,True
1675295,Jim Warden,0.0311,1,True
1211676,Makhaola Ndebele,1.9507,2,True
684,Tom Schilling,0.6495,5,True
1266065,Olivia Silhavy,0.1493,1,True
1525047,Dacre Montgomery,1.2706,6,True
1394670,RJ Cyler,0.4813,5,True
1529446,Becky G,0.5553,6,True
1537697,Kayden Magnuson,0.4724,2,True
207713,Lisa Berry,0.441,1,True
2577252,Fiona Fu,0.1229,1,True
138459,Henry Pettigrew,0.1132,1,True
1399527,Miltos Yerolemou,0.189,1,True
70883,Tusse Silberg,0.6382,1,True
202573,Claus Bue,0.1162,1,True
1070339,Skylan Brooks,0.2236,2,True
1561575,Miguel Gómez,0.4857,1,True
1502320,Jose Caraballo,0.0362,1,True
1502321,Malcolm M. Mays,0.2317,1,True
1502322,Aaron Quattrocchi,0.0338,1,True
44578,Lana Young,0.0757,1,True
1348164,Danny Henriquez,0.1324,1,True
224513,Ana de Armas,6.163,9,True
60422,Gabriel Spahiu,0.235,1,True
1720564,Julian Sergi,0.1145,1,True
1022032,Andrei Finti,0.1039,1,True
1720565,Jeremy Tardy,0.1402,1,True
75344,Barry Livingston,0.2531,2,True
1583044,Jeff Pierre,0.4762,1,True
1155510,Ashley Rae Spillers,0.2359,1,True
76110,Stephen Amell,1.5194,7,True
237746,Stephen Farrelly,0.2642,1,True
1056117,Peter Donald Badalamenti II,0.3729,1,True
587506,Shameik Moore,0.7235,6,True
1521445,A$AP Rocky,0.3044,8,True
1395182,Chanel Iman,0.2191,5,True
1224954,Tyga,0.199,8,True
93538,De'Aundre Bonds,0.3451,1,True
1423441,Quincy Brown,0.3126,2,True
119870,Rick Fox,0.6963,5,True
1397911,Riley Osborne,0.1256,1,True
42291,Jacquie Barnbrook,0.277,1,True
1392952,Marcel Bridges,0.0752,1,True
1308278,Jeffy Branion,0.0671,1,True
2006159,Maddie Osborne,0.0143,1,True
1397779,Harvey Scrimshaw,0.5465,2,True
1397781,Ellie Grainger,0.0672,1,True
1397780,Lucas Dawson,0.1321,1,True
237462,Bathsheba Garnett,0.2063,1,True
1643002,Sarah Stephens,0.2039,1,True
1725093,Daniel Malik,0.4134,1,True
1725094,Axtun Henry Dube,0.0621,1,True
1725095,Athan Conrad Dube,0.0362,1,True
1805887,Vivien Moore,0.0357,1,True
1805888,Karen Kaeja,0.0256,1,True
1805889,Brandy Leary,0.0297,1,True
1805890,Rebecca Hope Terry,0.0536,1,True
1622087,Justin Randell Brooke,0.1275,1,True
1785189,Kate Kneeland,0.1738,1,True
114634,David de Vries,0.1429,1,True
1217651,Andrew Benator,0.3428,1,True
145320,Cara Mantella,0.2982,1,True
1807327,Randall Taylor,0.0917,1,True
4429841,Lacey King,0.0143,1,True
25246,Andy Lau,2.3398,6,True
99687,Zhang Hanyu,0.6754,5,True
1382332,Lu Han,0.5382,6,True
1254211,Lin Gengxin,0.7903,5,True
126778,Eddie Peng Yu-Yan,1.125,5,True
1376106,Huang Xuan,1.3354,5,True
1279598,Ryan Zheng,0.7438,2,True
1785744,Karry Wang,0.7556,2,True
1193310,Chen Xuedong,0.3458,2,True
35434,Numan Acar,0.5872,5,True
1083451,Johnny Cicco,0.1676,1,True
1518276,Yu Xintian,1.1831,2,True
119598,Phylicia Rashād,0.445,6,True
1746871,Andre Ward,0.1343,2,True
1537624,Tony Bellew,0.1662,5,True
1277581,Jacob 'Stitch' Duran,0.1602,1,True
1537626,Malik Bazille,0.0835,1,True
1746873,Ricardo 'Padman' McGill,0.0713,1,True
1537627,Gabriel Rosado,0.0865,1,True
1657314,Buddy Osborn,0.0404,1,True
1657315,Rupal Pujara,0.0495,1,True
30585,Brenda Vaccaro,1.1651,5,True
1390561,Meyrick Murphy,0.3365,1,True
1547069,Alpha Takahashi,0.1783,1,True
60494,Laura Miro,0.1919,1,True
109419,Ken Takemoto,0.254,1,True
1547070,Aaron Aoki,0.0615,1,True
1367323,Luke Donaldson,0.131,1,True
179048,Michael Sun Lee,0.1471,1,True
113461,John Legend,0.6077,10,False
1123299,Amiée Conn,0.1117,1,True
142263,Terry Walters,0.1434,1,True
1697098,Thom Shelton,0.2453,1,True
1324161,Cinda Adams,0.1335,1,True
1427680,Jessica Rothe,1.2897,6,True
156985,Claudine Claudio,0.1841,1,True
131947,Jason Fuchs,0.952,2,True
1475215,D.A. Wallach,0.0379,1,True
181763,Trevor Lissauer,0.1289,1,True
175829,Brian d'Arcy James,0.2696,5,True
1217270,Elena Wohl,0.1321,1,True
1616703,Gene Amoroso,0.1744,1,True
60091,Doug Murray,0.3367,2,True
1616707,Sharon McFarlane,0.0845,1,True
2977,Jamey Sheridan,0.4941,5,True
58544,Neal Huff,0.3273,2,True
1072798,Robert B. Kennedy,0.1707,1,True
1373737,Florence Pugh,6.6444,9,True
1346535,Samson Kayo,0.5725,2,True
933558,John Mulaney,0.6475,7,True
1180099,Da'Vine Joy Randolph,0.4253,5,True
1371039,Anthony Mendez,0.1318,1,True
3815284,Kevin McCann,0.3303,1,True
1404102,Betsy Sodaro,0.6159,2,True
1214638,Artemis Pebdani,0.6251,2,True
505710,Zendaya,5.196,10,True
1649152,Jacob Batalon,0.8932,6,True
1606394,Laura Harrier,0.8301,6,True
66221,Tyne Daly,0.6308,6,True
1421427,Abraham Attah,1.1172,2,True
829372,Michael Mando,1.2959,5,True
1520451,Josie Totah,1.0954,5,True
201335,Pat Starr,0.2323,1,True
47729,Thelma Barlow,0.2428,2,True
1577259,Aida Garifullina,1.1571,2,True
75748,Yutaka Izumihara,0.1721,1,True
1544148,Lasarus Ratuere,0.1301,1,True
1786960,Danusia Samal,0.0919,1,True
1291958,Tawanda Manyimo,0.1113,1,True
1774435,Mana Hira Davis,0.7778,2,True
1231717,Marc Maron,1.1253,6,True
1488952,Mary Holland,0.5839,2,True
1381399,Nicole Byer,0.371,6,True
1003843,Stephanie Allynne,0.2462,2,True
98272,Chloe Bridges,0.6158,5,True
1716724,Keala Settle,0.7471,5,True
1583307,Natasha Liu Bordizzo,1.1538,5,True
1952743,Sam Humphrey,0.1386,1,True
1919707,Austyn Johnson,0.6383,2,True
1952744,Cameron Seely,0.2634,1,True
3058666,Eric Anderson,0.0613,1,True
1952745,Ellis Rubin,0.3017,1,True
1614421,Skylar Dunn,0.5585,2,True
1953387,Daniel Everidge,0.1284,1,True
1078610,Jane McNeill,0.3346,1,True
1440568,Carlton Caudle,1.3967,1,True
1371236,Martin Bats Bradford,0.5305,1,True
1660452,Betty Gabriel,1.2166,5,True
2257,Terry Serpico,0.9939,2,True
1622607,Kimberly Howe,0.0793,1,True
1674425,Roman Blat,0.0991,1,True
1674426,J. Jewels,0.0453,1,True
1222355,Barry Nolan,0.3478,1,True
72638,Tracy Letts,0.41,5,True
1213603,Max Greenfield,0.8944,6,True
1198895,Ania Sowinski,1.021,2,True
105563,Mads Sjøgård Pettersen,0.3842,2,True
43451,Iris Berben,0.3066,5,True
4817924,Tom Costello,0.0528,1,True
70518,Jo Hartley,0.8593,2,True
203147,Dickon Tolson,0.0984,1,True
4817925,Jack Costello,0.0143,1,True
1153821,Edvin Endre,1.0839,2,True
1534450,Marc Benjamin,0.3127,1,True
1397605,Lamar Johnson,0.3854,1,True
1867726,Summer Fontana,0.3851,2,True
1122322,Suzanna Lenir,1.3507,2,True
1029403,James Russell,0.3988,1,True
1383389,Ben Robson,0.6843,2,True
1538879,Jett Klyne,0.7496,2,True
1626008,Lily Pater,0.2603,1,True
222139,Stephanie Lemelin,0.4307,1,True
134698,Haydn Gwynne,0.4329,2,True
56650,Ray Fearon,0.4026,1,True
1681702,Nathan Mack,0.2561,1,True
187565,Audra McDonald,0.323,6,True
1648751,Ripley Sobo,0.3968,2,True
1419742,Makenzie Moss,0.3679,1,True
1255902,Adam Shapiro,0.2534,1,True
1652785,John Steen,0.051,1,True
1652786,Stan Roth,0.0932,1,True
1652788,Mihran Slougian,0.0571,1,True
1062435,Robert Anthony Peters,0.0689,1,True
1126417,Arturo del Puerto,0.3381,2,True
97844,Robert Pralgo,0.1728,1,True
1377385,Bresha Webb,0.5129,2,True
933578,Ella Anderson,1.2023,5,True
1093919,Cecily Strong,0.2544,6,True
63235,Cedric Yarbrough,0.4714,5,True
1561275,Mary Sohn,0.2024,1,True
3347959,Eva Peterson,0.0143,1,True
3347960,Aleandra Newcomb,0.0071,1,True
2775065,Presley Coley,0.068,1,True
3347963,Vivian Falcone,1.4585,2,True
1181358,Eli Goree,0.4274,5,True
1228356,Shanice Banton,0.5766,2,True
20696,Jonathan Higgins,0.3514,2,True
17525,Barnaby Metschurat,0.1889,1,True
1540234,Chantel Riley,0.2193,1,True
1080969,Shamier Anderson,1.1189,5,True
1026218,Jesse Bostick,0.3612,5,True
1155123,Octavius J. Johnson,0.1738,1,True
639817,Inder Kumar,1.072,2,True
1631188,Drew Sheer,0.089,1,True
1381406,Chelsea Hayes,0.2853,1,True
1752866,Richard Nunez,0.0393,1,True
1365505,Erik Frandsen,0.1562,1,True
19895,Vinzenz Kiefer,0.1807,5,True
1658928,Ben Stylianou,0.0713,1,True
1658929,Kaya Yuzuki,0.1313,1,True
1770306,Matthew O'Neill,0.0261,1,True
1658930,Lizzie Phillips,0.0461,1,True
1658931,Paris Stangl,0.0652,1,True
61907,Luke Pegler,0.5228,2,True
2229725,Michael Sheasby,0.0791,1,True
1483257,Nathaniel Buzolic,0.6467,5,True
81480,Ori Pfeffer,0.3976,2,True
139780,James Lugton,1.1531,2,True
143073,Doug Benson,0.1825,5,True
1502907,Nhev Scharrel,0.267,1,True
1847828,Adrian Ciscato,0.1768,1,True
1386148,Brian T. Delaney,0.2621,1,True
1847829,Katia Saponenko,0.0418,1,True
226366,Brian Tyree Henry,0.9339,6,True
141610,Luna Lauren Velez,1.4567,5,True
1443708,Kimiko Glenn,0.6911,5,True
118752,Natalie Morales,0.7232,5,True
1746631,Edwin H. Bravo,0.0793,1,True
1821863,Post Malone,1.4028,10,False
1496393,Beanie Feldstein,0.3975,6,True
1625558,Awkwafina,1.9336,9,True
1169026,Andrey Dementyev,0.28,1,True
232427,Svetlana Ustinova,0.3403,1,True
1014980,Darya Charusha,0.2502,1,True
1663897,Jack Hahn,0.0143,1,True
1493218,Cyrus Arnold,0.6846,1,True
1663898,Jake Karlen,0.0644,1,True
42720,Will Stewart,0.0908,1,True
2123024,Martin Cooke,0.0,1,True
2123025,Sergey Chekrygin,0.0143,1,True
1177570,Vladimir Lukyanchikov,0.2861,1,True
1394384,Gino Picciano,0.9586,1,True
1654655,Juan Cely,0.0662,1,True
545087,Jaime Camil,0.9522,6,True
1662455,Kiely Renaud,0.0239,1,True
148096,Miles Heizer,0.6564,6,True
1276759,mgk,0.4831,7,True
1034197,Samira Wiley,0.5496,6,True
1560243,Brian Marc,0.2275,1,True
1669335,Ed Squires,0.0534,1,True
1506479,Deema Aitken,0.184,1,True
1680898,Josh Ostrovsky,0.0673,1,True
1719592,Eric D'Alessandro,0.0646,1,True
209728,Rightor Doyle,0.1716,1,True
1552148,Jonny Beauchamp,1.448,2,True
157859,Adam Lazarre-White,0.1116,1,True
82605,Mirrah Foulkes,0.1823,1,True
221944,Katie Aselton,0.8578,5,True
1379720,David Joseph Craig,0.0822,1,True
183048,Stephanie Vogt,0.3061,1,True
1777418,Osamu Tanpopo,0.1617,1,True
1777419,Yasuo Tobishima,0.0143,1,True
1777420,Ibuki Kaneda,0.0168,1,True
1522259,Akiko Iwase,0.6722,1,True
1522255,Kikuo Ichikawa,0.0453,1,True
1522256,Noriko Sakura,0.2072,1,True
1388891,Jozef Aoki,0.0722,1,True
1142145,Yûho Yamashita,0.0825,1,True
1386137,Gen Seto,0.1565,1,True
937534,Terry Diab,0.1713,1,True
1522258,Nadja Mazalica,0.0416,1,True
1777429,Lidija Antonić,0.0071,1,True
1180698,Kyle Mooney,0.3382,5,True
226001,Ariana Grande,1.2059,10,False
225411,Mark O'Brien,0.3175,1,True
1646444,Abigail Pniowsky,0.4834,1,True
1522166,Julia Scarlett Dan,0.1664,1,True
1646448,Jadyn Malone,0.2208,1,True
1752147,Lucas Chartier-Dessert,0.0363,1,True
1646452,Christian Jadah,0.575,1,True
1752149,Lucy Van Oldenbarneveld,0.0434,1,True
1195722,Sonia Vigneault,0.0568,1,True
2064124,Nico Parker,3.0164,6,True
2064125,Finley Hobbins,0.1248,1,True
58508,Joseph Gatt,0.526,5,True
1474028,Sharon Rooney,0.7675,5,True
2521526,Zenaida Alcalde,0.0143,1,True
2521524,Miguel Muñoz Segura,0.0143,1,True
1896855,Frank Bourke,0.0962,1,True
1634547,Vincent Andriano,1.107,1,True
104853,Rachel Matthews,0.4475,1,True
77301,Jiang Wen,0.4579,5,True
100085,Paul Kasey,0.2643,2,True
1213640,Stephen Stanton,0.5708,2,True
41044,Babou Ceesay,1.1055,5,True
209370,Jack Roth,1.1093,2,True
180300,Jesse C. Boyd,0.2233,1,True
1576808,Noree Victoria,0.4768,1,True
1668856,Marty Stonerock,0.0775,1,True
928307,Ashley LeConte Campbell,0.2881,1,True
128205,Diane Sellers,0.1781,1,True
1669169,Lou Lou Safran,0.3339,1,True
1465325,Jona Xiao,0.2275,1,True
1509745,Ming Zhao,0.1316,1,True
1739695,Richard Regan Paul,0.0297,1,True
1739696,Henry Boston,0.0398,1,True
1739697,Jack McQuaid,0.0855,1,True
1137588,Ari Shaffir,0.1726,5,True
1174795,Marc Grapey,0.3022,1,True
1739698,Ying He,0.0239,1,True
1669125,Eliza Scanlen,0.5413,6,True
2503394,Rafael Silva,0.1633,1,True
1711167,Mason Alban,0.257,1,True
2483561,Emily Edström,0.0143,1,True
1686709,Taylor Jorgensen,2.322,5,True
972599,Katie Crown,0.3013,1,True
1360088,Anton Starkman,0.1761,1,True
120720,Stephen Kramer Glickman,0.2378,1,True
1560244,Anthony Ramos,1.9345,7,True
930961,Marlon Williams,0.1777,1,True
1395597,Brandi Carlile,0.2047,5,True
1214576,Rebecca Field,0.8462,1,True
4257297,Derek Kevin Jones,0.0214,1,True
1644278,Janelle Bailey,0.1067,1,True
1559151,Sedona Legge,0.1147,1,True
1677465,Pablo Calva,0.1293,1,True
1677464,Diego Espejel,0.0582,1,True
1677481,Ava Dean,0.0681,1,True
1669262,Chelsea Moody,0.1019,1,True
1686692,Angelo Josue Lozano Corzo,0.0327,1,True
1686693,José Manuel Trujillo Salas,0.0389,1,True
5647269,Sully Seagull,0.2021,1,True
1059572,Lena Waithe,0.5853,6,True
1721235,Philip Zhao,0.2026,1,True
1561997,Win Morisaki,0.4416,1,True
1981093,Joel MacCormack,0.2051,1,True
1464454,Neet Mohan,1.0219,5,True
1908241,Georgie Farmer,1.4296,5,True
2100992,Armaan Haggio,0.0441,1,True
1584780,Aisha Takow,0.1645,1,True
940459,John Heffernan,0.2943,1,True
2100997,Faisa Hassan,0.0214,1,True
8269,Suzanne Cryer,0.7106,5,True
66655,Sumalee Montano,0.3578,5,True
2204366,Frank Mottek,0.0904,1,True
1168097,Manuel Garcia-Rulfo,1.5603,6,True
1584347,Martin Sensmeier,1.3946,6,True
154778,Jonathan Joss,0.4548,1,True
1181263,Kevin Wayne,0.4604,1,True
1225863,Anatol Yusef,0.1985,1,True
1522063,Alex Fondja,0.0631,1,True
1295193,Arieh Worthalter,0.335,1,True
228196,Thierry Godard,0.4149,1,True
1173028,Vincent Londez,0.2619,1,True
1371656,Stéphane Caillard,0.7671,1,True
1620312,Mohamed Makhtoumi,0.2556,1,True
1672596,Théo Costa-Marini,0.3929,1,True
934313,Ismaël Sy Savané,0.1092,1,True
209513,Macon Blair,0.5743,5,True
1151637,Lora Martinez-Cunningham,0.4862,1,True
1261400,Samantha Isler,0.8256,5,True
1504947,Nicholas Hamilton,0.3485,5,True
1447238,Shree Troietta Crooks,0.6908,1,True
1637129,Charlie Shotwell,0.4588,5,True
1108129,Trin Miller,0.4354,1,True
1637130,Elijah Stevenson,0.2474,1,True
1637131,Teddy Van Ee,0.1881,1,True
1724137,Anna Baryshnikov,0.4239,5,True
1730737,Ivy O'Brien,0.1855,1,True
58333,Tom Kemp,0.3219,1,True
1730741,Ruibo Qian,0.1325,1,True
171459,Robert Sella,0.1947,1,True
1750435,Abhishek Bharate,0.4278,1,True
1285715,Divian Ladwa,0.2813,1,True
1296866,Priyanka Bose,0.7335,5,True
150220,Deepti Naval,0.2155,1,True
85047,Nawazuddin Siddiqui,0.4802,5,True
1717046,Sunny Pawar,0.7278,5,True
1750436,Keshav Jadhav,0.1015,1,True
1671080,Riddhi Sen,0.1884,1,True
1750440,Rita Boy,0.0286,1,True
1496153,Arka Das,0.0881,1,True
979599,Pallavi Sharda,1.1875,5,True
1163789,Sophia Ali,0.561,5,True
1859934,Tati Gabrielle,3.2727,7,True
1974046,Rudy Pankow,1.4183,9,True
3036604,Tiernan Jones,0.1818,1,True
2545360,Pingi Moli,0.1146,1,True
3425211,Jesús Evita,0.0409,1,True
1561310,Georgia Goodman,0.3105,4,True
1477143,Joseph Balderrama,0.5344,1,True
3425202,Serena Posadino,0.0625,1,True
1922337,Alana Boden,0.8173,4,True
2131171,Jonathan Failla,0.1242,1,True
1456341,Parker Mack,0.5132,4,True
1698606,Halle Charlton,0.0987,1,True
1505505,Alexis G. Zall,0.192,1,True
1757260,Chelsea Gonzalez,0.0814,1,True
1698608,Nicholas Keenan,0.07,1,True
1215804,Michael Weaver,0.4113,1,True
1540615,Tori Kelly,0.3157,7,True
1180696,Beck Bennett,0.6997,7,True
2074238,Olivier Richters,0.8192,5,True
3810691,Ethann Isidore,0.2825,1,True
1867299,Francis Chapman,0.1302,1,True
4102339,Alfonso Rosario Mandia,0.0214,1,True
2480853,Harriet Slater,1.0789,5,True
87954,Scott Haze,0.4333,4,True
81316,Reid Scott,0.5929,5,True
2141479,Peggy Lu,0.5998,4,True
1765806,Malcolm C. Murray,0.2043,1,True
1431508,Sope Aluko,0.3722,4,True
101065,Michelle Lee,0.2887,4,True
2068598,Kurt Yue,0.2742,1,True
1668606,Jared Bankens,1.0635,1,True
104632,Sylvia Hoeks,1.2227,7,True
1013973,Carla Juri,0.7431,5,True
34065,Santiago Cabrera,0.7037,7,True
1428070,Isabela Merced,6.7344,8,True
1486234,Martin McCreadie,0.205,1,True
1769884,Rob Witcomb,0.2063,1,True
1813662,Marcus Fraser,0.1156,1,True
76415,Stephen Hogan,1.2309,1,True
1434812,Scot Cooper,3.418,1,True
1189955,Emily Child,2.2968,5,True
33337,Eric Johnson,0.8967,4,True
1211093,Brant Daugherty,0.7099,5,True
1809025,Alejandro Edda,0.385,1,True
1949171,Fredy Yate,0.1496,1,True
1255927,Mauricio Mejía,0.44,1,True
945958,Robert Farrior,0.3447,1,True
1295205,Morgan Hinkleman,0.1907,1,True
1949173,Alberto Ospino,0.0214,1,True
1771588,Corey Maher,0.0852,1,True
1305610,Yoson An,0.3674,1,True
1624,Cheng Pei-Pei,0.318,8,True
571567,Xana Tang,0.3277,1,True
2766946,Jun Yu,0.1057,1,True
1381726,Chen Tang,0.1657,1,True
74304,Doua Moua,0.1001,1,True
447244,Jimmy Wong,0.3458,1,True
1819918,John McCrea,0.7323,1,True
1532312,Kirby Howell-Baptiste,1.2778,7,True
1470911,Jamie Demetriou,1.2088,7,True
2451439,Niamh Lynch,0.1407,1,True
1312526,Andrew Leung,1.0089,1,True
1349801,Ed Birch,0.3431,1,True
1503746,Dylan Lowe,0.1627,1,True
110075,Paul Bazely,0.4118,4,True
1432064,Abraham Popoola,0.9113,1,True
2607591,Billie Gadsdon,2.1437,5,True
1222992,Eiza González,2.7861,9,True
209326,Sam Heughan,1.8321,9,True
1181327,Lamorne Morris,0.2398,7,True
238164,Jóhannes Haukur Jóhannesson,0.8205,4,True
1472892,Alex Hernandez,0.1917,1,True
1716711,Siddharth Dhananjay,0.1316,1,True
1541472,Clyde Berning,0.4085,1,True
1261817,Tyrel Meyer,0.0723,1,True
1654627,Alex Anlos,0.3322,1,True
2436897,Maarten Römer,0.0286,1,True
202830,William Sterchi,0.104,1,True
2111839,Kristen Berg,0.0071,1,True
1155333,Keith Meriweather,0.1643,1,True
1654001,Amber Midthunder,1.7226,7,True
1195834,Jackamoe Buzzell,0.3165,1,True
1179344,Joe Berryman,0.2383,1,True
1401531,Claudia Kim,0.7589,7,True
87426,William Nadylam,0.3241,4,True
1204379,Kevin Guthrie,0.2575,4,True
213581,Oliver Masucci,1.1073,5,True
228057,Maria Fernanda Cândido,0.3799,4,True
1383392,Poppy Corby-Tuech,0.6823,4,True
1901525,Victoria Yeates,0.2941,4,True
1986576,Aleksandr Kuznetsov,0.2873,1,True
212934,Avan Jogia,0.9947,7,True
2352104,Victoria Hall,0.0429,1,True
2434226,Victor Rivera,0.0404,1,True
1517847,Ian Gregg,0.2245,4,True
10489,Jack McGee,0.4663,4,True
163742,Stephen Rowe,0.4105,4,True
5698,Jessica Tandy,0.9186,8,True
5699,Patti LuPone,0.6544,8,True
5700,Esther Rolle,0.1897,5,True
5701,Joann Havrilla,0.0592,1,True
5702,William Hall Jr.,0.0582,1,True
1403815,Alvin M. Sugarman,0.0416,1,True
5703,Clarice F. Geigerman,0.1066,1,True
5704,Muriel Moore,0.1438,1,True
5705,Sylvia Kaler,0.0168,1,True
1403817,Carolyn Gold,0.0193,1,True
937317,Crystal R. Fox,0.3863,4,True
43992,Bob Hannah,0.0551,1,True
2671704,Ashley Josey,0.0739,1,True
5469,Ralph Fiennes,2.7913,10,True
5470,Kristin Scott Thomas,1.7328,9,True
5471,Naveen Andrews,0.8391,8,True
5472,Colin Firth,2.6364,10,True
5473,Julian Wadham,0.7588,4,True
5480,Torri Higginson,0.8888,4,True
5474,Kevin Whately,0.4276,4,True
5475,Clive Merrison,0.6562,4,True
5476,Nino Castelnuovo,0.3267,4,True
5477,Hichem Rostom,0.2501,4,True
5478,Peter Rühring,1.0561,4,True
5479,Geordie Johnson,0.231,4,True
5528,William Moseley,0.9851,8,True
5529,Anna Popplewell,1.7246,8,True
5527,Skandar Keynes,1.1159,5,True
5526,Georgie Henley,1.1038,8,True
5530,James McAvoy,2.191,10,True
5539,Dawn French,0.5625,8,True
5532,Judy McIntosh,0.1139,1,True
5531,Kiran Shah,0.5154,4,True
5533,Elizabeth Hawthorne,0.2282,4,True
5534,Patrick Kake,0.271,4,True
4757,Rupert Everett,1.2353,9,True
5577,Chris O'Donnell,1.6763,8,True
69597,Drew Barrymore,1.5601,10,True
5578,Debi Mazar,1.499,8,True
9807,René Auberjonois,2.8241,8,True
4887,Joe Grifasi,0.2487,4,True
5579,Elizabeth Sanders,0.1188,1,True
156689,Jessica Tuck,0.8165,4,True
162556,Dennis Paladino,0.1726,1,True
15277,Jon Favreau,2.2951,9,True
5588,Alicia Silverstone,2.8443,9,True
5590,Elle Macpherson,0.2189,8,True
5589,John Glover,1.3381,8,True
1233092,Vendela Kirsebom,0.0823,4,True
66813,Jeep Swenson,0.1902,4,True
107332,John Fink,0.1767,1,True
174037,Michael Reid MacKay,0.9999,4,True
27564,Eric Lloyd,0.658,4,True
5657,Anjelica Huston,2.0984,9,True
5658,Michael Gambon,1.4836,9,True
4971,Bud Cort,0.4871,4,True
5659,Seu Jorge,0.2792,4,True
159319,Robyn Cohen,0.1923,1,True
2121885,Niels Koizumi,0.0576,1,True
5661,Matthew Gray Gubler,0.8217,8,True
5950,Seymour Cassel,0.5373,4,True
25784,Anna Orso,2.1949,4,True
6637,Frank Finlay,0.4491,4,True
6638,Maureen Lipman,0.1899,4,True
6639,Emilia Fox,0.972,8,True
6640,Ed Stoppard,0.3056,4,True
6641,Julia Rayner,0.29,4,True
6642,Jessica Kate Meyer,1.5975,4,True
6643,Michał Żebrowski,0.3596,4,True
6644,Wanja Mues,0.1306,1,True
6645,Richard Ridings,0.3984,4,True
6646,Nomi Sharron,0.0725,1,True
1493073,Anthony Milner,0.1119,1,True
1502849,Lucy Skeaping,0.0696,1,True
1502850,Roddy Skeaping,0.0598,1,True
1502851,Ben Harlan,0.0646,1,True
181029,Ruth Platt,1.5974,4,True
6692,Caroline Goodall,1.1682,8,True
6693,Jonathan Sagall,0.5055,4,True
6368,Embeth Davidtz,1.66,8,True
6694,Małgorzata Gebel,0.6558,4,True
6695,Shmuel Levy,0.3252,4,True
6696,Mark Ivanir,0.7418,4,True
6697,Béatrice Macola,0.3439,4,True
2829,Andrzej Seweryn,0.2419,4,True
6698,Friedrich von Thun,0.1827,4,True
6699,Krzysztof Luft,0.0694,1,True
6700,Harry Nehring,0.0609,1,True
6701,Norbert Weisser,0.2396,4,True
6702,Adi Nitzan,0.1325,1,True
1201212,Ruth Farhi,2.59,4,True
15757,Ray Romano,0.905,9,True
5723,John Leguizamo,1.4476,9,True
5724,Denis Leary,1.1029,8,True
5725,Goran Višnjić,0.8608,8,True
5726,Cedric the Entertainer,0.5655,8,True
5727,Diedrich Bader,1.2249,8,True
21088,Alan Tudyk,1.4272,8,True
2434227,Devin Mojica,0.0214,1,True
26067,Rachel Luttrell,0.4041,2,True
135944,Alexandre Willaume,0.5456,3,True
1189954,Keenan Arrison,1.4783,4,True
1187042,Andrian Mazive,0.0589,1,True
2388827,Peter Waison,0.0143,1,True
1278130,Samuel Mak,0.0357,1,True
2388828,Sky Yang,0.2246,2,True
8975,Sam Waterston,1.1017,7,True
2053698,Callum Shoniker,0.2638,2,True
100650,Francis X. McCarthy,0.39,2,True
1178293,Ben Carlson,0.3967,2,True
1493224,Ruth Bader Ginsburg,0.0705,10,False
167263,Amanda MacDonald,0.2065,1,True
21385,Tony Sirico,0.9813,6,True
1635143,CJ Jones,0.2708,2,True
124495,Lanny Joon,0.285,2,True
1909809,Micah Howard,0.0605,1,True
2004500,Morgan Brown,0.0631,1,True
1908262,Morse Diggs,0.1422,1,True
1635138,Lance Palmer,0.0635,1,True
1488908,Hudson Meek,0.2341,2,True
81096,Joshua Close,0.4424,2,True
121566,Sharon Lawrence,0.9804,4,True
1450809,Luisa Moraes,0.2796,2,True
1375356,Jordan Woods-Robinson,0.1455,1,True
1664573,Niyi Oni,0.0696,1,True
1932862,Carter Godwin,0.0239,1,True
1156913,Kelly Rohrbach,1.2173,5,True
1181354,Ilfenesh Hadera,0.7591,4,True
1461038,Jon Bass,1.0578,4,True
1292258,Jack Kesy,1.2187,4,True
4893,Clem Cheung,0.1729,1,True
2147519,L.J. Ruth,1.137,4,True
1837224,Brandon Thomas Lee,1.1573,4,True
1702761,Robert Gulaczyk,0.1079,1,True
195930,Jerome Flynn,0.8655,5,True
1383391,Holly Earl,0.5941,3,True
1163131,Cezary Łukaszewicz,0.1633,1,True
61369,Martin Herdman,0.6954,3,True
166019,Bill Thomas,0.1532,1,True
1170997,Josh Burdett,0.1176,1,True
1702756,Robin Hodges,0.0071,1,True
1867052,Thom Findlay,0.0143,1,True
1315501,Aymeline Valade,0.0541,1,True
1164259,Kylie Rogers,1.1511,4,True
1367322,Brighton Sharbino,1.1642,4,True
1483525,Courtney Fansler,0.2629,2,True
949183,Kelly Collins Lintz,0.8949,3,True
1640222,Erica McGee,0.0168,1,True
1046203,Zach Sale,0.086,1,True
1639848,Mamoudou Athie,0.6586,4,True
129142,Smith Cho,0.3599,2,True
159657,Judy Reyes,0.9907,4,True
95358,Elvy,0.3487,2,True
1827498,Blu Hunt,2.0934,5,True
1181313,Maisie Williams,1.7388,8,True
1448222,Charlie Heaton,1.1344,7,True
1563169,Henry Zaga,0.8824,3,True
2766254,Dustin Ceithamer,0.2211,2,True
9315,Marilyn Manson,0.5621,9,True
1765668,Thomas Kee,0.0834,1,True
2041135,Colbi Gannett,0.2999,2,True
2846304,Jacinto Vega SpiritWolf,0.0672,1,True
1450262,Annie Starke,0.9557,3,True
96935,Johan Widerberg,0.4931,3,True
1374818,Karin Franz Körlof,0.4245,2,True
112853,Jan Mybrand,0.2108,1,True
232406,Anna Azcárate,0.2083,1,True
2168434,Peter Forbes,0.2799,2,True
1166319,Fredric Gildea,0.0071,1,True
1904720,Jane Garioni,0.0286,1,True
573835,Alix Wilton Regan,0.1452,1,True
1327613,Karl Glusman,1.1824,4,True
1648346,Robert Aramayo,1.1102,4,True
1105441,Bobbi Salvör Menuez,0.2812,2,True
1667787,Imogen Waterhouse,0.7274,4,True
220056,Franco Vega,0.0712,1,True
1346980,Ivo Nandi,0.2808,2,True
67987,Tomas Norström,0.5116,3,True
1760767,Ashok Mandanna,0.2367,2,True
1364241,David Bishins,0.1231,1,True
143391,Magnus Krepper,0.5468,3,True
147634,Peter Benedict,0.1106,1,True
8802,Michael Mendl,0.2268,2,True
61527,Owain Yeoman,0.8441,4,True
210389,David Del Rio,0.3085,2,True
1389367,Gail Bean,0.2817,2,True
1837637,Luna Baxter,1.7098,4,True
141876,Roland Møller,0.6892,3,True
1595609,Martin Angerbauer,0.2209,2,True
107032,Lili Gesler,0.2208,2,True
78861,Amy Price-Francis,0.501,3,True
1648936,Paniz Zade,1.1098,4,True
1239482,Carly Rae Jepsen,0.1941,8,True
1483976,Maddie Ziegler,0.826,6,True
170369,Terrence Scammell,0.5588,3,True
1209880,Tamir Kapelian,0.1186,1,True
1725473,Elana Dunkelman,0.2615,2,True
1072819,Shoshana Sperling,0.0461,1,True
219673,Jamie Watson,0.0661,1,True
1307543,Darrell Britt-Gibson,0.2565,1,True
1671201,Jamar Malachi Neighbors,0.0797,1,True
1671203,Jordyn A. Davis,0.0357,1,True
1380008,James Yeargain,0.0429,1,True
1671204,Brittany Seymour,0.0379,1,True
1466613,Danika Yarosh,0.9166,5,True
1223163,Patrick Heusinger,0.367,5,True
1485114,Madalyn Horcher,0.6653,5,True
149590,Robert Catrini,0.1901,1,True
1711523,Lizeth Hutchings,0.1354,1,True
1542879,Marisela Zumbado,0.289,1,True
563560,Gordon Alexander,1.171,1,True
70517,Thomas Turgoose,0.6501,5,True
1510237,Martyn Ford,1.5428,5,True
1152019,Ashton Sanders,0.6317,5,True
152831,Jonathan Scarfe,0.821,5,True
34200,Sakina Jaffrey,0.5081,5,True
1110069,Kazy Tauginas,0.5499,1,True
2090144,Garrett Golden,0.1049,1,True
1205136,Adam Karst,0.4124,1,True
2090145,Alican Barlas,0.0682,1,True
2090146,Rhys Olivia Cote,0.1351,1,True
1456292,Tamara Hickey,0.4094,1,True
2090147,Ken Baltin,0.0621,1,True
1156040,Colin Allen,0.2764,1,True
1566993,Lance A. Williams,1.4433,1,True
1659211,Andi Osho,0.3063,5,True
1598936,Maria Russell,0.1528,1,True
204548,Rolando Boyce,0.2088,1,True
1302131,Lotta Losten,0.135,1,True
1525065,Elizabeth Pan,0.1697,1,True
1185732,Ava Cantrell,0.1886,1,True
1100548,Shirley Rumierk,0.4199,1,True
1765914,Alyssa Cheatham,0.0775,1,True
1633453,Benjamin Snyder,0.0398,1,True
1540602,Alexa Nisenson,0.6424,5,True
181481,Stephnie Weir,0.1877,1,True
1392599,Gordon Danniels,0.4141,1,True
452696,Charlie Carver,0.2808,6,True
215843,Max Carver,0.3812,6,True
1251785,Aviv Alush,0.3101,1,True
1818135,Sumire,0.4005,1,True
119251,Gage Munroe,0.7451,5,True
1110009,Lane Edwards,0.3642,1,True
1818133,Amélie Eve,0.0983,1,True
1725613,Jordyn Ashley Olson,0.4151,1,True
1480622,Laura MacKillop,0.1025,1,True
57054,Winston Chao,0.4255,5,True
1704579,Shuya Sophia Cai,2.42,5,True
1985735,Mai Hongmei,0.473,1,True
2167243,Wei Yi,0.0168,1,True
1704578,Rob Kipa-Williams,0.3455,1,True
1481238,Sophia Lillis,1.6293,7,True
1442069,Finn Wolfhard,2.2624,9,True
1148455,Wyatt Oleff,0.9169,6,True
1643043,Chosen Jacobs,0.4373,5,True
1649803,Jackson Robert Scott,0.8277,5,True
116487,Stuart Hughes,0.2194,1,True
1586047,Owen Teague,0.8393,6,True
1484899,Molly Atkinson,0.7653,1,True
1131069,Jake Sim,0.2416,1,True
1730333,Logan Thompson,0.348,1,True
58182,Tom Davis,0.0712,3,True
154689,Bradley James,0.8825,5,True
1781402,Clementine Nicholson,0.3079,1,True
1070886,Daisy Head,0.8904,5,True
1283871,Oliver Stark,0.7429,1,True
544246,Zuzana Stivínová,0.6338,1,True
183737,Jan Nemejovský,0.239,1,True
1781392,Sveta Driga,0.3288,1,True
1781390,Dan Bradford,0.3565,1,True
18974,Laura Prepon,1.0163,7,True
1653347,Rachel Christopher,0.0692,1,True
2452811,Fernando Medina,0.0143,1,True
1653334,Gregory Morley,0.0362,1,True
1855564,Mac Tavares,0.0673,1,True
1455336,Issa Rae,0.8909,8,True
2201315,Emma Mackey,2.2747,7,True
1611609,Hari Nef,0.4546,5,True
1168285,Ana Cruz Kayne,0.232,1,True
1742596,Ritu Arya,1.2939,5,True
1959397,Dua Lipa,1.2071,10,False
1267240,Nicola Coughlan,0.8237,6,True
1489211,Simu Liu,1.3638,7,True
2112439,Connor Swindells,1.1726,5,True
86232,Lucy Boynton,1.4882,6,True
2072197,McKenna Roberts,1.8673,5,True
1650301,Trevante Rhodes,0.7796,6,True
1456279,Augusto Aguilera,0.1814,1,True
1966442,Brian A. Prince,0.0478,1,True
1230713,Niall Matter,0.4931,1,True
1331278,Javier Lacroix,0.2961,1,True
1476330,Gabriel LaBelle,0.5619,5,True
1685881,Emily Skeggs,0.4142,1,True
1044954,Sam Medina,0.659,1,True
1068383,CL,0.3037,8,True
2165640,Natasha Goubskaya,0.2017,1,True
2165641,Jenique Hendrix,0.142,1,True
1218180,Billy Smith,0.7071,1,True
1477872,Myke Holmes,0.134,1,True
1672504,Erin Kellyman,1.2188,5,True
1570235,Ian Kenny,0.1404,1,True
1320746,Anna Francolini,0.303,2,True
1881105,Lily Newmark,2.3857,7,True
1005852,Janelle Monáe,0.3792,3,True
52396,Stefanie von Pfetten,0.9246,4,True
1121961,Siobhan Williams,0.6172,3,True
63563,Veena Sood,0.2876,2,True
1690238,Christie-Lee Britten,0.1358,1,True
1232689,Brandon Scott,0.3195,2,True
1618066,Corbin Reid,0.8804,4,True
1181426,Valorie Curry,0.9387,4,True
86046,Wes Robinson,0.2475,2,True
1257819,Daniella Pineda,1.7067,6,True
2058708,Isabella Sermon,0.9439,4,True
2093764,Kevin Layne,0.1227,1,True
1792454,Neil Bishop,1.1754,5,True
75343,Florence Henderson,0.3668,3,True
1350469,Andrew Bachelor,0.3808,2,True
214695,Kate Miner,0.7882,4,True
1376001,Tina Grimm,0.3302,2,True
995358,Alice Rietveld,0.3683,2,True
1434820,Brad Schmidt,0.1873,1,True
1515525,Angel Laketa Moore,0.1878,1,True
1224148,Elizabeth Ho,0.2674,2,True
49001,Sarah Chalke,1.1858,5,True
222088,Shay Mitchell,0.7179,4,True
212285,Jack Whitehall,0.6273,3,True
1492327,Cameron Esposito,0.1837,1,True
1240468,Lucy Walsh,0.5295,3,True
1279818,Ashley Aufderheide,0.3099,2,True
163784,Seth Barrish,0.2244,2,True
74961,Jeremy Bobb,0.5366,3,True
1312122,Frederick Schmidt,0.347,2,True
1224993,Wolf Blitzer,0.2511,2,True
1631708,Raphael Acloque,0.2227,2,True
1528718,Devika Bhise,0.3758,2,True
192846,Anthony Calf,0.4138,2,True
125237,Pádraic Delaney,0.2604,2,True
1370832,Shazad Latif,1.1257,5,True
1415835,Roger Narayan,0.0881,1,True
96343,Arundathi Nag,0.1427,1,True
85593,Dhritiman Chatterjee,0.0844,1,True
130565,Nick Jonas,0.5278,3,True
1597855,Madison Iseman,1.3588,6,True
1869736,Sean Buxton,0.052,1,True
1518688,Mason Guccione,0.1273,1,True
1869724,Najah Jackson,0.1377,1,True
1696753,Tom Taylor,0.4057,2,True
1551547,Michael Barbieri,0.3456,2,True
204108,Alex McGregor,0.4412,2,True
564775,Nicholas Pauling,0.1963,1,True
1315752,Eva Kaminsky,0.1455,1,True
1743430,Robbie McLean,0.0286,1,True
1732263,Andy Allo,1.044,5,True
2472584,Diany Rodriguez,1.4662,6,True
1193391,Anthony Gonzalez,0.3401,2,True
178667,Herbert Siguenza,0.0871,1,True
1043869,Ana Ofelia Murguía,0.3934,2,True
1693947,Natalia Cordova-Buckley,0.5722,3,True
1007527,Sofía Espinosa,0.1741,1,True
48161,Selene Luna,0.1867,1,True
1938082,Carla Medina,0.0357,1,True
1163979,Jee Young Han,0.4492,2,True
1728401,Grace Hazelett,0.2429,2,True
1728402,Sadie Hazelett,0.0357,1,True
1590759,Noah Jupe,0.5887,3,True
233093,Jack McMullen,0.3771,2,True
105869,Corrado Invernizzi,0.2167,2,True
588333,Joe Williamson,0.3732,2,True
222089,Ian Harding,0.3517,2,True
2103899,Shawn Law,0.0824,1,True
1372369,Samara Weaving,4.6414,9,True
4021100,Brent Bentley,1.1393,5,True
558267,Pharrell Williams,0.2305,2,True
1379104,Ramone Hamilton,0.3701,2,True
1328978,Sam Lavagnino,0.3169,2,True
1141501,Carter Hastings,0.6493,3,True
1241330,Bashir Salahuddin,0.5939,3,True
124112,Charles Parnell,0.7255,4,True
1525043,Monica Barbaro,1.9826,7,True
1700685,Lewis Pullman,5.3096,10,True
151680,Jay Ellis,0.4312,2,True
1773397,Danny Ramirez,1.6775,6,True
3563646,Jack Schumacher,0.4785,3,True
1368795,Manny Jacinto,1.1139,5,True
236598,Kara Wang,0.6342,3,True
2080646,Greg Tarzan Davis,0.4373,2,True
1193526,Delphi Harrington,0.1199,1,True
1615594,Ahmed Lucan,0.1254,1,True
1521874,Laura Lundy Wheale,0.0311,1,True
971519,Onira Tarés,0.1942,1,True
1318907,Blake Jones,0.0552,1,True
1217825,Peyton Manning,0.1854,1,True
121689,Miguel Ángel Silvestre,0.6898,3,True
1652371,Daveed Diggs,0.8635,4,True
107515,Raúl Esparza,0.721,4,True
1134299,Juanes,0.1322,1,True
1243329,Karla Martínez,0.0311,1,True
1998541,Florian Munteanu,0.7499,5,True
210665,Janina Gavankar,0.6665,5,True
1356013,Benjamin Byron Davis,0.3673,1,True
1437489,Ryann Redmond,0.1132,1,True
4913403,Sophie Popper,0.0143,1,True
4178614,Riana Emma Balla,0.0256,1,True
1475555,Gabriel Leone,0.5745,1,True
3641727,Giuseppe Festinese,0.0826,1,True
2508882,Michele Savoia,0.1041,1,True
1435167,Valentina Bellè,0.4631,4,True
2078350,Tommaso Basili,0.3913,4,True
1423769,Andrea Dolente,0.2038,1,True
1871368,Lino Musella,0.2485,4,True
1010873,Massi Furlan,0.3054,1,True
1585749,Peter Arpesella,0.124,1,True
2097462,Giuseppe Russo,1.417,1,True
1670767,Trey Tucker,0.3682,1,True
1439204,Scott Takeda,0.3931,4,True
1670749,Adande 'Swoozie' Thorne,0.1035,1,True
1260554,Sarah Minnich,0.3912,4,True
1670754,Ryan Jason Cook,0.0743,1,True
223395,Morse Bicknell,0.113,1,True
90364,Enuka Okuma,1.0833,5,True
1539216,Ferdia Walsh-Peelo,0.5837,7,True
1570231,Ben Carolan,0.3026,4,True
1539217,Mark McKenna,0.6482,4,True
1198869,Kelly Thornton,0.5218,4,True
1570232,Percy Chamburuka,0.0214,1,True
1553696,Connor Hamilton,0.0168,1,True
1570234,Karl Rice,0.5616,4,True
111837,Don Wycherley,1.2488,4,True
1694939,Des Keogh,0.0819,1,True
1694940,Kian Murphy,0.0802,1,True
3637900,Dolores Mullally,0.0143,1,True
1348474,Camille Cottin,0.7885,7,True
136040,Michael McKell,0.2025,4,True
96413,Thierry Frémont,0.2141,4,True
1698108,Vincent Latorre,0.2243,1,True
1504912,Fleur Poad,0.0338,1,True
2931845,Miryam Hayward,0.0071,1,True
2931846,Iselle Rifat,0.0143,1,True
1634328,Olivia Hamilton,0.3815,4,True
45423,Kris Rey,0.2217,1,True
1940747,Dali Benssalah,0.6437,4,True
3226897,Lisa-Dorah Sonnet,0.1769,4,True
3258488,Coline Defaud,0.1509,4,True
1280334,Damian Maffei,0.3272,1,True
1904225,Emma Bellomy,0.1424,1,True
1904226,Lea Enslin,0.2463,1,True
2696776,Mary Louise Casanta,0.0387,1,True
1545508,Ken Strunk,0.228,1,True
2696779,Rachel Kuhn,0.0261,1,True
1905016,Leah Roberts,0.0281,1,True
1941694,Preston Sadleir,0.0927,1,True
2696780,Gabriel A. Byrne,0.0214,1,True
59843,Paul Scheer,0.3236,7,True
1181310,Andrew Santino,0.5555,7,True
1052684,Joe Mande,0.201,5,True
1139349,Julian Dennison,1.9297,7,True
1288797,Rima Te Wiata,0.3228,4,True
1622074,Tioreore Ngatai-Melbourne,0.2807,1,True
1153004,Stan Walker,0.109,5,True
1334712,Mike Minogue,0.5167,1,True
939388,Cohen Holloway,0.3493,4,True
1153006,Troy Kingi,0.1076,4,True
1570328,Hamish Parkinson,0.1844,1,True
1671691,Stu Giles,0.0143,1,True
1570329,Lloyd Scott,0.0803,1,True
1622075,Selina Woulfe,0.0256,1,True
47068,Jonas Karlsson,0.4572,4,True
1853977,Michael Yates,0.0143,1,True
42566,Adrian Dunbar,0.5975,4,True
76555,Jakob Oftebro,0.7945,4,True
1825421,Ben Abell,2.5805,1,True
1356210,Millie Bobby Brown,3.2549,10,True
1554383,Dave Johns,0.5833,4,True
1182598,Hayley Squires,0.3966,4,True
1650254,Briana Shann,0.1702,1,True
1650252,Dylan McKiernan,0.0621,1,True
229605,Kate Rutter,0.1164,1,True
1243489,Sharon Percy,0.2052,1,True
1766059,Kema Sikazwe,0.0352,1,True
4262721,Magpie Richens,0.0,1,True
4262725,Amanda Payne,0.0071,1,True
4081577,Chris McGlade,0.0738,1,True
1211929,Shaun Prendergast,0.0835,1,True
3473006,Gavin Webster,0.0261,1,True
106507,Sammy T. Dobson,0.0675,1,True
1766048,Mickey Hutton,0.0404,1,True
1650242,Colin Coombs,0.0679,1,True
1687041,Fionn Whitehead,0.4978,7,True
1290466,Barry Keoghan,1.4608,8,True
1052109,Harry Styles,1.2873,10,False
145143,Aneurin Barnard,0.636,5,True
579211,Damien Bonnard,0.4034,4,True
1324608,Lee Armstrong,0.5158,4,True
1522760,James Bloor,0.3406,4,True
1765227,Tom Glynn-Carney,0.393,7,True
1334638,Jack Lowden,0.9588,5,True
1127887,Luke Thompson,0.7812,4,True
1826552,Michel Biel,1.5809,3,True
1826540,Constantin Balsan,0.0646,1,True
1496392,Joe Alwyn,1.1677,7,True
1184006,James Smith,0.2312,2,True
1648727,Jenny Rainsford,0.2742,2,True
2200174,Emma Delves,0.1265,1,True
1162218,Faye Daveney,0.1112,1,True
2249386,Paul Swaine,0.0071,1,True
2200169,Jennifer White,0.0143,1,True
2028842,Lilly-Rose Stevens,0.0143,1,True
1561305,Denise Mack,0.0493,1,True
2153644,Willem Dalby,0.0,1,True
2200171,Edward Aczel,0.0239,1,True
89564,Tim Minchin,0.2942,6,True
208467,Ian Peck,0.7322,4,True
956903,Cornelius Booth,0.1417,1,True
2237032,Kane Headley-Cummings,0.0387,1,True
1404497,Lara Rossi,0.4475,3,True
2237040,Kevin Griffiths,0.0071,1,True
2237043,Catriona Temple,0.0975,1,True
79257,Björn Bengtsson,0.5768,3,True
1704775,J.J. Watt,0.083,4,True
1189072,Leah McKendrick,3.0341,5,True
1242199,Lyle Brocato,0.3213,2,True
1286328,Haley Lu Richardson,1.8517,7,True
1224115,Blake Jenner,0.5155,6,True
1560379,Hayden Szeto,0.7436,4,True
1077775,Alexander Calvert,0.9493,5,True
1498026,Nesta Cooper,0.6922,4,True
1698098,Lina Renna,0.5052,3,True
1256296,Christian Michael Cooper,0.4044,2,True
1560377,Ava Grace Cooper,0.5058,3,True
1378741,Jena Skodje,0.1877,1,True
1441919,Caspar Phillipson,0.4607,3,True
1634033,Sara Verhagen,0.0416,1,True
1603267,Hélène Kuhn,0.3761,2,True
135420,Deborah Findlay,0.4544,4,True
1634019,Aidan O'Hare,0.1778,1,True
192486,Craig Sechler,1.5262,4,True
1200059,Yann Bean,1.3426,4,True
1664716,Jharrel Jerome,0.3756,5,True
1688889,Alex R. Hibbert,0.4326,4,True
1699116,Jaden Piner,0.1428,1,True
1723625,Shariff Earp,0.1248,1,True
1723626,Duan Sanderson,0.0327,1,True
2555637,Herman 'Caheei McGloun,0.0357,1,True
2555638,Kamal Ani-Bellow,0.0214,1,True
2555639,Keomi Givens,0.0143,1,True
2555641,Eddie Blanchard,0.0143,1,True
1723627,Rudi Goblen,0.0143,1,True
1859935,Jude Koyaute,0.0286,1,True
1215448,Rachael Ray,0.1366,7,True
87281,Jeff Ross,0.6772,5,True
1267122,Rory Fleck-Byrne,0.4404,3,True
107734,Orla Brady,0.6535,6,True
65890,Lia Williams,0.5772,5,True
17484,Dermot Crowley,0.2682,4,True
1236264,Liu Tao,7.4896,8,True
1376880,Pippa Bennett-Warner,0.3906,5,True
1252726,Roberta Taylor,0.2884,2,True
429541,Rufus Jones,0.1414,3,True
2998402,Cedric Joe,0.2581,2,True
179896,Jeff Bergman,0.2451,3,True
95257,Candi Milo,0.3392,4,True
2343024,Anthony Davis,0.2324,5,True
2343023,Damian Lillard,0.0261,5,True
1474779,Klay Thompson,0.0431,5,True
2343026,Nneka Ogwumike,0.0214,3,True
1238354,Diana Taurasi,0.0731,4,True
1031067,Sonequa Martin-Green,0.9017,8,True
215055,Steven Yeun,1.6493,8,True
1607522,Jovan Adepo,0.5226,5,True
1858808,Amanda Chiu,0.0293,1,True
1790320,Patricia Summersett,0.1772,2,True
216785,Eric Davis,0.1249,2,True
1272480,Raphael Grosz-Harvey,0.1967,1,True
4570,Emily Hampshire,0.5926,5,True
90465,Luis Oliva,0.1018,1,True
1883387,Stephanie Ng Wan,0.1801,1,True
68108,Chris Gartin,0.3253,3,True
1607523,Saniyya Sidney,0.2595,4,True
582892,Donna Biscoe,0.2665,2,True
77522,Frank Hoyt Taylor,0.3813,2,True
1734929,Lidya Jewett,1.6306,4,True
1546539,Karen Wheeling Reynolds,1.3314,4,True
1221085,Jessica Sula,0.7436,5,True
1657685,Izzie Coffey,0.3522,2,True
1739972,Ukee Washington,0.0964,1,True
4221353,Ann Wood,0.0143,1,True
1070313,Robert Michael Kelly,0.0986,1,True
130843,Rosemary Howard,1.914,6,True
4221354,Jerome Gallman,0.0143,1,True
45753,Lyne Renee,0.592,4,True
1680339,K.J. Apa,1.2771,7,True
87817,Pooch Hall,0.2327,4,True
175234,Nicole LaPlaca,0.3646,3,True
1368268,Michael Patric,0.6648,4,True
95195,Michael Bofshever,0.2271,2,True
125564,Felix Williamson,0.1353,1,True
230609,Fayssal Bazzi,0.3091,3,True
59119,Ewen Leslie,0.1837,1,True
36042,Rachel Ward,0.9624,5,True
230660,Shioli Kutsuna,1.8669,5,True
1843783,Nikolai Witschl,0.2308,1,True
1357969,Thayr Harris,0.132,1,True
2376517,Eliana Su'a,0.1884,1,True
1922821,Lori Pelenise Tuisano,0.4556,1,True
2441410,Joshua Mauga,0.053,1,True
1170011,Joe Anoaʻi,0.6245,5,True
1091324,Rob Delaney,0.6332,6,True
2132767,Alex King,0.0766,1,True
1674162,Jonathan Majors,1.0183,7,True
173964,Andrew Leeds,0.3642,1,True
1684536,Iain Armitage,2.4036,6,True
165899,Simon Cowell,0.6443,10,False
1465830,Harry Perry,0.095,1,True
1508313,Finn Cole,1.7426,5,True
1476901,Thue Ersted Rasmussen,0.4145,1,True
1562344,Cardi B,1.0567,10,False
1784612,Daniela Melchior,0.8012,5,True
123846,Debby Ryan,1.7471,7,True
2075179,Themo Melikidze,0.2299,1,True
1468779,Jimmy O. Yang,0.6026,6,True
1439612,Chris O'Shea,0.2627,1,True
1948133,Maizie Smith,0.0963,1,True
74135,Suehyla El-Attar Young,0.1381,1,True
2108918,Mea Allen,0.0,1,True
1661269,Cory Chapman,0.1137,1,True
1408810,Amy Fox,0.0453,1,True
49812,Kirsty Mitchell,0.3799,1,True
238130,Yuri Kolokolnikov,1.0545,1,True
116202,Barry Atsma,0.8136,5,True
191752,Georgie Glen,0.7678,5,True
1388999,Tine Joustra,0.1328,1,True
1220103,Rod Hallett,0.238,1,True
931434,Marko Mandić,1.273,1,True
1231115,Jordan Rodrigues,0.4901,1,True
1702762,Marielle Scott,0.8414,1,True
1061132,John Karna,0.3618,1,True
1402319,Bayne Gibby,0.1758,1,True
1239981,Marietta DePrima,0.3872,1,True
1364004,Tom Bateman,1.5405,5,True
1254614,Leslie Odom Jr.,0.3405,8,True
577645,Sergei Polunin,0.5998,5,True
238303,Tom Hanson,1.3031,1,True
62649,Russell Hornsby,0.7258,5,True
99407,Lesley Boone,0.1964,1,True
1725188,Christopher Mele,0.0843,1,True
1543874,Joe Fishel,0.3913,1,True
1704641,Bria Vinaite,0.336,5,True
1817811,Christopher Rivera,0.1461,1,True
1704642,Valeria Cotto,0.1901,1,True
1817814,Mela Murder,0.1931,1,True
1817815,Josie Olivo,0.2416,1,True
1496806,Aiden Malik,0.0894,1,True
1821978,Edward Pagan,0.0362,1,True
78885,Jim R. Coleman,0.2047,1,True
1817820,Patti Wiley,0.0256,1,True
1817817,Jasineia Ramos,0.0286,1,True
1817816,Rosa Medina Perez,0.0143,1,True
1821975,Krystal Nicole Watts,0.0143,1,True
1821983,Bronwyn Valley,0.0214,1,True
83816,John Henshaw,0.3824,1,True
2361912,Keith MacPherson,0.0256,1,True
1220111,Richard Cant,0.3508,1,True
1241206,Susy Kane,0.3301,1,True
208343,Josh Alexander,0.4593,1,True
2361913,Tapiwa Mugweni,0.0214,1,True
1914827,Kevin Millington,0.0357,1,True
2066,Toby Sedgwick,0.2521,1,True
2125931,Danny Scheinmann,1.3173,1,True
2891225,Landon Gordon,0.2234,1,True
178634,Alex Hassell,0.8482,1,True
1622084,Tony Espinosa,0.1117,1,True
1492582,Leith M. Burke,0.203,1,True
1449138,Lauren Burns,0.0764,1,True
1547148,Teo Briones,1.1269,1,True
1224342,James Jordan,0.4053,1,True
32652,Apesanahkwat,0.1486,1,True
1877667,Althea Sam,0.0457,1,True
1474894,Mason D. Davis,1.0255,1,True
1932304,Camila Morrone,0.4388,6,True
98804,Ronnie Gene Blevins,0.3959,1,True
210221,Ian Matthews,0.2613,1,True
1389916,Nathaly Thibault,0.1346,1,True
1497333,Christopher Tyson,0.4291,1,True
1739673,Scott Foxx,0.3824,1,True
1739669,Ryan Michael Busch,0.0338,1,True
1969039,Andres Segura,1.0132,1,True
932267,Olga Dihovichnaya,0.7888,1,True
1238461,Ariyon Bakare,0.2632,5,True
591302,Haruka Kuroda,0.1805,1,True
1752148,Camiel Warren-Taylor,0.0505,1,True
1373280,Alexandre Nguyen,0.5118,1,True
1771668,Hiu Woong-Sin,0.0951,1,True
38361,David Muir,0.1161,1,True
1829362,Allen McLean,0.0382,1,True
1829361,Jesus Del Orden,0.0817,1,True
1947602,Leila Grace,0.0286,1,True
2849300,Mari Gvelesiani,0.0286,1,True
63296,J.C. MacKenzie,0.7205,5,True
20301,Justin Kirk,0.5252,6,True
95643,Angela Gots,0.2971,4,True
87579,Natalie Krill,0.7044,5,True
2865177,Stephanie Herfield,0.0338,1,True
1467219,Joe Keery,2.0841,9,True
1842856,David Lafontaine,1.3997,1,True
1255053,Philippa Coulthard,0.5407,4,True
1836442,Tayler Buck,0.5017,4,True
156283,Mark Bramhall,0.1074,4,True
2421249,Jessie Giacomazzi,0.2016,1,True
1256070,Adam Bartley,0.1444,4,True
1607044,Paul W. Downs,0.5125,4,True
1102453,Ryan Cooper,0.4763,4,True
1456328,Patrick Carlyle,0.32,1,True
115128,Bo Burnham,0.3735,8,True
552252,Hasan Minhaj,0.4174,8,True
1550779,Cynthy Wu,0.3775,5,True
1389383,Medalion Rahimi,0.5243,5,True
1480597,Kian Lawley,0.2453,6,True
42706,Nicholas Lea,0.5191,5,True
1604285,Liv Hewson,0.6486,6,True
1818586,Chelsea Gill,0.0623,1,True
1710661,Liam Hall,0.3528,4,True
1353825,Alyssa Lynch,0.5269,5,True
1353827,Taylor Russell,1.4055,7,True
20577,Amira Casar,0.6381,5,True
935096,Esther Garrel,0.4638,4,True
1592949,Victoire du Bois,0.4337,4,True
1789600,Vanda Capriolo,0.3875,4,True
1789602,Antonio Rimoldi,0.2094,4,True
1526272,Elena Bucci,0.1953,4,True
1789603,Marco Sgrosso,0.0504,4,True
1666059,Addison Riecke,0.3754,5,True
1701694,Emma Howard,0.0848,4,True
2960347,Matt Story,0.1343,4,True
1927500,Joel Albin,0.0281,1,True
1189005,Killian Scott,1.1139,6,True
224731,Clara Lago,1.139,6,True
1770528,Ella-Rae Smith,0.8135,5,True
58785,Nila Aalia,0.169,4,True
1837297,Damson Idris,3.1554,7,True
16591,Stewart Arnott,0.0844,1,True
180937,Allegra Fulton,0.1457,4,True
54198,Morgan Kelly,0.4275,4,True
212010,Marvin Kaye,0.188,1,True
1444880,Sunny Suljic,0.7573,5,True
2084081,Herb Caillouet,0.0363,1,True
1854218,Barry G. Bernson,0.0416,1,True
1560348,Denise Dal Vera,0.2074,4,True
2906583,Drew Logan,0.0143,1,True
2476315,Ming Wang,0.1365,1,True
4279092,Michael Trester,0.0336,1,True
1548301,Farrah Mackenzie,0.9421,5,True
1726151,Koyu Rankin,0.0841,1,True
1714579,Kunichi Nomura,0.3343,4,True
1333696,Akira Takayama,0.1644,4,True
1310719,Nijiro Murakami,1.7435,5,True
19589,Mari Natsuki,1.1796,5,True
1691461,Elaiza Ikeda,1.7625,5,True
1175170,Marcin Kowalczyk,0.2754,4,True
1375195,Spencer Bogaert,0.374,5,True
169778,Mercedes de la Zerda,0.6628,4,True
93031,Ryan McPartlin,0.8512,5,True
205149,Carter MacIntyre,0.2042,4,True
86949,Aleksandr Dyachenko,0.8019,4,True
1363054,Cosmo Jarvis,1.4031,6,True
85511,Hristo Mitzkov,1.2834,4,True
26121,Nicholas Jones,0.2859,4,True
202047,Joe Armstrong,0.4597,5,True
1901375,Bronte Carmichael,1.2894,5,True
2948491,Kaylee Hottle,0.5505,4,True
46364,Shun Oguri,1.1401,6,True
1319469,Ronny Chieng,0.5174,7,True
1178193,John Pirruccello,0.4481,4,True
2545317,Conlan Casal,0.0256,1,True
1448516,Keean Johnson,0.5893,6,True
1563266,Jorge Lendeborg Jr.,0.4524,5,True
205849,Idara Victor,0.2819,5,True
1325691,Leonard Wu,0.2679,4,True
1569001,Jessie Ennis,0.3132,4,True
1759221,Heidi Gardner,0.5609,7,True
1890163,Chris Cavalier,0.2867,1,True
84407,Jim Gaffigan,0.4599,7,True
85757,Joe Jonas,0.4555,10,False
1238247,Chrissy Teigen,0.2733,10,False
1468612,Elijah Rodriguez,0.4814,5,True
1654003,Howard Ferguson Jr.,0.5783,4,True
1450392,David Castañeda,0.8512,6,True
1364080,Jacqueline Torres,0.2003,4,True
52745,Bruno Bichir,0.4133,5,True
2090179,Tenzin Marco-Taylor,0.0286,1,True
1707144,Asher Miles Fallica,0.2115,4,True
1707145,Lia Frankland,0.1721,4,True
123791,Elaine Tan,0.4408,4,True
1359352,Gameela Wright,0.1373,4,True
110911,Tattiawna Jones,0.3871,4,True
1883422,Stormy Ent,0.0858,1,True
1707143,Maddie Dixon-Poirier,0.0524,4,True
1707146,Bella Star Choy,0.0214,1,True
2324819,Dominic Good,0.0662,1,True
1294714,Joshua Pak,0.081,1,True
43905,Colleen Wheeler,0.3885,2,True
1602420,Em Haine,0.6609,3,True
1977048,Lujza Richter,0.7035,3,True
1836,Julia Davis,0.672,4,True
1502446,Julie Vollono,0.1108,1,True
2589959,Sue Clark,0.0071,1,True
1258612,Joan Brown,0.0286,1,True
1985982,Harriet Leitch,0.0862,1,True
2589961,Dinah Nicholson,0.0327,1,True
2589962,Julie Duck,0.0071,1,True
2589964,Maryanne Frost,0.0214,1,True
1759999,Nathanael Saleh,0.4168,2,True
1760000,Joel Dawson,0.2803,2,True
202775,Kobna Holdbrook-Smith,0.2565,2,True
1840063,Billy Barratt,2.059,5,True
1234382,Leon Cooke,2.6162,5,True
1704781,Madison Brydges,0.6862,3,True
1704786,Jacob Soley,0.1222,1,True
1704783,Anna Arden,0.0867,1,True
1704785,Miguel Anthony,0.0942,1,True
1470403,Jenny Raven,0.2224,2,True
1514065,Charlotte McKinney,0.5695,3,True
1586973,Lisa Codrington,0.0977,1,True
1689401,Candace B. Harris,0.3593,2,True
1360421,Brody Rose,0.3369,2,True
1765068,Cynthia Erivo,1.0704,6,True
592319,Molly Kunz,1.606,4,True
1681701,Nicole O'Neill,0.1143,1,True
1037348,Louis Hofmann,1.285,5,True
2271410,Ethan Slater,0.4679,3,True
3102321,Marissa Bode,0.3239,2,True
4824375,Courtney-Mae Briggs,0.0781,1,True
1564920,Bowen Yang,0.4744,3,True
1587577,Bronwyn James,1.0134,4,True
3636639,Aaron Teoh,0.0468,1,True
1239745,Sharon D. Clarke,0.2372,2,True
1637311,Demetrius Shipp Jr.,0.2367,2,True
76821,Jamal Woolard,1.6845,4,True
1538289,Dominic L. Santana,0.0789,1,True
209196,Annie Ilonzeh,0.7305,4,True
1364366,Grace Gibson,0.2306,2,True
1637315,DeSean Jackson,0.0214,1,True
1290580,Brandon Sauve,0.0538,1,True
1280398,Josh Ventura,0.3481,2,True
1637317,Azad Arnaud,0.0071,1,True
14470,Sean Baker,0.2129,2,True
89498,Harold 'House' Moore,0.0951,1,True
1637318,Khadija Copeland,0.0256,1,True
75074,Paul Chahidi,0.8687,3,True
1638600,Adrian McLoughlin,0.216,2,True
75066,Tom Brooke,0.5126,3,True
65448,Sylvestra Le Touzel,0.3782,2,True
44845,Elizabeth Ashley,0.8274,4,True
86132,Claire Holt,1.1926,5,True
10847,Santiago Segura,1.1511,5,True
1639308,Axel Mansella,0.0362,1,True
1255817,Glozell Green,0.0978,1,True
141892,Ruta Gedmintas,1.0626,4,True
130977,Joanne Froggatt,1.3407,5,True
1211881,Beth Goddard,0.5755,3,True
32266,Darren Evans,0.6499,3,True
53367,Ruth Sheen,1.578,4,True
150469,Nina Wadia,0.6292,3,True
1064289,Nadine Marshall,0.1887,2,True
78329,Lorraine Ashbourne,0.6909,3,True
2981,Akbar Kurtha,0.1348,1,True
1221004,Llewella Gideon,0.2128,2,True
1229332,Ivana Basic,0.1277,1,True
1214693,Rob Jarvis,0.2421,2,True
1096077,Tessa Ferrer,0.5277,3,True
1947163,Aleque Reid,0.2012,2,True
1879239,Pierce Pope,0.0686,1,True
1946407,Amanda Jaros,0.1778,1,True
1010135,John Bradley,0.9218,5,True
1440574,Charlie Plummer,0.8373,4,True
2225985,Kelly Yu,0.1751,1,True
3209967,Zayn Maloney,0.3678,2,True
3209971,Ava Weiss,1.417,4,True
3412752,Hazel Nugent,0.0143,1,True
2069639,Chris Sandiford,0.2003,2,True
2027576,Jonathan Maxwell Silver,0.0861,1,True
92748,Eme Ikwuakor,0.2851,2,True
29880,Maxim Roy,0.4143,2,True
2092551,Ryan Bommarito,0.2886,2,True
1575412,Father John Misty,0.0921,1,True
1711166,Nathan Davis Jr.,0.3232,2,True
1645036,Ramses Jimenez,0.11,1,True
2059929,Angela Sprinkle,0.13,1,True
116317,Lloyd Sherr,0.2011,2,True
47647,Christian Rubeck,0.2654,2,True
76556,Pål Sverre Hagen,0.6289,3,True
1576541,Tomiwa Edun,0.5684,3,True
1700995,Cassie Clare,0.5154,3,True
1473276,Cameron Jack,0.4595,3,True
1700998,Clara Read,0.2708,2,True
1803659,Kirsty Averton,0.5329,3,True
76920,Vegar Hoel,0.379,2,True
2135993,Madalin Dragan,0.0143,1,True
76919,Stig Frode Henriksen,0.2397,4,True
1434501,Daniel Berge Halvorsen,0.0731,1,True
1274210,Millie Davis,0.739,4,True
1668151,Bryce Gheisar,0.3161,4,True
1922192,Mark Dozlaw,0.1078,1,True
83948,Rukiya Bernard,0.5311,4,True
2324824,Jennifer March,0.0214,1,True
1668152,Elle McKinnon,1.049,5,True
1641955,Ty Consiglio,0.3055,1,True
1144353,Kyle Breitkopf,0.3927,1,True
1377458,Algee Smith,0.8528,7,True
77078,Malcolm David Kelley,0.4607,7,True
1581190,Joseph David-Jones,0.5792,4,True
1026889,Ephraim Sykes,0.1166,1,True
1517472,Peyton Alex Smith,0.4737,4,True
1344344,Storm Reid,0.7055,8,True
1704256,Deric McCabe,0.5323,1,True
2010204,Lyric Wilson,0.0286,1,True
2488176,Isaac Ordonez,1.1613,4,True
1181253,Hannah Pearl Utt,0.2448,4,True
1880197,Joseph Breen,0.0168,1,True
1727108,Angelica Amor,0.3951,4,True
1684473,Charlie Wright,0.2736,1,True
1862554,Dennis Atlas,0.0495,1,True
1351315,Malika Williams,0.0648,1,True
1375141,Luis Deveze,0.0486,1,True
1782180,Jay Speedy Weingarten,0.054,1,True
2389123,Martin Garcia,0.1053,1,True
1177838,Pete Holmes,0.269,7,True
2500422,Henry Lynch,0.0071,1,True
1254367,Bethany Anne Lind,0.3513,4,True
1548302,Blane Crockarell,0.0959,1,True
181247,Tyrone Benskin,0.1639,4,True
92263,Don Jordan,0.1116,1,True
1272539,Dorien Davies,0.044,1,True
135815,Drew Massey,0.1575,4,True
1219590,Mitch Silpa,0.9638,4,True
164208,Hemky Madera,0.4322,4,True
1470644,Benjamin Royer,0.067,1,True
1494168,Brekkan Spens,0.0214,1,True
4014735,Ryan Tran,0.0,1,True
87095,Hugo Armstrong,0.3269,4,True
1625680,DeRon Horton,0.3687,4,True
239107,Amari Cheatom,0.1404,1,True
1517017,Vince Cefalu,0.2488,1,True
79083,Tarina Pouncy,0.2113,1,True
1891446,Niles Fitch,0.1952,4,True
1098246,Jocelyn Ayanna,0.19,4,True
1395209,Eli Bildner,0.2612,4,True
1030995,Jessica Camacho,2.1311,7,True
2455272,Jayme Lawson,0.8629,7,True
2193208,Gil Perez-Abraham,0.2383,1,True
73283,Peter McDonald,0.4766,4,True
96279,Con O'Neill,1.0497,4,True
60416,Alex Ferns,0.73,4,True
1159680,Kosha Engler,0.137,1,True
3429744,Oscar Novak,1.6462,5,True
1797771,Shiva Negar,0.8728,4,True
1262750,Charlotte Vega,0.9708,4,True
1797772,Joost Janssen,0.1602,1,True
1889038,Christopher Bomford,0.0729,1,True
1090781,Tolga Safer,1.0389,4,True
1280060,Tilda Cobham-Hervey,0.486,7,True
1768799,Suhail Nayyar,0.4198,4,True
1439718,Amandeep Singh,2.1529,4,True
2345270,Manoj Mehra,0.0404,1,True
2345271,Dinesh Kumar,0.0214,1,True
2345273,Kapil Kumar Netra,0.0662,1,True
2345272,Amriptal Singh,0.0071,1,True
2778468,Mohammad Arafat Sarguroh,0.0,1,True
2125273,Adithi Kalkunte,0.1112,1,True
187470,Angus McLaren,0.6956,4,True
28748,Alex Pinder,0.073,1,True
1478135,Finn Scicluna-O'Prey,0.2119,4,True
1421699,Emm Wiseman,0.1256,4,True
2911015,Alana Fagan,0.0071,1,True
2911016,Rebecca Makar,0.0071,1,True
152548,Tyler Coppin,0.1236,4,True
2156496,Alice Chaston,0.1659,4,True
110425,Eamon Farren,0.6356,4,True
1939059,Adam Bowes,0.1024,1,True
2911017,Phoenix Suhrou-Diamond,0.0,1,True
1809782,Zenobia Shroff,0.3603,4,True
1093920,Aidy Bryant,0.2714,7,True
1059412,Kurt Braunohler,0.1449,5,True
1579806,Vella Lovell,0.2524,4,True
1667664,Ed Herbstman,0.1595,1,True
35794,Shenaz Treasury,0.074,4,True
1215805,Peter Cambor,0.2194,4,True
1683086,Morgan Alexandria,0.6436,4,True
1347284,Lauren Gros,0.3651,4,True
1735547,James Rackley,0.1711,1,True
1683088,Arielle Bowden,0.0071,1,True
1683090,Adam Drescher,0.2055,1,True
1683091,Bella Lotz,0.077,1,True
1683092,Cody Alan,0.0286,1,True
1683093,Terayle Hill,0.3097,1,True
160043,Travis Tritt,0.2229,7,True
1383546,Michael Garza,0.4195,4,True
1698185,Natalie Ganzhorn,0.2236,4,True
1783261,Austin Zajur,0.2343,2,True
2383617,Kathleen Pollard,0.1189,1,True
124354,Deborah Pollitt,0.112,1,True
80034,Victoria Fodor,0.2864,2,True
1181129,Marie Ward,0.7431,4,True
1903319,Troy James,0.5792,3,True
27589,Jackie Tohn,0.3538,2,True
100392,Mara Marini,0.3082,2,True
1684108,Danube R. Hermosillo,0.0955,1,True
55153,Fiona Loewi,0.2697,2,True
5009,Peter Benson,1.3218,5,True
173001,Marion Eisman,0.2506,2,True
1495605,Allison Riley,0.208,1,True
62913,Sage Brocklebank,0.2016,1,True
3159920,Valareen Friday,0.0143,1,True
179702,Bob Joles,0.2993,2,True
936669,Latifa Ouaou,0.8141,4,True
1292479,Deborah Ayorinde,1.7817,6,True
1375358,Ricky Wayne,0.3005,2,True
61663,Faith Evans,0.0783,1,True
1344361,"Kelvin Harrison, Jr.",0.5184,3,True
1752504,Griffin Robert Faulkner,0.1232,1,True
1375271,David Pendleton,0.0819,1,True
1828602,Mikey,0.0071,1,True
1423664,Chase Joliet,0.1841,1,True
1240398,Damien Molony,1.2897,5,True
82149,Conor MacNeill,0.4075,2,True
206161,Celyn Jones,0.44,2,True
1789950,Oliver Powell,0.2402,2,True
1599393,Tom Sweet,1.178,5,True
1255540,Allison Williams,1.5185,6,True
1488961,Lil Rel Howery,0.399,2,True
104344,Caren L. Larkey,0.0821,1,True
1069644,Julie Ann Doan,0.0921,1,True
1234823,Rutherford Cravens,0.1826,1,True
1027298,Geraldine Singer,0.373,2,True
429728,Quinn Shephard,0.6105,3,True
158396,Ken Tremblett,0.2661,2,True
1219536,Suleka Mathew,0.3047,2,True
188947,Jenn Griffin,0.184,1,True
1494865,Nicholas Coombe,0.4033,2,True
892734,Tiera Skovbye,0.8837,4,True
2582570,Norm Misura,0.0071,1,True
2582572,Austin Anozie,0.374,2,True
1689340,Alex Pangburn,0.0596,1,True
1579303,Guy Christie,0.1531,1,True
26069,Paul McGillion,0.2999,2,True
91405,Donny Lucas,0.2587,2,True
2582577,Jerome Yoo,0.0853,1,True
1363621,Didi Costine,0.7969,4,True
4451894,Connor Wise,0.0404,1,True
4451895,Daphne Wise,0.0214,1,True
4451896,Dylan Wise,0.0143,1,True
4451899,Kyle Tristan,0.0143,1,True
1664094,Hector Presedo,0.0701,1,True
83223,Donnie Keshawarz,0.2226,2,True
1545016,Bobby Nish,0.1112,1,True
62093,Sean Blakemore,0.1324,1,True
932028,Anne McDaniels,1.0089,5,True
1716493,Harris Dickinson,2.2612,7,True
101061,Judi Shekoni,0.2142,1,True
1399750,Kae Alexander,0.4245,2,True
2089968,Sara Sheen,0.0906,1,True
1816288,Ronkẹ Adékoluẹjo,0.2137,1,True
2089960,Ken Nwosu,0.4508,2,True
1240353,John Dagleish,0.1921,1,True
1264641,Evie Wray,1.302,5,True
1515478,Mena Massoud,0.4494,2,True
1804409,Jordan A. Nash,0.2569,2,True
2321764,Taliyah Blair,0.1589,1,True
2321766,Aubrey Lin,0.0466,1,True
2382759,Omari Bernard,0.0755,1,True
2382767,Nathaniel Ellul,0.0532,1,True
140575,Sebastien Torkia,0.5699,3,True
2321769,Buckso Dhillon-Woolley,0.0554,1,True
84292,John Oliver,0.4514,2,True
1828695,JD McCrary,0.1738,1,True
1915962,Shahadi Wright Joseph,0.3082,2,True
1731961,Ruairí O'Connor,1.8215,6,True
2485582,Sarah Catherine Hook,1.2131,5,True
2047847,Julian Hilliard,0.6517,3,True
175583,Charlene Amoia,0.8306,4,True
1431398,Vince Pisani,0.5572,3,True
2010776,Megan Ashley Brown,1.0252,5,True
2447483,Mitchell Hoog,0.5473,3,True
1629429,Rocci Williams,0.4563,2,True
2476284,Linda John-Pierre,0.0479,1,True
1926536,Jasmine Hyde,0.2101,1,True
59085,Ian Porter,0.1395,1,True
71084,Paul Higgins,0.4455,2,True
97417,Jonathan Harden,0.1622,1,True
1840373,Will Christopherson,0.0071,1,True
1511997,Andi Matichak,0.3805,2,True
1267684,James Jude Courtney,0.2333,2,True
14692,Nick Castle,0.8873,4,True
1495589,Rhian Rees,0.2914,2,True
109322,Jefferson Hall,0.5943,3,True
1039523,Dylan Arnold,0.8278,4,True
1157292,Miles Robbins,0.6672,3,True
1944274,Drew Scheid,0.6759,3,True
132,Scott MacDonald,0.3936,2,True
10964,Laz Alonso,0.6302,4,True
155,Lucas Black,1.7025,6,True
49271,Brian Geraghty,0.6309,4,True
150194,Damion Poitier,0.3684,3,True
107939,Jocko Sims,0.4431,4,True
352,Dennis Haysbert,0.9119,7,True
17697,John Krasinski,2.0756,8,True
95698,Kevin Foster,0.1836,2,True
1172840,Craig Coyne,0.0712,1,True
557545,Katherine Randolph,0.1071,2,True
8349,Martin Sheen,1.3448,9,True
3084,Marlon Brando,1.1007,10,True
8351,Frederic Forrest,0.3544,5,True
8354,Albert Hall,0.4243,3,True
2975,Laurence Fishburne,2.1154,9,True
8350,Sam Bottoms,0.4125,4,True
3087,Robert Duvall,1.6155,9,True
3173,G. D. Spradlin,0.4041,4,True
349,Scott Glenn,1.5922,8,True
1739,James Keane,0.1491,2,True
80874,Tom Mason,0.2263,2,True
550106,Cynthia Wood,1.2535,3,True
2778,Dennis Hopper,1.1542,9,True
13023,Colleen Camp,1.8344,6,True
103853,Marc Coppola,1.3878,3,True
190,Clint Eastwood,4.2796,10,True
193,Gene Hackman,1.7176,10,True
192,Morgan Freeman,6.3098,10,True
3710,Jaimz Woolvett,0.3156,4,True
194,Richard Harris,1.9583,8,True
3712,Saul Rubinek,0.665,5,True
3713,Frances Fisher,2.3703,7,True
3711,Anna Thomson,0.5373,4,True
3714,David Mucci,0.7272,3,True
2843,Rob Campbell,0.2892,3,True
3715,Anthony James,0.501,2,True
188960,Tara Frederick,0.6042,2,True
1055157,Beverley Elliott,0.2193,2,True
5481,Liisa Repo-Martell,0.3035,3,True
130935,Shane Meier,0.415,4,True
1748793,Aline Levasseur,0.0505,1,True
95638,John Pyper-Ferguson,1.032,6,True
58058,Lochlyn Munro,2.139,6,True
60433,Ben Cardinal,2.4366,5,True
198,Dan Castellaneta,0.9684,7,True
199,Julie Kavner,0.861,7,True
200,Nancy Cartwright,0.7044,7,True
5586,Yeardley Smith,0.6665,6,True
5587,Hank Azaria,1.1785,7,True
6008,Harry Shearer,0.6387,6,True
6009,Pamela Hayden,0.1769,5,True
34983,Tress MacNeille,0.6473,5,True
156910,Karl Wiedergott,0.3444,3,True
6036,Marcia Wallace,0.2295,5,True
6035,Russi Taylor,0.2885,5,True
6007,Maggie Roswell,0.121,4,True
95866,Billie Joe Armstrong,0.2354,8,True
95867,Mike Dirnt,0.1466,6,True
3266,Joe Mantegna,1.18,8,True
206,Jim Carrey,3.423,10,True
204,Kate Winslet,3.2641,10,True
205,Kirsten Dunst,1.8013,9,True
103,Mark Ruffalo,2.7532,9,True
109,Elijah Wood,2.7407,9,True
207,Tom Wilkinson,0.7794,8,True
209,Jane Adams,1.8141,6,True
212,David Cross,1.1355,7,True
77013,Deirdre O'Connell,0.5878,4,True
130840,Thomas Jay Ryan,0.1765,4,True
208,Ryan Whitney,0.0486,2,True
220,Lola Daehler,0.1536,2,True
211,Debbon Ayer,0.208,2,True
213,Gerry Robert Byrne,0.1645,2,True
214,Brian Price,0.055,2,True
216,Josh Flitter,0.4504,5,True
1640,Stellan Skarsgård,2.1636,8,True
2440,Bill Nighy,2.3103,8,True
2441,Tom Hollander,1.3579,7,True
2038,Naomie Harris,1.3891,8,True
2451,Alex Norton,0.5367,4,True
4030,Martin Klebba,0.5002,5,True
939,David Schofield,0.4163,5,True
1195758,Winston Ellis,1.9701,3,True
110,Viggo Mortensen,1.8948,9,True
49,Maria Bello,2.9018,8,True
228,Ed Harris,2.1331,9,True
227,William Hurt,1.1132,9,True
225,Ashton Holmes,0.4889,5,True
229,Peter MacNeill,0.3324,4,True
230,Stephen McHattie,1.0891,6,True
231,Greg Bryk,0.814,5,True
232,Kyle Schmid,0.4411,5,True
233,Sumela Kay,0.3813,3,True
234,Gerry Quigley,0.2569,3,True
235,Deborah Drakeford,0.136,2,True
226,Heidi Hayes,0.3034,4,True
237,Aidan Devine,0.3435,4,True
236,Bill MacDonald,0.2681,3,True
4364135,Michelle McCree,0.0071,1,True
60019,Lorri Bagley,0.2079,1,True
13636,Jane Krakowski,0.9398,8,True
1446460,P.J. Benjamin,0.1043,1,True
52419,Josh Hamilton,0.6883,4,True
5713,Chris Wedge,0.9276,5,True
59695,Denny Dillon,0.2809,4,True
15762,Tara Strong,1.4799,8,True
6065,Dennis Quaid,2.1269,10,True
6066,Dash Mihok,0.8155,4,True
6067,Jay O. Sanders,1.0723,4,True
6068,Sela Ward,1.2453,8,True
6069,Austin Nichols,0.9863,4,True
6070,Arjay Smith,0.4852,4,True
3134,Tamlyn Tomita,1.5223,8,True
6071,Sasha Roiz,0.846,4,True
5924,Richard McMillan,0.1316,1,True
6072,Nassim Sharara,0.0256,1,True
6073,Carl Alacchi,0.1399,1,True
6075,Michel 'Gish' Abou-Samah,0.0168,1,True
1216133,Rick Hoffman,1.2965,4,True
92623,Matt Adler,1.6583,4,True
56389,Steven Pasquale,0.2612,4,True
25869,Reiko Aylesworth,0.9109,4,True
51455,Johnny Lewis,0.5377,4,True
76414,Ariel Gade,0.3206,4,True
73454,Kristen Hager,0.835,4,True
131006,Sam Trammell,0.5289,4,True
19976,Robert Joy,0.587,4,True
33293,David Paetkau,0.3297,4,True
109870,Tom Woodruff Jr.,0.3868,4,True
70175,Chelah Horsdal,0.3772,4,True
202065,Meshach Peters,0.1239,1,True
210348,Matt Ward,0.274,4,True
1219546,David Hornsby,0.4069,4,True
152820,Chris William Martin,0.4025,4,True
6104,Julian Sands,0.8624,8,True
6105,Richard Lewis,0.6706,4,True
6106,Steven Weber,1.042,4,True
6107,Kim Adams,0.0813,1,True
6108,Emily Procter,1.0874,8,True
6109,Stuart Regen,0.0831,1,True
156411,Albert Henderson,0.1987,1,True
2103680,Shashi Bhatia,0.1874,1,True
10679,Carey Lowell,0.6121,4,True
164015,Anne Lange,0.2781,1,True
9284,Thomas Kopache,0.2335,4,True
67711,French Stewart,1.0855,4,True
6240,Mariska Hargitay,1.2209,10,True
6413,Danny Huston,2.7359,9,True
6161,Jennifer Connelly,3.8788,10,True
6162,Paul Bettany,3.331,10,True
6163,Adam Goldberg,1.0259,8,True
6164,Josh Lucas,1.1062,8,True
6165,Anthony Rapp,0.5195,4,True
6166,Jason Gray-Stanford,0.7514,4,True
6167,Judd Hirsch,0.6905,8,True
6169,Vivien Cardone,0.3111,4,True
6170,Jillie Simon,0.3428,1,True
6171,Victor Steinbach,0.1273,1,True
6172,Tanya Clarke,0.3105,4,True
6173,Thomas F. Walsh,0.0297,1,True
6193,Leonardo DiCaprio,4.0588,10,True
17772,Jesse Bradford,0.6836,4,True
6198,Vondie Curtis-Hall,0.644,4,True
6197,Brian Dennehy,1.4013,8,True
6199,Miriam Margolyes,0.8151,8,True
6195,Harold Perrineau,1.2996,8,True
94978,Christina Pickles,0.7331,4,True
22226,Paul Rudd,2.3656,10,True
7004,Paul Sorvino,0.9565,8,True
6200,Diane Venora,1.3818,4,True
6214,Edwina Moore,0.162,1,True
6212,Zak Orth,0.2609,4,True
231610,Parminder Nagra,1.0109,8,True
6217,Anupam Kher,0.6712,8,True
6218,Shaheen Khan,0.3022,4,True
128645,Archie Panjabi,1.4002,8,True
6238,Juliet Stevenson,0.8475,8,True
1248490,Shaznay Lewis,0.0656,4,True
6239,Ameet Chana,0.1239,4,True
1227682,Pooja Shah,0.1815,4,True
4801058,Paven Virk,0.0143,1,True
117795,Preeya Kalidas,0.0971,4,True
586334,Trey Farley,0.0143,1,True
1860023,Saraj Chaudhry,0.0297,1,True
1656145,Imran Ali,0.0168,1,True
3926,Albert Finney,0.8103,9,True
19838,Marg Helgenberger,1.47,8,True
1956,Cherry Jones,0.8842,8,True
26719,Veanne Cox,0.383,4,True
9979,Peter Coyote,0.8739,4,True
1214447,Michael Harney,0.5393,4,True
1219316,Scarlett Pomers,0.4111,4,True
20093,Scotty Leavenworth,0.6656,4,True
79073,Gina Gallego,0.3001,1,True
151263,T.J. Thyne,1.285,4,True
6321,Valente Rodriguez,0.3883,4,True
1248986,Erin Brockovich,0.2197,4,True
51930,Wade Williams,1.4911,4,True
4273,Charlotte Gainsbourg,1.5119,9,True
2019566,Jibrail Nantambu,0.1612,1,True
1820643,Michael Harrity,0.1259,1,True
1220123,Gwilym Lee,0.5246,6,True
1227888,Aaron McCusker,0.5482,5,True
208095,Ace Bhatti,0.2548,1,True
2167336,Priya Blackburn,0.2068,1,True
1428460,Max Bennett,0.1041,1,True
1862433,Dermot Murphy,0.6177,1,True
1309365,Dickie Beau,0.3634,1,True
1488960,Jermaine Fowler,0.7748,5,True
1436999,Kate Berlant,0.3341,5,True
1069833,Michael X. Sommers,0.1299,1,True
79416,Robert Longstreet,0.3618,1,True
1184280,Stephen Schneider,0.3701,1,True
1517834,Jason Ian Drucker,0.2503,5,True
1456287,Gracie Dzienny,0.4586,5,True
934136,Ricardo Hoyos,0.3082,1,True
1337544,Juliocesar Chavez,0.0709,1,True
1802079,Isaac Kragten,0.4707,1,True
1393826,T.J. McGibbon,0.5159,1,True
1737448,Poppy Gagnon,0.1641,1,True
1732723,Lydia Styslinger,0.2176,1,True
1590906,Heather Johansen,0.5685,1,True
1820506,Joe Gelchion,0.1953,1,True
2357412,Logan Kim,0.3609,1,True
1972881,Celeste O'Connor,0.741,1,True
3315549,Shawn Seward,0.1887,1,True
2682376,Billy Bryk,0.3177,1,True
1459885,Lily-Rose Depp,1.037,9,True
2324569,Emma Corrin,1.9389,7,True
3642574,Adéla Hesová,0.3812,1,True
3834146,Milena Konstantinova,0.1961,1,True
1673490,Stacy Thunes,0.3427,1,True
545294,Gregory Gudgeon,0.2644,1,True
31639,Claudiu Trandafir,0.1051,1,True
5114335,Gherghina Bereghianu,0.0902,1,True
1972476,Jayden Fowora-Knight,0.3554,5,True
1573387,Misty Copeland,0.1126,6,True
1083822,Gustavo Dudamel,0.6554,5,True
1494506,Breanne Hill,0.7636,1,True
78510,Urijah Faber,0.6001,5,True
2024612,Bruce Blackshear,0.0828,1,True
1785114,Jason Liles,0.1921,1,True
1714925,Jon Rudnitsky,0.1996,1,True
1475744,Lola Flanery,1.7697,5,True
1789640,Eden Grace Redfield,0.2383,1,True
457674,Jen Kirkman,0.1043,5,True
1359108,Hank Chen,0.1622,1,True
1898902,Alex Alcheh,0.0584,1,True
1712372,Jihae,0.3303,1,True
1681867,Leila George,1.5107,5,True
1628687,Regé-Jean Page,0.9554,8,True
1204264,Menik Gooneratne,0.3066,1,True
1753341,Frankie Adams,0.6898,5,True
2186683,Leifur Sigurdarson,0.1676,1,True
1267773,Kahn West,0.0352,1,True
1331950,Andrew Lees,0.5057,1,True
1181345,Jack Gore,0.3032,1,True
150932,Robert C. Kirk,0.0682,1,True
172017,Tommy Nohilly,0.3869,1,True
97188,Steve Schirripa,0.8567,6,True
1433539,Gregory Dann,0.0693,1,True
1907852,Michael Zegarski,0.0214,1,True
117379,Stephen Adly Guirgis,0.2138,1,True
1472182,Josh Latzer,0.1959,1,True
1855143,Brandon Sklenar,1.7697,5,True
2200140,Ari Elizabeth Johnson,0.0306,1,True
2200141,Teagan Johnson,0.1133,1,True
1117313,John David Washington,1.8779,8,True
71885,Barlow Jacobs,0.0802,1,True
2200151,Jennifer Joplin,0.0071,1,True
2677395,Lisa DeRoberts,0.0071,1,True
1630262,Carter Bratton,0.0431,1,True
3215729,Mike Dennis,0.0,1,True
218563,Jeffrey Thomas,0.7889,1,True
1970052,Grace Palmer,0.2892,1,True
2176646,Tami Ashcraft,0.0362,1,True
2176651,Siale Tunoka,0.1018,1,True
2176652,Kael Damlamian,0.1916,1,True
2176653,Lei-Ming Caine,0.0071,1,True
2176654,Apakuki Nalawa,0.0071,1,True
2176655,Tim Solomon,0.0071,1,True
109669,Fahim Fazli,0.2991,1,True
1367847,Austin Hébert,0.2791,1,True
1347947,Remy Hii,0.6585,5,True
2351636,Zach Barack,0.4123,1,True
1289287,Giada Benedetti,1.96,1,True
1473959,Melissa Bolona,0.472,1,True
989603,Christian Contreras,0.3653,1,True
2158768,Jimmy Walker,0.2591,1,True
1829784,Mark Basnight,0.0652,1,True
1525030,Erik Rondell,0.3098,1,True
1214974,Mark Rhino Smith,0.4116,1,True
1530151,Jamie Andrew Cutler,0.4255,1,True
1564581,Moyo Akandé,0.1048,1,True
1439492,James Barriscale,0.2439,1,True
1937945,Keith D. Evans,0.0214,1,True
1222596,Justin Hartley,0.9584,6,True
1704774,Cade Mansfield Cooksey,0.2455,1,True
1181303,Chloe Bennet,1.0871,7,True
1181320,Albert Tsai,0.2024,1,True
1280881,Tenzing Norgay Trainor,0.5267,1,True
1453790,Joseph Izzo,0.737,1,True
1874099,Michelle Wong,0.1809,1,True
1709787,Christine Lin,0.1673,1,True
2614311,Kym Miller,0.0143,1,True
2536400,Jason Ko,0.1362,1,True
82816,Trevor Devall,0.3016,3,True
1451088,Karen Huie,0.1516,1,True
109423,Vic Chao,0.1993,1,True
2185973,Toru Uchikado,0.0461,1,True
2656525,Hisato Masuyama,0.0256,1,True
552266,Toshiya Agata,0.0903,1,True
2632832,Michi Yamato,0.0362,1,True
1775867,Hiroshi Otaguro,0.119,1,True
126171,Michael Socha,0.5336,4,True
1446565,Brian Vernel,0.4793,1,True
1443861,Nicholas Asbury,0.1326,1,True
79560,Louisa Pili,0.6599,1,True
1470500,Antonio de la Cruz,0.2294,1,True
1871889,Andre Flynn,0.0966,1,True
1831361,Nikola Kent,0.0801,1,True
149466,Mark Phelan,0.135,1,True
2399171,Michael Adams,0.2555,1,True
1470511,Slavko Sobin,0.3324,1,True
1076809,Luka Peroš,1.0823,5,True
1144679,Veronica Quilligan,1.2993,1,True
1737298,Kirby Johnson,0.5278,1,True
1362742,J.P. Valenti,0.0877,1,True
145560,Larry Eudene,0.0517,1,True
1602952,Lexie Roth,0.5278,1,True
1674456,Mickey Gilmore,0.0311,1,True
1435747,Shawn Fitzgibbon,0.102,1,True
1481242,Jacob Ming-Trent,0.0768,1,True
1674440,Arthur Hiou,0.0913,1,True
1454086,Steven Weisz,0.0647,1,True
1737299,Kenneth Israel,0.2345,1,True
216147,Nick Thune,0.1664,4,True
1253353,Noah Centineo,2.376,7,True
2042690,Quintessa Swindell,0.711,6,True
1293978,Mo Amer,0.1661,1,True
2426321,Bodhi Sabongui,0.521,1,True
2430192,James Cusati-Moyer,0.2494,1,True
1925441,Jalon Christian,0.2178,1,True
1230371,Benjamin Patterson,0.3379,1,True
1639904,Odelya Halevi,0.3994,1,True
87165,Jennifer Holland,2.3662,6,True
1628383,Derek Russo,1.1354,1,True
36632,Juan Diego Botto,0.5768,4,True
1666061,Maya Le Clark,1.0769,1,True
1472584,Nell Tiger Free,0.9521,5,True
27396,Sônia Braga,0.7846,6,True
1260004,Tawfeek Barhom,0.6426,4,True
2264673,María Caballero,0.5601,1,True
4481145,Nicole Sorace,0.3398,1,True
2733504,Ishtar Currie Wilson,0.1825,1,True
1790754,Andrea Arcangeli,0.3351,1,True
3177854,Guido Quaglione,0.0071,1,True
1510167,Dora Romano,0.1298,1,True
1871397,Michelangelo Dalisi,0.0256,1,True
24624,Anton Alexander,0.0943,1,True
2907095,Mia McGovern Zaini,0.1113,1,True
3230319,Eugenia Delbue,0.0667,1,True
1803287,Geraldine Viswanathan,2.5615,8,True
1803286,Gideon Adlon,0.7186,5,True
1685831,Ramona Young,0.5893,4,True
1389727,Jimmy Bellinger,0.5884,1,True
1243142,Colton Dunn,0.5378,4,True
1224130,Sarayu Blue,0.6648,1,True
83105,Debra Wilson,1.1329,5,True
195666,Sharon Duncan-Brewster,0.6167,5,True
1622,Chang Chen,0.7557,6,True
205923,Babs Olusanmokun,1.1676,5,True
3185383,Benjamin Clémentine,0.0427,1,True
78797,Tom Jackson,0.3481,1,True
1829296,Nicholas Holmes,0.4427,1,True
77865,Benjamin Hollingsworth,0.9018,5,True
87575,Arnold Pinnock,0.3381,1,True
2202462,Micheál Richardson,0.6778,1,True
98661,Bradley Stryker,0.4258,4,True
1560344,Gus Halper,0.2746,1,True
60722,Nathaniel Arcand,1.0212,5,True
1997030,Halsey,0.2651,9,True
1240868,Chelsea Peretti,1.192,6,True
1700784,Mathilde Ollivier,0.9851,1,True
956764,Iain De Caestecker,0.423,5,True
515313,Dominic Applewhite,0.238,1,True
964792,Jacob Anderson,0.7509,6,True
2188351,Gianny Taufer,0.0429,1,True
221032,Patrick Brammall,0.3106,1,True
1597365,Joseph Quinn,3.4246,8,True
1190632,Hayley Carmichael,0.1885,1,True
1819397,Marc Rissmann,0.223,1,True
1783255,Richie Merritt,0.346,1,True
1201716,Bel Powley,0.7985,6,True
1335818,Taylour Paige,0.9403,6,True
1560246,Kyanna Simone Simpson,0.3493,1,True
1367896,Lawrence Adimora,0.1812,1,True
1746612,Brian 'Wolfman Black' Bowman,0.2774,1,True
1382396,Derrick Gilliam,1.2934,1,True
1255570,Julia Goldani Telles,0.4898,5,True
1856780,Alex Fitzalan,0.3463,1,True
2090166,Miguel Nascimento,0.057,1,True
180425,Jessica Blank,0.1069,4,True
1920010,Kayla Caulfield,0.0893,1,True
1371552,Jeffrey Corazzini,0.1502,4,True
1702790,Adrian M. Mompoint,0.1318,1,True
1468597,Taylor Richardson,0.5693,5,True
117656,Ingrid Bisu,0.8365,5,True
1393981,Sandra Teles,0.3237,4,True
1718652,Maria Obretin,0.1645,1,True
1257867,August Maturo,0.3464,5,True
2179484,Jack Falk,0.1404,1,True
1739891,Lynnette Gaza,0.2997,1,True
1274299,Ani Sava,0.4437,4,True
1912481,Boiangiu Alma,1.5652,1,True
1602964,Ruby Modine,1.2615,5,True
1476053,Charles Aitken,0.2056,4,True
1091423,Jimmy Gonzáles,0.6359,1,True
1651968,Jason Bayle,0.2562,4,True
1542831,Phi Vu,0.287,4,True
978608,Laura Clifton,1.0651,4,True
1407731,Cariella Smith,0.1052,1,True
1908148,Tran Tran,0.0542,1,True
1651966,Blaine Kern III,0.2446,4,True
1631710,Rebecca Root,0.6697,4,True
2120252,Zac Abbott,0.0071,1,True
1196688,Philip Rosch,0.3566,4,True
85177,Creed Bratton,0.4617,7,True
2120251,Lenuta Bala,0.0457,1,True
1321013,Jochen Hägele,0.0967,1,True
3485863,Eric Colvin,0.0722,1,True
109434,Huang Xiaoming,1.4481,6,True
139440,Tyron Woodley,0.1777,6,True
1388479,Tyler Jon Olson,0.3687,4,True
1795898,Shea Buckner,0.25,1,True
1042684,Lydia Hull,0.8019,4,True
158155,Ashley Cusato,0.223,1,True
2564318,Yifan Luo,0.0256,1,True
1664061,Rowan Bousaid,0.1137,1,True
1120699,Aja Naomi King,0.5005,7,True
1795607,Jahi Di'Allo Winston,0.4027,5,True
1289020,Genevieve Angelson,0.4667,4,True
108922,Suzanne Savoy,0.1748,4,True
1426634,Rachel Alana Handler,0.0662,1,True
1657687,Junnie Lopez,0.0563,1,True
213582,Pia Mechler,0.5321,4,True
1935642,Ursula Triplett,0.0214,1,True
1343821,Mark Kochanowicz,0.0481,1,True
1001946,Sydney Park,0.4226,6,True
1753911,Shannon Purser,0.2649,8,True
1753912,Mitchell Slaggert,0.3983,4,True
1753914,Josephine Langford,2.0298,8,True
1517252,Alice Lee,0.373,5,True
1850370,Alexander Nunez,0.1933,1,True
1704782,Daniela Barbosa,0.6224,5,True
1260782,Kevin Hanchard,0.4613,4,True
1575317,Raegan Revord,1.9397,7,True
1924823,Victor Sutton,0.0338,1,True
131498,Albert Chung,0.0952,1,True
1723995,Caleel Harris,0.2133,4,True
1668667,Peyton Wich,0.3105,4,True
2069051,Christian Finlayson,0.6418,1,True
1922874,Matthew J. Vasquez,0.0865,1,True
1783266,Courtney Lauren Cummings,0.1206,4,True
1690573,Jessi Goei,0.2431,4,True
1181564,Tyler Silva,0.1385,1,True
2134661,Sydney Bullock,0.2373,1,True
1694278,Y'lan Noel,0.2262,6,True
1568053,Lex Scott Davis,0.4829,5,True
1376875,Joivan Wade,0.1381,4,True
2081439,Mugga,0.2474,1,True
2081440,Kristen Solis,0.2347,1,True
2078725,Rotimi Paul,0.1093,1,True
2081441,Siya,0.255,1,True
3158215,Christian Robinson,0.1209,1,True
1123427,D.K. Bowser,0.0806,1,True
1485985,Fiona Rene,1.4999,5,True
1354657,Amanda Troop,0.1293,4,True
21676,Sharon Horgan,0.9166,6,True
999346,Kylie Bunbury,0.2859,6,True
1218266,Camille Chen,0.3104,5,True
1991236,Zerrick Williams,0.0596,1,True
1503929,R.F. Daley,0.149,1,True
1531459,Thea Trinidad,0.2709,4,True
1300637,Aqueela Zoll,0.5688,4,True
85068,James Burrows,0.2667,5,True
1766862,Hannah Rae,0.3342,4,True
1040469,Kim Matula,0.2826,5,True
151042,Paul Wight,0.6165,8,True
237740,Mike Mizanin,0.5831,7,True
2301682,Hannah Dodd,1.1918,6,True
1379407,Patrick Gibson,2.7451,5,True
1771746,Miya Cech,0.4202,4,True
1863231,Grace DeAmicis,0.0604,1,True
1370801,Faye Foley,0.0454,1,True
133302,Golden Brooks,0.642,5,True
1606352,McCarrie McCausland,0.1509,4,True
1863232,Logan Siu,0.0665,1,True
1205389,Ethan Alexander McGee,0.5732,1,True
134424,Charles Halford,0.4958,4,True
1366783,Gerry Nairn,0.0812,1,True
1608402,Alvina August,0.6061,4,True
2148783,London Morrison,0.0416,1,True
1000883,John Rue,0.2401,4,True
1055929,Rick Holmes,0.1137,1,True
17497,Romain Duris,0.7751,7,True
1235008,Andrew Buchan,0.5321,4,True
1947024,Giuseppe Bonifati,0.0363,1,True
125701,Nicolas Vaporidis,0.1283,4,True
1661620,Andrea Piedimonte Bodini,0.1146,1,True
549020,Guglielmo Favilla,0.1382,1,True
1926061,Adele Tirante,0.0429,1,True
1137823,Stacy Martin,1.3516,7,True
1947026,Maya Kelly,0.0787,1,True
148931,Alessandra Roca,1.4685,4,True
87663,Sverrir Gudnason,0.6548,4,True
1960997,Christopher Convery,0.3465,4,True
150802,Claes Bang,1.135,7,True
559207,Synnøve Macody Lund,1.409,4,True
1286537,Cameron Britton,0.5266,4,True
2167333,Andreja Pejić,0.3433,7,True
1725276,Beau Gadsdon,0.7476,4,True
1567434,Carlotta von Falkenhayn,0.5542,4,True
1350877,Thomas Wingrich,0.0775,1,True
40742,Andreas Tietz,0.1134,1,True
1453801,Rachel Bloom,0.4496,7,True
155488,Kelly Clarkson,0.5915,10,False
1708542,Anderson .Paak,0.1979,7,True
130151,George Clinton,0.144,7,True
1931804,J Balvin,0.2762,9,True
118372,Yara Shahidi,0.5253,8,True
1656032,Ely Henry,0.1177,1,True
1229762,Jonathan Mangum,0.1969,4,True
12223,Joel McCrary,0.3287,4,True
2072198,Noah Cottrell,0.7146,4,True
1609490,Hannah Quinlivan,1.1344,4,True
203639,Elfina Luk,0.5941,4,True
1900219,Gretal Montgomery,0.1258,1,True
2217977,Rachel Zegler,1.5815,8,True
1869968,Andrew Burnap,0.311,4,True
2914688,Andrew Barth Feldman,0.2945,4,True
1931568,George Salazar,0.1204,4,True
1653354,Andy Grotelueschen,0.1381,1,True
1264601,Ansu Kabia,0.4236,4,True
1436106,Patrick Page,0.2256,4,True
2864883,Emilia Faucher,0.5239,4,True
231674,Hadley Fraser,0.2982,4,True
1887484,Lorena Andrea,0.1285,4,True
1865618,George Appleby,0.2094,4,True
1735828,Halle Bailey,1.0678,8,True
1599391,Jonah Hauer-King,2.5698,7,True
517103,Noma Dumezweni,0.5411,4,True
2600509,Jessica Alexander,0.9751,4,True
195242,Martina Laird,0.2199,4,True
1534625,Emily Coates,0.2453,4,True
3284629,Matt Carver,0.3084,4,True
2223752,Simone Ashley,1.4444,8,True
2261088,Jon-Scott Clark,1.4454,4,True
1815539,Millicent Simmonds,1.0827,7,True
1924769,Cade Woodward,0.4098,4,True
105238,Chukwudi Iwuji,0.8303,4,True
2408703,Maria Bakalova,1.3209,8,True
1696434,Austin Freeman,0.141,1,True
85096,Stephen Blackehart,0.263,1,True
1134885,Omar Chaparro,1.4463,4,True
2300244,Alejandro De Mesa,0.2644,1,True
2251714,Max Fincham,0.0461,1,True
2300262,Edward Davis,0.6219,1,True
1555229,Diplo,0.7996,9,True
1789952,Harry Collett,0.7246,7,True
1498158,Jessie Buckley,3.4495,8,True
1636738,Katherine Langford,1.1219,8,True
1546282,Natasha Rothwell,0.7301,7,True
103388,Joey Pollari,0.3176,4,True
1784405,Clark Moore,0.1016,1,True
1939676,Drew Starkey,2.4914,8,True
1286617,Mackenzie Lintz,0.2882,4,True
1735583,Chantell D. Christopher,1.0074,4,True
956385,Meadow Williams,0.7589,4,True
968742,Kaiwi Lyman,0.2249,4,True
1610940,Lewis Tan,1.02,7,True
2511571,Marcus LaVoi,0.761,4,True
1512182,Cory Scott Allen,1.0048,4,True
136127,Alex Sharp,0.6694,4,True
222051,Ingrid Oliver,0.9522,4,True
1625156,Douggie McMeekin,0.4812,4,True
69476,Ashley McGuire,0.1887,4,True
42095,Casper Christensen,0.2372,5,True
2498630,Eloise Lovell Anderson,0.1102,4,True
1077056,Philip Desmeules,0.5125,4,True
2525030,Jarreau Antoine,0.0582,1,True
1832231,Celine Abrahams,0.1519,1,True
94137,Raffaello Degruttola,0.3723,1,True
1561268,Brandon Scott Jones,0.4172,4,True
192944,Tom Ellis,2.9394,9,True
1638417,Jay Oakerson,0.2848,5,True
1475128,Michelle Buteau,0.5164,7,True
2173200,Alex Kis,0.0357,1,True
1999206,Rao Rampilla,0.0701,1,True
1046872,Marcus Choi,0.1858,2,True
221161,Hugh Sheridan,0.3479,2,True
2218722,Shannon Destiny Ryan,0.1144,1,True
2048372,Diana Silvers,0.9818,4,True
2089211,Nina Wisner,0.3924,2,True
2089210,Kyli Zion,0.1957,2,True
1996069,Serge Didenko,0.105,1,True
1599705,Russell Posner,0.1454,1,True
1029593,Veronica Falcón,1.0166,4,True
1271600,Dani Rovira,0.2706,2,True
34018,Quim Gutiérrez,0.2854,2,True
1368512,Raphael Alejandro,0.9837,4,True
2383019,Simone Lockhart,0.1208,1,True
1223246,Pedro Lopez,0.1099,1,True
2055681,Sulem Calderon,0.1288,1,True
1504931,Sebastian Blunt,0.7804,3,True
33399,Bronagh Gallagher,0.6765,3,True
70961,Bernice Stegers,0.7264,3,True
1803376,Nicolo Pasetti,0.2785,2,True
1808590,Florence Keen,0.2434,2,True
1058078,Andy Gathergood,0.2897,2,True
1229030,Tom Owen,0.1306,1,True
2262875,Charlotte Butler,0.048,1,True
1384871,David Butler,0.4519,3,True
1967020,Rafael Sayegh,0.1234,1,True
2457675,Michael Richard,0.0264,1,True
1029033,Kenneth Fok,0.3188,2,True
1592803,Garion Dowds,0.0737,1,True
2457676,Edeen Bhugeloo,0.0773,1,True
2457677,Redd Pepper,0.0297,1,True
1956664,Ray Corasani,0.2602,2,True
1956663,Spencer Stone,0.8186,4,True
1861739,Anthony Sadler,0.2207,2,True
1956662,Alek Skarlatos,0.0541,1,True
1975195,William Jennings,0.0239,1,True
1975196,Paul-Mikél Williams,0.2409,2,True
87079,Jaleel White,0.4753,3,True
1265852,Alisa Allapach,0.2855,2,True
1521843,Jeanne Goursaud,1.4513,4,True
1912381,Xochitl Gomez,1.1417,5,True
1851642,Sheila Atim,0.2745,2,True
145208,E.J. Bonilla,0.9881,4,True
2423486,Victor Hugo,1.0767,4,True
1704672,David Shae,0.2647,2,True
1377050,Theodora Miranne,0.1643,1,True
2515093,Diego Adonye,0.0923,1,True
2515095,Lilla Banak,0.0362,1,True
2515096,Igor Szasz,0.0988,1,True
2515098,Alexa GyÖrgy,0.045,1,True
90534,Al Madrigal,0.2313,2,True
1080862,Anne Winters,0.868,4,True
1662651,Yvonne Orji,0.2245,2,True
1714155,Jeff Rose,0.9386,4,True
1382836,William Tokarsky,1.142,4,True
1548297,Hannah Nordberg,1.5186,4,True
1966451,Payton Lepinski,0.5557,3,True
90263,Fernando Luján,0.2477,2,True
1309844,Mariana Treviño,0.6833,3,True
970623,Adrián Uribe,0.0843,1,True
1953657,Celeste Ziegler,1.1566,4,True
2515638,Melody Nosipho Niemann,0.2147,2,True
221843,Shannon Chan-Kent,0.5408,3,True
172809,Brad Kelly,0.1907,2,True
1098962,Dove Cameron,2.0263,7,True
1762563,JoJo Siwa,0.4079,6,True
1653291,Gaten Matarazzo,1.5494,6,True
1627501,Lolly Adefope,0.3225,2,True
1308934,Dustin Demri-Burns,0.5789,3,True
1759677,Mirjam Novak,0.164,1,True
1165008,Kev Adams,0.3257,2,True
192870,Carolyn Pickles,0.6269,3,True
1807132,Henry Golding,1.5488,5,True
86633,Lisa Lu,0.3002,2,True
1465297,Nico Santos,0.3557,2,True
564035,Jing Lusi,0.6337,3,True
1173291,Carmen Soo,0.2827,2,True
2073126,Maxwell Ross,0.0567,1,True
2004114,Brayden Benson,0.068,1,True
1407446,Jaren Lewison,0.5439,3,True
2004111,Braxton Bjerken,0.423,3,True
1408805,Kevin Tyler Moody,0.0363,1,True
2004113,Tyler Crumley,0.1318,1,True
1780991,Elijah Marcano,0.2863,2,True
1535218,Sasha Lane,0.7414,4,True
1146114,Penelope Mitchell,0.7438,4,True
1345950,Mark Stanley,0.6173,3,True
1180134,Mario de la Rosa,0.2564,2,True
212236,Manal El-Feitury,1.9265,4,True
16628,Martin Compston,0.7732,4,True
1100144,Ismael Cruz Cordova,0.8491,4,True
1256215,James McArdle,0.4437,3,True
1757993,Guy Rhys,0.0726,1,True
2244031,Thom Petty,0.0289,1,True
1903400,Izuka Hoyle,0.4591,3,True
18702,Mark Dacascos,1.77,5,True
1776040,Asia Kate Dillon,0.4329,3,True
1447869,Margaret Daly,0.3624,2,True
2311142,Unity Phelan,0.0768,1,True
1379749,Cecep Arif Rahman,2.318,5,True
1437582,Alexa Davies,0.2925,2,True
1794448,Jessica Keenan Wynn,0.2115,5,True
1945738,Josh Dylan,0.8478,5,True
1276842,Hirona Yamazaki,0.375,4,True
585494,Jannik Schümann,0.7012,5,True
1045953,Nanda Costa,0.1158,4,True
1373437,Nic Rasenti,0.7678,4,True
1503832,Paul Hampshire,0.1849,1,True
2387571,Schelaine Bennett,0.0703,1,True
181269,Bart Fouche,0.1515,1,True
937009,Juan Pablo Raba,0.5312,5,True
212689,Jeff Hephner,0.5802,4,True
1354957,Johnny Ortiz,0.917,5,True
1397003,Michael Reventar,0.1324,1,True
2201802,Evan Alex,0.182,4,True
1425924,Anna Diop,0.6827,7,True
1226497,Cali Sheldon,0.3487,4,True
1226500,Noelle Sheldon,0.4007,4,True
2097218,Madison Curry,0.1523,1,True
2775473,Ashley McKoy,0.0168,1,True
1192163,Napiera Groves,0.0991,4,True
2263639,Lon Gowan,0.0761,1,True
4884457,Alan Frazier,0.0239,1,True
1605467,Duke Nicholson,0.8877,1,True
2092879,Ella Balinska,0.9131,6,True
936254,Luis Gerardo Méndez,0.5519,6,True
1327315,David Schütter,0.3694,4,True
1045526,Hannah Hoekstra,0.7078,4,True
1828013,Jane Chirwa,0.217,1,True
2529299,Emre Kentmenoğlu,0.2405,5,True
1136940,Lili Reinhart,1.0649,9,True
1753375,Serenity Reign Brown,0.1079,1,True
3200940,Nicholas Gist,0.0286,1,True
2597715,Nova Reed,0.0579,1,True
1515230,Violett Beane,1.4166,6,True
138558,Landon Liboiron,0.3634,6,True
1719587,Morgan Lindholm,0.894,4,True
1690685,Ezmie Garcia,0.1144,1,True
134179,Brady Smith,0.3969,1,True
200109,Tom Choi,0.6033,4,True
1972670,Vera Taylor,0.0256,1,True
1324591,Lily Gao,0.4719,4,True
74678,Chad Rook,0.7047,4,True
2551945,Marina Mazepa,0.1796,5,True
1475771,Nathan Dales,0.4995,4,True
1451899,Josh Cruddas,0.6593,4,True
1009311,Pat Thornton,0.1534,4,True
3207347,Holly de Barros,0.1801,1,True
1470351,Janet Porter,0.2976,4,True
1838800,Lily Gail Reid,0.1241,1,True
1358974,Max Huang,0.5456,4,True
2388882,Sisi Stringer,0.3876,4,True
2881089,Daniel Nelson,0.1807,1,True
2481704,Matilda Kimber,0.1517,4,True
2637828,Melanie Jarnson,1.099,4,True
509193,Rory Scovel,0.3354,6,True
27964,Lauren Hutton,0.6755,6,True
1395348,Sasheer Zamata,0.296,7,True
1746933,Angela Davis,0.1149,1,True
1920000,Caroline Day,0.6823,4,True
2073895,Anastagia Pierre Friel,0.0928,1,True
1440709,Gia Crovatin,0.457,4,True
56367,Naomi Campbell,0.536,10,False
1633770,Zack Gottsagen,0.2311,5,True
1391409,Yelawolf,0.0454,6,True
79027,Aurelian Smith Jr.,0.3487,1,True
77763,Mick Foley,0.3623,7,True
2909921,Ann Owens,0.0,1,True
5068059,Rob Thomas,0.0,8,True
2232661,Jonathan D. Williams,0.0888,1,True
1367293,Déjá Dee,0.2582,1,True
47933,Adam James,0.4426,4,True
2620146,Noah Spiers,0.0978,1,True
1792457,Kendra Mei,0.0996,1,True
2620147,Alfie Kennedy,0.0214,1,True
2620148,Jasmine Brightmore,0.0264,1,True
3363236,George Turner,0.0256,1,True
2620149,Rua Robertson,0.0143,1,True
87932,Renée Elise Goldsberry,0.7063,8,True
2010434,Vanessa Anne Williams,0.1455,1,True
1181570,Ricky Muse,0.3981,4,True
2184808,De'Jon Watts,0.109,1,True
1188389,Aaron Beelner,0.5471,4,True
2184810,Joshua Phillips,0.0143,1,True
1840346,Christian Calloway,0.0973,1,True
159386,Kristoffer Polaha,0.6787,5,True
206485,Ravi Patel,0.4497,5,True
24627,Oliver Cotton,0.2779,4,True
2378424,Lucian Perez,0.2284,1,True
96895,Stuart Milligan,0.4607,4,True
74366,Nancy Sorel,0.3779,4,True
181341,Tara Westwood,0.4233,4,True
2154533,Stephanie Sy,0.5062,4,True
1106200,Bradley Sawatzky,0.7811,4,True
2154534,Robin Ruel,0.0398,1,True
64478,Ernesto Griffith,0.1496,1,True
2154535,Robert Kostyra,0.0143,1,True
1427480,Jeni Ross,1.0817,4,True
3549485,Rory McDonald,0.1259,1,True
1183993,Katie Douglas,1.3861,5,True
1730687,Ian Alexander,0.5729,5,True
1753913,Sean Jones,0.0735,1,True
1846992,Nicole Law,0.132,1,True
1603053,Karena Evans,0.2295,1,True
2137833,Hannah Alissa Richardson,0.0286,1,True
1884703,KiKi Layne,1.012,7,True
2085303,Ebony Obsidian,0.2658,1,True
2133996,Dominique Thorne,0.9095,7,True
2008597,Ethan Barrett,0.3293,1,True
1324443,Mike Moh,0.3557,4,True
8395,Luke Perry,0.735,9,True
29095,Nicholas Hammond,0.7734,7,True
1216579,Samantha Robinson,0.4266,4,True
1640439,Mikey Madison,1.8508,7,True
1903874,Maya Hawke,1.7049,8,True
2117434,Victoria Pedretti,1.6623,8,True
115440,Sydney Sweeney,9.1973,10,True
71374,Christian Friedel,0.4427,4,True
7152,Sandra Hüller,0.9691,7,True
4072267,Johann Karthaus,0.1161,1,True
4452138,Luis Noah Witte,0.0648,1,True
4072269,Nele Ahrensmeier,0.1053,1,True
4072268,Lilli Falk,0.2405,1,True
4452146,Anastazja Drobniak,0.1058,1,True
4452147,Cecylia Pekala,0.0728,1,True
4452144,Kalman Wilson,0.0387,1,True
4072265,Medusa Knopf,0.051,1,True
1546090,Maximilian Beck,0.1988,1,True
2154749,Andrey Isaev,0.0684,1,True
4547446,Julia Babiarz,0.0214,1,True
1824177,Stephanie Petrowitz,0.0327,1,True
4452145,Martyna Poznanski,0.0143,1,True
4452137,Zuzanna Kobiela,0.0261,1,True
1033252,Aimee Mullins,0.4487,4,True
1890500,Sarah Stiles,0.2253,4,True
940418,Marc Kudisch,0.1375,4,True
1660946,Colin Woodell,1.2159,4,True
2988939,Lynda Mauze,0.0071,1,True
1838225,Zach Cherry,0.7833,7,True
1973524,Polly McKie,0.0,1,True
557579,Raúl Castillo,0.5759,4,True
1973525,Michael Mihm,0.0966,1,True
204046,Robert Kelly,0.2937,4,True
1152083,Sabrina Carpenter,3.4661,9,True
1972832,TJ Wright,0.1711,1,True
1676520,Dominique Fishback,0.5258,7,True
1519711,Megan Lawless,0.1368,1,True
114850,Tony Vaughn,0.2626,4,True
935721,Karan Kendrick,0.8419,1,True
59227,Susan Santiago,0.206,4,True
2371446,Julia Fox,0.8189,7,True
1177652,Kevin Garnett,0.1962,7,True
10866,Eric Bogosian,1.0908,7,True
2410045,Keith William Richards,0.1287,1,True
1315479,Mike Francesa,0.1168,1,True
2371447,Jonathan Aranbayev,0.0639,1,True
2371449,Noa Fisher,0.2165,4,True
1549008,The Weeknd,0.7302,10,False
2487790,Mesfin Lamengo,0.0071,1,True
2487791,Sun Zhi Hua-Hilton,0.0239,1,True
2487795,Liang Wei-Hui-Duncan,0.0363,1,True
2487798,Deneke Muhugeta,0.0311,1,True
1237603,Isaiah Mustafa,0.4711,7,True
223901,Jay Ryan,0.9554,7,True
129985,Teach Grant,0.2883,4,True
113916,Scott Menville,0.738,7,True
65640,Khary Payton,0.9106,7,True
113919,Hynden Walch,0.483,7,True
2093171,Kal-El Cage,0.0651,1,True
1240641,Greg Davies,0.6683,7,True
225377,Griffin Newman,0.2179,5,True
1217980,Jonathan Hogan,0.0939,1,True
1010799,Taylor Black,0.3447,1,True
101336,Kathryn Leigh Scott,0.2909,4,True
2439980,Ben Warheit,0.0811,1,True
1416396,Leigh Gill,0.3968,4,True
2504601,Rocco Luna,0.0261,1,True
171297,Sondra James,0.2662,4,True
155547,Murphy Guyer,0.099,4,True
1765331,Dante Pereira-Olson,0.3903,4,True
1049916,Hannah Gross,1.0403,4,True
2216009,Shaun McKee,0.0552,1,True
2357141,Peter York,0.0261,1,True
3339502,Alexander Shaw,0.1102,1,True
3335483,Bevan Viljoen,0.0281,1,True
229961,Shaun Scott,0.1721,1,True
1503916,Andrew Bridgmont,0.4927,1,True
2075485,Laurent Bourgeois,0.1367,1,True
2075486,Larry Bourgeois,0.1484,1,True
1852611,Mandeiya Flory,0.1063,1,True
1663471,Annie Burkin,0.0747,1,True
179543,Inny Clemons,0.0583,1,True
1931204,Corinne Foxx,0.3697,4,True
1213395,Brianne Tju,0.4924,4,True
2192533,Sistine Rose Stallone,0.3821,4,True
1469128,Brec Bassinger,1.0295,7,True
1423676,Davi Santos,0.8385,4,True
1951452,Roman Christou,0.2567,4,True
1538713,Marisol Ramirez,0.542,4,True
1951453,Oliver Alexander,0.8117,4,True
1901967,Aiden Lewandowski,0.1244,1,True
1005920,Irene Keng,0.3119,4,True
2784363,DeLaRosa Rivera,0.1082,1,True
1448937,Sophia Santi,0.2641,4,True
2784365,Jethan Camarena,0.0143,1,True
2784367,Fontana Sim,0.0143,1,True
2188578,Robbie Johns,0.1761,1,True
2188579,Patrice Harris,0.0193,1,True
2188580,Benjamin Vaynshelboym,0.0338,1,True
1653370,Amanda Cerny,1.0862,7,True
2092967,Chelsea Frei,1.1863,5,True
2477008,Raven Scott,0.098,1,True
589182,Wes Brown,0.9906,5,True
1197122,Cara Gee,0.7178,5,True
1516951,Stephanie Czajkowski,0.3274,4,True
950197,Adam Fergus,0.1711,4,True
202930,Anthony Molinari,1.0476,4,True
2309874,Kylie Cantrall,0.946,6,True
1634120,Ricardo Hurtado,0.3754,4,True
1540601,Thomas Barbusca,1.0852,5,True
33404,Ruby Wax,0.1871,6,True
1373681,Ava Morse,0.2375,4,True
1819750,Krupa Pattani,0.2099,5,True
1349908,Megan Maczko,0.7726,4,True
2396546,Madelyn Grace,0.3144,5,True
2223768,Adam Young,1.4659,5,True
1523242,Bobby Schofield,0.3851,5,True
20279,Fiona O'Shaughnessy,0.5284,4,True
2041321,Stephanie Arcila,0.9297,4,True
2812421,Diaana Babnicova,0.1746,4,True
4722744,Sofija Stojanovic,0.0071,1,True
4722746,Miodrag Cvetkovic,0.0071,1,True
4722748,Ibrahim Ishaq,0.0,1,True
2399168,Eydel Francisco Balbuena,0.0311,1,True
1263960,Ron Rogell,0.0168,1,True
1309781,Kelly McCormack,1.3591,5,True
2123596,Ian Ho,0.4438,4,True
1914365,Joshua Satine,0.1389,4,True
2123597,Paul Jurewicz,0.2366,1,True
1351508,Roger Dunn,0.1755,1,True
2196385,Jason Oliveira,0.0922,1,True
1234713,Melissa O'Neil,3.0942,6,True
1411561,Sasha Luss,0.7232,6,True
2286738,Lera Abova,0.8696,5,True
1631759,Alexander Petrov,0.4013,4,True
1787157,Nikita Pavlenko,0.2592,4,True
2192362,Anna Krippa,0.2531,4,True
932525,Aleksey Maslodudov,0.9963,4,True
35116,Ivan Franěk,0.2075,4,True
1105577,Jean-Baptiste Puech,0.0834,1,True
588079,Adrian Can,0.0728,1,True
587184,Alison Wheeler,0.8682,4,True
1367831,Jan Oliver Schroeder,0.1528,4,True
2547617,Jordan Preston Carter,0.2433,1,True
2240797,Nyah Marie Johnson,0.0429,1,True
1224390,Matt Lauria,0.8413,5,True
2547618,Joey Mekyten,0.0659,1,True
211492,Robbie Jones,0.339,4,True
2240796,Aaron Dominguez,0.4504,4,True
1684130,Shane Paul McGhie,0.2892,4,True
1837786,Phoebe Robinson,0.1237,6,True
1573273,Chris Witaske,0.4419,4,True
1692846,Dawn Halfkenny,1.4502,4,True
82857,Jasper Pääkkönen,0.5366,5,True
1181353,Ryan Eggold,1.4428,6,True
18287,Ken Garito,0.1633,4,True
143017,Frederick Weller,0.5748,5,True
54883,Michael Buscemi,0.7876,5,True
1375796,Emily Robinson,0.3166,4,True
1614459,Jake Ryan,0.4121,4,True
1375795,Daniel Zolghadri,0.2861,4,True
2099497,Fred Hechinger,1.2613,6,True
2102052,Imani Lewis,0.4138,4,True
1939779,Luke Prael,0.3472,4,True
1939778,Catherine Oliviere,0.1059,4,True
2102053,Nora Mullins,0.0286,1,True
2211577,Gerald Jones,0.1633,1,True
51384,Missy Yager,0.3259,4,True
2102056,Shacha Temirov,0.0261,1,True
226780,Greg Crowe,0.0389,1,True
2102060,Thomas J O'Reilly,0.0143,1,True
1993734,Michelle La,0.1685,4,True
2125528,Joseph Lee,0.24,1,True
1440699,Sara Sohn,0.346,4,True
2175877,Briana McLean,0.0947,1,True
2175878,Erica Jenkins,0.0798,1,True
2175876,Connor McRaith,0.087,1,True
161891,Dominic Hoffman,0.2492,4,True
77597,Ric Sarabia,0.3107,4,True
1581100,Steven Michael Eich,0.1222,1,True
92525,Melissa Disney,0.1469,4,True
1430509,Ben Cain,0.1371,4,True
1794770,Alex Jayne Go,0.1019,4,True
2135940,Megan Liu,0.1203,4,True
299743,Sebastian Maniscalco,0.5777,7,True
1613744,Dimiter D. Marinov,0.3013,4,True
130532,Mike Hatton,1.2706,4,True
2256709,Maggie Nixon,0.4592,4,True
2256705,Von Lewis,0.0552,1,True
2949700,Jon Sortland,0.0143,1,True
77585,Anthony Mangano,0.2074,4,True
78335,Paul Sloan,0.6547,1,True
2949703,Seth Hurwitz,0.0878,1,True
931219,Jon Michael Davis,1.3291,5,True
1266313,Royce Pierreson,0.6594,5,True
2021992,Darci Shaw,0.3471,1,True
1668004,Bella Ramsey,2.9553,8,True
2368172,Lewin Lloyd,0.2767,1,True
1499268,Tom Durant-Pritchard,0.4338,1,True
37985,Adrian Lukis,0.5767,1,True
969460,Gemma-Leah Devereux,0.1194,1,True
1303090,Allyn Rachel,0.2913,1,True
220088,Tig Notaro,0.359,6,True
2000657,Julianna Gamiz,0.1267,1,True
1238012,Tom Segura,0.3259,6,True
1334569,Britt Rentschler,0.3112,1,True
1024312,Jody Thompson,0.3014,1,True
96316,Iliza Shlesinger,0.6379,6,True
3655420,Kyle Hixon,0.1832,1,True
1945374,Will Irvine,0.1988,1,True
567086,Bryan Larkin,0.5445,1,True
1776226,Sarah Amankwah,0.1096,1,True
1665357,Colin Carnegie,0.6221,1,True
2631971,Georgia Landers,0.0887,1,True
2363516,Claude Starling,2.3005,1,True
3232669,Jude Hill,1.7467,5,True
1259880,Lior Raz,0.6168,5,True
82097,Ohad Knoller,0.1824,1,True
44639,Torben Liebrecht,0.2923,1,True
1150468,Pêpê Rapazote,0.3504,1,True
1489575,Rita Pauls,0.1944,1,True
1944266,Greg Hill,0.4233,1,True
1945702,Milly Shapiro,0.3171,1,True
1969994,Mallory Bechtel,0.337,1,True
1969995,Brock McKinney,0.1391,1,True
2064805,Jake Brown,0.1042,1,True
1853997,Morgan Lund,0.1354,1,True
146333,Christy Summerhays,0.1594,1,True
1184606,Bus Riley,0.1328,1,True
1906738,Heidi Mendez,0.1776,1,True
1969996,Zachary Arthur,0.0281,1,True
2154796,Moises L. Tovar,0.0631,1,True
2175867,Ella Jay Basco,0.5816,5,True
1237876,David Ury,0.2646,1,True
2065065,Sara Montez,0.1139,1,True
2816059,Izabel Pakzad,0.1778,1,True
2816062,Kc Strubbe,0.0168,1,True
2816064,Jacky Shu,0.0239,1,True
1903040,Paloma Esparza Rabinov,0.2425,1,True
1633357,Derek Wilson,0.457,1,True
2219088,Anna Mikami,1.5251,1,True
2131391,Violet McGraw,1.904,5,True
113970,O-T Fagbenle,0.3644,5,True
2072566,Ryan Kiera Armstrong,0.9639,5,True
2475107,Liani Samuel,0.0734,1,True
1309110,Nanna Blondell,0.4982,1,True
1187068,Charlbi Dean,0.2145,5,True
1513304,Dolly de Leon,0.51,5,True
84241,Vicki Berlin,0.1844,1,True
225636,Henrik Dorsin,0.3486,1,True
559648,Jean-Christophe Folly,2.0611,1,True
37411,Sunnyi Melles,0.2385,1,True
3583371,Thobias Thorwid,0.0741,1,True
3583373,Jiannis Moustos,0.0362,1,True
3548416,Timoleon Gketsos,0.0453,1,True
3548418,Alicia Eriksson,0.2645,1,True
1826682,Jeffrey Wahlberg,1.5982,1,True
1109111,Madeleine Madden,0.5293,1,True
2110964,Madelyn Miranda,0.2335,1,True
1836114,Malachi Barton,17.884,6,True
1212778,Sasha Toro,1.6142,5,True
1212777,Marc Weiner,0.1464,1,True
1634567,Joey Vieira,0.096,1,True
1409806,Pia Miller,0.2542,1,True
272408,Damien Garvey,0.9449,1,True
1474123,Caleb McLaughlin,1.2733,7,True
82606,Melanie Vallejo,0.3982,1,True
61635,Linda Cropper,0.3053,1,True
75745,Simon Maiden,0.2467,1,True
2108336,Steve Danielsen,0.0687,1,True
1255064,Richard Cawthorne,0.1295,1,True
1742313,Abby Craden,0.0647,1,True
1208321,Richard Anastasios,0.6287,1,True
1466396,Kenny Low,0.0311,1,True
2634981,Emily Havea,0.9198,1,True
1525897,Ming-Zhu Hii,0.3379,5,True
2872776,Stephanie Demkiw,0.0261,1,True
441784,Clayton Jacobson,2.0305,1,True
2118623,Kyliegh Curran,0.2925,1,True
1853396,Selena Anduze,0.2451,1,True
2338121,Met Clark,0.0327,1,True
1875003,Zackary Momoh,0.5572,1,True
2454319,Dakota Hickman,0.0641,1,True
1748239,Deadra Moore,1.4351,1,True
155228,Susan Kelechi Watson,0.6013,5,True
2220239,Carmen Cusack,0.1689,1,True
1367292,Kelley Davis,0.1272,1,True
77133,Christine Lahti,0.8339,6,True
1935542,Daniel Krell,0.0607,1,True
2716285,Jon L Peacock,0.0214,1,True
1451392,Gretchen Koerner,0.3961,1,True
110799,Rino Romano,0.3307,2,True
94820,Jessica DiCicco,0.3113,2,True
3976319,Juliet Jelenic,0.0671,1,True
1355176,McKaley Miller,0.6364,3,True
1453680,Corey Fogelmanis,9.3859,6,True
1735641,Gianni Paolo,0.3479,2,True
1032439,Dante Brown,0.5372,3,True
1232679,Dominic Burgess,0.3569,2,True
2322380,Tanyell Waivers,0.3119,2,True
2322381,Heather Marie Pate,0.0587,1,True
2200314,Victor Turpin,0.1829,2,True
1719594,Alan Aisenberg,0.5814,3,True
2255197,Dierdre Friel,0.3368,2,True
2255199,Lacretta,0.0913,1,True
87034,Dan Bucatinsky,0.539,3,True
1721233,Dalton Harrod,0.1089,1,True
2199019,John James Cronin,0.1037,1,True
1030329,Elizabeth Masucci,1.6913,4,True
1108805,Huma Qureshi,0.3882,2,True
1272968,Samantha Win,0.639,3,True
56556,Michael Cassidy,0.8388,4,True
1452636,Steve Corona,0.2035,2,True
2309944,Valeriia Karaman,0.3212,2,True
2507696,Logan Hawkes,0.0586,1,True
2507697,Kyla Nicolle,0.1894,2,True
1520954,Shaun Clarke,0.1012,1,True
2507699,Jeff Cruts,0.0402,1,True
139868,Ignacio Serricchio,0.6311,3,True
1660431,Gustavo Muñoz,0.1,1,True
2232700,Patrick L. Reyes,0.0264,1,True
556873,Cesar de León,0.0811,1,True
2259078,Caroline Avery Granger,1.0976,4,True
1833998,Radu Spinghel,0.1998,2,True
54783,Peter Gray Lewis,0.2267,2,True
126457,Tom Bennett,0.23,2,True
2316169,Matthew Illesley,0.1598,1,True
142389,Charlie Rowe,0.5748,3,True
2324533,Peter O'Hanlon,0.0362,1,True
2324534,Ross Farrelly,0.0143,1,True
2324532,Evan Walsh,0.0143,1,True
2324535,Sharmina Harrower,0.0281,1,True
59079,Michael Rouse,0.1432,1,True
83405,Orlando Seale,0.3877,2,True
1369367,Rebecca Rittenhouse,0.4581,3,True
934246,Connor Del Rio,0.2911,2,True
1514385,Stephanie Nogueras,0.1544,1,True
1977655,Savira Windyani,0.167,1,True
1367249,Chelsea Alden,0.4171,3,True
1371546,Alexa Mansour,0.5417,3,True
1682509,Bryan Adrian,0.1142,1,True
1833858,Rob Welsh,0.0825,1,True
2047813,Kiara Beltran,0.142,1,True
1902889,Ashton Smiley,0.126,1,True
2069195,Maya Nalli,0.068,1,True
2262876,Victoria Ruesga,0.0892,1,True
2174509,Mason Gooding,1.5167,5,True
1653235,Eduardo Franco,1.5459,4,True
2027704,Nico Hiraga,1.2264,4,True
2048370,Austin Crute,0.2119,2,True
1472747,Noah Galvin,0.5567,3,True
1368012,Michaela Coel,0.432,3,True
992386,Alex Livinalli,0.2669,2,True
2213811,Mabel Cadena,0.2025,2,True
206425,DeWanda Wise,0.8646,4,True
1791508,Freya Parker,1.0716,4,True
2283930,Piper Rubio,1.9974,4,True
1368507,Elizabeth Lail,2.1012,5,True
2620732,Kat Conner Sterling,0.7268,3,True
2865624,David Lind,0.3952,2,True
1682013,Joseph Poliquin,0.2067,2,True
3277483,Grant Feely,0.3377,2,True
3996565,Asher Colton Spence,0.0719,1,True
4342472,David Huston Doty,0.0766,1,True
4342473,Liam Hendrix,0.0557,1,True
3355473,Jophielle Love,0.2119,2,True
2090109,Tadasay Young,0.1618,1,True
3704268,Michael P. Sullivan,0.2467,2,True
2626627,George Psarras,0.0457,1,True
78577,Graham Norton,0.406,6,True
115218,Donnell Rawlings,0.3413,2,True
4719,Questlove,0.3064,5,True
2910604,Cora Champommier,0.068,1,True
2090203,Margo Hall,0.053,1,True
2910605,Rhodessa Jones,0.0789,1,True
47368,Barry Watson,0.8566,4,True
2188570,Motell Gyn Foster,0.0735,1,True
1366804,Broadus Mattison,0.3141,2,True
2990400,Emma Berman,0.2523,2,True
1874693,Saverio Raimondo,0.1051,1,True
2990412,Marco Barricelli,0.0491,1,True
3129608,Lorenzo Crisci,0.0357,1,True
2077906,Gino La Monica,0.1117,1,True
1362995,Giacomo Gianniotti,0.5933,3,True
1219797,Mimi Maynard,0.1041,1,True
1800302,Laurie Davidson,0.8838,4,True
1502430,Phil Dunster,0.3607,2,True
1240427,Lucian Msamati,0.8241,4,True
1662006,Tunji Kasim,0.3198,2,True
1674639,Spike White,0.6013,3,True
1562086,Stella Stocker,0.8691,3,True
6832,Melissa Leo,0.7463,8,True
20387,Clea DuVall,0.8754,8,True
6830,Carly Nahon,0.6209,1,True
6831,Claire Pakis,0.0627,1,True
2999115,Nick Nichols,0.0143,1,True
44261,John Rubinstein,0.4718,4,True
1621254,Loyd Keith Salter,0.0256,1,True
2999116,Antef A. Harris,0.0214,1,True
173994,Marc Musso,0.2702,4,True
1276049,Teresa Delgado,0.0445,1,True
174434,Roberto Medina,1.1165,4,True
27011,Vanessa Williams,1.1461,9,True
6485,Busta Rhymes,0.6737,9,True
6486,Dan Hedaya,0.9562,4,True
6487,Richard Roundtree,0.7183,8,True
31839,Ruben Santiago-Hudson,0.4169,4,True
14792,Josef Sommer,0.8294,4,True
71266,Lynne Thigpen,1.0574,4,True
6541,Philip Bosco,0.4351,4,True
6906,Lee Tergesen,0.6431,4,True
2349915,Francisco 'Coqui' Taveras,0.078,1,True
9281,Elizabeth Banks,2.2917,10,True
6587,Diane Ladd,1.1936,8,True
5169,J.E. Freeman,0.2886,4,True
6588,Isabella Rossellini,1.395,8,True
6465,Grace Zabriskie,0.7995,4,True
938390,William Morgan Sheppard,0.4264,4,True
6726,Sheryl Lee,0.7249,8,True
6681,Sherilyn Fenn,2.2963,8,True
6718,Jack Nance,0.5023,4,True
7089,Glenn Walker Harris Jr.,0.224,4,True
1966297,Gregg Dandridge,1.1962,4,True
6613,Minnie Driver,1.6019,9,True
6614,Cole Hauser,2.1692,8,True
6623,Vik Sahay,0.3482,4,True
6616,Rachel Majorowski,0.512,4,True
6617,Colleen McCauley,0.0732,1,True
6618,Matt Mercier,0.0214,1,True
6619,Ralph St. George,0.0596,1,True
6620,Rob Lynds,0.0412,1,True
6621,Dan Washington,0.0286,1,True
6941,Cameron Diaz,1.7815,10,True
6949,John Malkovich,2.2963,10,True
863,Orson Bean,0.5149,4,True
5960,Mary Kay Place,0.7412,4,True
6951,W. Earl Brown,0.4991,4,True
52930,Carlos Jacott,0.2327,4,True
6947,Byrne Piven,0.1105,1,True
10000,Gregory Sporleder,0.3081,4,True
6952,Charlie Sheen,1.9716,10,True
1517447,Reggie Hayes,0.2441,4,True
6945,K.K. Dodds,0.7835,4,True
6948,Judith Wetzell,0.0487,1,True
6944,Octavia Spencer,1.3463,9,True
6730,Sacha Baron Cohen,1.2989,10,True
6734,Ken Davitian,0.4905,4,True
6735,Luenell,0.1902,4,True
6736,Pamela Anderson,4.382,10,True
1082650,Bob Barr,0.0814,1,True
104882,Alan Keyes,0.0461,1,True
1123205,Carole De Saram,0.0806,1,True
1123206,Mitchell Falk,0.0404,1,True
6804,Graham Greene,39.9737,8,True
6806,Doug Hutchison,0.9588,4,True
6807,Sam Rockwell,2.462,9,True
12834,Barry Pepper,0.7901,8,True
6805,Dabbs Greer,0.8269,4,True
128201,Eve Brent,0.2771,4,True
6856,Kurt Russell,2.7755,10,True
6857,Jacinda Barrett,1.1663,8,True
6859,Mía Maestro,0.6018,4,True
6858,Mike Vogel,0.7089,4,True
6863,Kevin Dillon,0.5711,4,True
6862,Freddy Rodríguez,0.6509,8,True
6860,Jimmy Bennett,0.436,4,True
20497,Fergie,0.3193,10,False
6861,Andre Braugher,0.753,8,True
6864,Kirk B.R. Woller,0.3701,4,True
1236068,Kelly McNair,0.1079,1,True
92808,Gabriel Jarret,0.3743,4,True
76225,David Reivers,1.0033,4,True
6885,Charlize Theron,4.1412,10,True
6886,Christina Ricci,3.2718,10,True
6905,Bruce Dern,1.4886,9,True
6907,Annie Corley,0.3759,4,True
94182,Marco St. John,0.2047,4,True
6908,Marc Macaulay,0.4041,4,True
6914,Scott Wilson,0.7259,4,True
52483,Rus Blackwell,0.3872,4,True
86938,Tim Ware,0.2814,4,True
6909,Stephan Jones,0.0861,1,True
29934,Brett Rice,0.3127,4,True
945235,Kaitlin Riley,0.0929,4,True
66543,Cree Ivey,0.195,1,True
95749,Catherine Mangan,0.1488,1,True
4566,Alan Rickman,1.6783,10,True
7056,Emma Thompson,3.4091,10,True
47714,Martine McCutcheon,0.3992,4,True
118763,Lúcia Moniz,0.3142,4,True
7062,Andrew Lincoln,1.0542,9,True
1865731,Nell Williams,1.2901,1,True
1693439,Lily Dodsworth-Evans,0.9848,1,True
1437491,Ariana DeBose,0.6678,8,True
2225865,David Alvarez,0.1717,4,True
1423520,Mike Faist,1.2207,7,True
2269067,Josh Rivera,0.4701,4,True
1636954,Ana Isabelle,0.1835,4,True
2840908,Ilda Mason,0.0281,1,True
2531140,iris menas,0.1824,1,True
2531143,Julius Anthony Rubio,0.0895,1,True
2721914,Tanairi Sade Vazquez,0.0937,1,True
3441020,David Aviles Morales,0.0589,1,True
2531146,Sebastian Serra,0.0646,1,True
1321628,Morfydd Clark,0.6141,7,True
2486147,Jose Palma,0.0656,1,True
1667351,George Somner,0.6167,4,True
2430575,Anson Boon,0.6883,7,True
1473990,Ami Metcalf,0.6099,4,True
2430576,Tina Pribićević,0.1043,1,True
2430577,Srna Vasiljević,0.0286,1,True
1921068,Annamaria Serda,0.0602,1,True
3772356,Cso-Cso,0.0168,1,True
2035239,Sarah Yarkin,1.6313,4,True
45398,Steve Zissis,0.5091,7,True
1457999,Arturo Castro,0.7248,4,True
98392,Parvesh Cheena,0.3156,7,True
1566475,Charles Orr,1.5247,4,True
1516956,Rene Moran,0.1435,1,True
1152023,Christine Horn,0.2231,4,True
2615728,Trevor Shand,0.0071,1,True
2440144,Jared Logan,0.1378,1,True
2615729,Kyle Zingler,0.0071,1,True
2615731,Halleta Alemu,0.0168,1,True
1655001,Chrissy Metz,0.4554,8,True
1720042,Marcel Ruiz,0.3584,4,True
1833332,Maddy Martin,0.1815,4,True
1910389,Nikolas Dukic,0.0732,1,True
1381987,Taylor Mosby,0.2791,4,True
117995,Alissa Skovbye,0.5445,4,True
75821,Lisa Durupt,0.2684,4,True
88168,Rebecca Staab,0.8867,7,True
212141,Kristen Harris,2.4308,4,True
1526793,Sturgill Simpson,0.18,7,True
181701,Dean J. West,0.1105,4,True
1704655,Sylvia Grace Crim,1.5091,4,True
2054851,Roman Griffin Davis,0.5081,7,True
2089892,Archie Yates,0.2364,4,True
59096,Luke Brandon Field,0.6351,4,True
2550505,Sam Haygarth,0.0912,4,True
2130205,Stanislav Callas,0.192,4,True
1759586,Joe Weintraub,0.0987,1,True
1302199,Gabriel Andrews,0.2011,1,True
2550504,Billy Rayner,0.0495,1,True
1227717,Himesh Patel,0.7209,7,True
1252533,Sophia Di Martino,0.8277,8,True
1727934,Ellise Chappell,0.4537,4,True
1628459,Harry Michell,0.7653,7,True
1959579,Michael Kiwanuka,0.0796,7,True
2334694,Karma Sood,0.0214,1,True
231229,Gus Brown,0.1813,1,True
1221080,Alexander Arnold,0.2379,1,True
1365437,Dominic Coleman,0.3481,4,True
1890584,Jeremy T. Thomas,0.2072,4,True
2359018,Sawyer Jones,0.2322,1,True
2118114,Cody Davis,0.0951,1,True
129984,Glynis Davies,0.5718,4,True
2103397,Arlo Hajdu,0.0632,1,True
1386463,Andy Thompson,0.1805,1,True
2059893,Jesse Downs,0.053,1,True
3277643,Katelyn Peterson,0.0143,1,True
4505121,Madison Polan,0.233,4,True
2000658,Chloe Fineman,0.5108,7,True
2673750,Myha'la,0.4474,7,True
1976054,Rachel Sennott,1.1261,8,True
2420169,Chase Sui Wonders,1.3669,7,True
2064073,Conner O'Malley,0.2586,4,True
1419065,Okieriete Onaodowan,0.6878,7,True
2554513,Zachary Golinger,0.3498,4,True
1288766,Blake DeLong,0.2631,4,True
4103999,Stefania Warwick,0.0214,1,True
4104004,Alycia Ripley,0.0143,1,True
4104006,Cristalis Bonilla,0.0725,1,True
4104007,Domonic Taggart,0.0071,1,True
1967018,Silas Pereira-Olson,0.1538,4,True
3250547,Alice Sophie Malyukova,0.0588,1,True
1411601,Katie Sarife,0.5145,4,True
2342988,Michael Cimino,1.0442,7,True
1708186,Paul Dean,0.0666,1,True
2401979,Luca Luhan,0.9587,4,True
181391,Alison White,0.1682,4,True
2263118,Sade Katarina,0.1286,1,True
2263092,Kenzie Caplan,0.1386,1,True
1758233,Gary-7,0.0478,1,True
20755,Natalia Safran,0.8152,7,True
2177190,Keith L. Williams,0.9458,7,True
2239159,Brady Noon,0.9162,7,True
1984116,Midori Francis,0.4086,7,True
2362044,Izaac Wang,0.2219,4,True
96529,Josh Caras,0.1849,4,True
1761118,Mariessa Portelance,0.1951,4,True
75318,Retta,0.6457,3,True
2298636,Christian Darrel Scott,0.1263,1,True
1927077,Macie Juiles,0.3158,2,True
2054213,Chance Hurstfield,0.6849,3,True
1218156,John Douglas Thompson,0.1989,1,True
1033691,Jason Wong,0.5371,3,True
1595251,Leo Staar,0.136,1,True
186391,Pablo Scola,0.1839,1,True
3374113,Marcello Cruz,0.0755,1,True
1973190,Hiten Patel,0.1903,1,True
1423306,Yoon C. Joyce,1.3877,5,True
967781,Luke Kleintank,0.9863,4,True
80754,Etsushi Toyokawa,0.5472,3,True
228721,Darren Criss,0.4602,2,True
1300650,Jake Manley,0.8718,4,True
1385061,Michael Chapman,1.2901,5,True
1281250,Rob Morgan,0.6519,3,True
1507385,J. Alphonse Nicholson,0.4043,2,True
1695076,Hayes Mercure,0.1726,1,True
1122102,Dominic Bogart,0.1661,1,True
2085366,Tim Hooper,0.1895,1,True
1650191,Andrene Ward-Hammond,0.4889,2,True
1180860,John Lacy,0.3976,2,True
2680307,Sebastian Eugene Hansen,1.7537,6,True
86951,Kirill Pirogov,0.485,2,True
2507078,Iva Šindelková,0.4515,2,True
1191044,Vladimir Chuprikov,0.1926,1,True
3022779,Fred Haig,0.1049,1,True
3022780,Emma Penzina,0.0704,1,True
29847,Mariya Mironova,0.2835,2,True
3022783,Keir Hills,0.0499,1,True
1903721,Petr Klimeš,0.1393,1,True
1530941,Henry Lau,0.9596,4,True
220236,Kathryn Prescott,0.7237,3,True
2785418,Emma Volk,0.0574,1,True
2785419,Tyler Asher Xin-Qin,0.0882,1,True
2785420,Beckett Richard Pin,0.051,1,True
1786470,Kevin Claydon,0.1886,1,True
1285754,Chidi Ajufo,1.0578,5,True
199529,Jordan Long,0.5981,3,True
1803015,Lily Frazer,0.2833,2,True
1327945,Tom Rhys Harries,1.4896,6,True
2244576,Danny Griffin,1.1301,5,True
212154,Deborah Ann Woll,1.1758,5,True
1466581,Nik Dodani,0.847,4,True
1573781,Cornelius Geaney Jr.,1.8893,6,True
2282251,Russell Crous,0.0382,1,True
1854264,Jessica Sutton,0.2723,2,True
1657679,Vere Tindale,0.1048,1,True
2440153,Caely-Jo Levy,0.0168,1,True
1679882,Jamie-Lee Money,0.1293,1,True
1461441,Ian Lake,0.3172,2,True
1493226,McKinley Belcher III,0.7194,3,True
1885198,Donald Heng,0.3453,2,True
143333,Marcus Hondro,0.333,2,True
2013474,Jackie Minns,1.1293,5,True
1240662,Peter Ciuffa,0.2756,2,True
118200,Gabriella Wright,0.2928,2,True
1650566,Alice McMillan,0.2177,1,True
2335001,Kristofer Kamiyasu,0.1276,1,True
3290858,Tsuwayuki Saotome,0.0764,1,True
1442968,Yvette Monreal,0.4391,2,True
1043824,Pascacio López,0.2978,2,True
1700678,Nicholas Wittman,0.5645,3,True
1522761,Jessica Madsen,0.8849,4,True
1077343,Fenessa Pineda,0.1365,1,True
1811021,Marco de la O,0.2562,2,True
2472989,Álvaro Flores,0.0379,1,True
236681,Úrsula Murayama,0.1024,1,True
67247,Atanas Srebrev,0.5117,3,True
2077869,Roger Dale Floyd,0.7604,4,True
1214164,Merrin Dungey,0.7229,3,True
1622066,Cate Jones,0.1509,1,True
131421,Mike Gassaway,1.0745,5,True
1376560,Anissa Matlock,0.3244,2,True
1791619,Lia McHugh,0.5439,3,True
2287101,Lauren Ridloff,0.4753,2,True
1024395,Don Lee,2.0238,7,True
53362,Harish Patel,0.2345,2,True
82103,Haaz Sleiman,0.3166,2,True
3287131,Esai Daniel Cross,0.0809,1,True
3327515,Charithra Chandran,1.0871,5,True
79087,Robin Weigert,0.9815,4,True
74423,Tricia Helfer,2.4342,7,True
1866917,Scott C. Roe,1.0622,5,True
2127280,Zaris-Angel Hator,0.1801,1,True
1315513,Joe Ferrara,0.3469,2,True
3569120,Joseph Esson,0.0848,1,True
2509937,Jason Rennie,0.0975,1,True
3569122,Aryan Moaven,0.0071,1,True
3569125,Christopher Louridas,0.0143,1,True
1922388,Oliver Bodur,0.0372,1,True
1808578,Tom Forbes,0.1996,1,True
1676769,Clara Rosager,1.15,5,True
2164506,Archie Renaux,1.2865,5,True
1538035,Kimberly Hebert Gregory,0.3927,2,True
1127577,Cynthia Evans,0.3259,2,True
2270490,Sophia Bernard,0.1473,1,True
1386301,Rebecca Chulew,0.9226,4,True
1560335,Sue-Lynn Ansari,0.1499,1,True
1702392,Ariana Guerra,0.4419,3,True
2270488,Cecilia Leal,0.2596,2,True
1860890,Trina LaFargue,0.0762,1,True
1601441,Johnny Otto,1.3114,4,True
2782707,Thalia Tran,0.2036,2,True
2079729,Patti Harrison,0.368,2,True
1485094,Vincent Rodriguez III,1.1006,4,True
3042923,Kailey Crawford,0.136,1,True
5400433,Gabriel Jack,0.0338,1,True
1181339,Melvin Gregg,0.3852,2,True
1674009,Brandon Wilson,0.1796,2,True
2551675,Will Ropp,0.1775,2,True
1531019,Fernando Luis Vega,0.0744,1,True
2508500,"Charles Lott, Jr.",0.1231,1,True
2403027,Ben Irving,0.0388,1,True
1994105,Da'Vinchi,0.8661,4,True
77767,Rachael Carpani,0.3926,2,True
1410478,William Jackson Harper,0.6921,4,True
2096149,Vilhelm Blomgren,0.3814,2,True
2209530,Isabelle Grill,1.1401,4,True
239349,Gunnel Fred,0.4364,3,True
1457454,Ellora Torchia,0.664,3,True
2249745,Archie Madekwe,0.6318,3,True
64975,Henrik Norlén,0.4889,3,True
2423315,Agnes Westerlund Rase,0.2061,2,True
1153231,Julia Ragnarsson,0.8694,3,True
221034,Mats Blomgren,0.0979,1,True
132502,Lars Väringer,0.1105,1,True
1078910,Anna Åström,0.1883,2,True
1711720,Hampus Hallberg,0.2241,2,True
50935,Björn Andrésen,2.7096,5,True
2385743,Claire Duburcq,1.137,4,True
1656685,Chris Walley,0.2779,2,True
2152343,Nabhaan Rizwan,0.4441,3,True
2157935,Tommy French,0.1054,1,True
1626686,Paul Tinto,0.1348,1,True
1642036,Billy Postlethwaite,0.5037,3,True
1940779,Merlin Leonhardt,1.0355,4,True
2850902,Joe Anders,2.8595,5,True
2241218,Jahzir Bruno,0.3062,2,True
2153678,Codie-Lei Eastick,0.0431,1,True
281527,Charles Edwards,0.4557,3,True
1370805,Morgana Robinson,0.4078,3,True
237087,Eugenia Caruso,0.5187,3,True
1934873,Ana Maria Maskell,0.0363,1,True
2798677,Amber Flanagan,0.0071,1,True
2630234,Eurydice El-Etr,0.0338,1,True
107393,Orla O'Rourke,0.094,1,True
2611671,Jonathan Livingstone,1.0926,4,True
1278518,Paul Leonard,1.0958,4,True
1215392,Becky Wahlstrom,0.4155,3,True
1683095,Emmie Hunter,0.2515,2,True
1832081,Annie Humphrey,1.0423,4,True
1569986,Abraham Clinkscales,0.194,2,True
1455812,Elizabeth Becka,0.2449,2,True
559457,Steve Agee,0.8728,4,True
212772,Peter Mooney,0.4738,3,True
101258,Elisa Moolecherry,0.1751,1,True
180999,Paul Fauteux,0.1332,1,True
1994215,David Kohlsmith,0.2843,2,True
2239711,Ashley Black,0.0071,1,True
1701433,Martha Girvin,0.3082,2,True
2625242,Andrew MacDonald,0.0071,1,True
2625243,Alexander Campos,0.0311,1,True
2636695,Chris Scian,0.0071,1,True
1758711,Ava Augustin,0.1337,1,True
2237623,Beatrice Kitsos,0.3711,2,True
2237625,Marlon Kazadi,0.8531,4,True
1366865,Nicole Anthony,0.1176,1,True
1946466,Trent Redekop,0.1391,1,True
1359625,Amro Majzoub,0.0612,1,True
63796,Minh Phoenix Ly,0.1462,1,True
1884537,Hannah Drew,0.0828,1,True
1927029,Kristin York,0.0,1,True
118388,Victoria Cartagena,0.3919,2,True
1255388,Gary Carr,0.467,3,True
42375,Morocco Omari,0.2632,2,True
2177936,Chris Ghaffari,0.0889,1,True
1434794,Dale Pavinski,0.3491,2,True
2563541,Christian Isaiah,0.8332,4,True
1507684,Sarah Ellen Stephens,0.0789,1,True
1773830,Jamie Neumann,0.3561,2,True
224194,Laura Carmichael,0.9602,4,True
196544,Raquel Cassidy,0.7723,4,True
1216101,Kevin Doyle,0.6498,3,True
1396601,Michael Fox,0.4039,3,True
224193,Robert James-Collier,1.0671,4,True
127164,Phyllis Logan,1.3035,5,True
1186241,Daniel Millar,1.0043,4,True
6395,Eszter Balint,0.9476,4,True
2333697,Maya Delmont,0.0461,1,True
1684143,Taliyah Whitaker,0.9751,4,True
1293730,Kevin McCormick,0.1436,1,True
1417535,Sid O'Connell,0.0687,1,True
1368479,Hala Finley,0.6298,3,True
4068138,Ionie Olivia Nieves,0.1405,1,True
115222,Kelly Frye,0.3311,2,True
932158,Corina Calderon,0.2286,2,True
2809972,Sandy Avila,0.0938,1,True
3238977,Ruben Javier Caballero,0.0591,1,True
1885803,Ryan Ryusaki,0.2,2,True
1319802,Nikki Dixon,0.2305,2,True
3444018,Amie Donald,1.0774,4,True
2043430,Jenna Davis,0.7214,3,True
1071699,Brian Jordan Alvarez,0.3479,2,True
2089274,Jen Van Epps,0.5706,3,True
1023465,Stephane Garneau-Monten,0.1522,1,True
1237628,Lori Dungey,0.0867,1,True
3740423,Jack Cassidy,0.1327,1,True
1182667,Michael Saccente,0.2099,2,True
2533135,Samson Chan-Boon,0.0551,1,True
2984755,Kira Josephson,0.0836,1,True
1615759,Renee Lyons,0.3627,2,True
1300290,Millen Baird,0.1665,1,True
1211193,Chelsie Preston Crayford,1.1016,4,True
1712866,Francesca Hayward,0.1551,1,True
1452124,Jason Derulo,0.1933,7,True
1889926,Robert Fairchild,0.1976,2,True
2633629,Danny Collins,0.0577,1,True
2633975,Naoimh Morgan,0.1176,1,True
1114487,Hero Fiennes Tiffin,1.0201,5,True
2161745,Khadijha Red Thunder,0.9449,4,True
1224112,Samuel Larsen,0.3603,2,True
1685330,Inanna Sarkis,0.3254,2,True
2094603,Pia Mia,0.2153,3,True
1075049,Swen Temmel,0.2063,2,True
2495894,Sarah Jorge León,0.1166,1,True
2495896,Chris Kontopidis,0.0478,1,True
46773,Parisa Fitz-Henley,0.4143,3,True
2515698,Jeriya Benn,0.0286,1,True
1281967,Josh McConville,0.2256,2,True
2515696,Tane Williams-Accra,0.1714,1,True
1624816,Jameela Jamil,1.022,5,True
1542758,John Early,0.3158,2,True
1546022,Tom Reed,0.1852,2,True
1638603,Murat Seven,0.1602,1,True
1294465,Greg Kolpakchi,0.1685,1,True
1214787,Mark Arden,0.0984,1,True
1688381,Jack Brady,0.2098,2,True
4119385,Alex Batareanu,0.0552,1,True
1661465,Lizzo,0.4542,8,True
2152740,Mette,0.1307,1,True
1443712,Madeline Brewer,1.4352,5,True
1472754,Trace Lysette,0.2599,2,True
1269910,Wai Ching Ho,0.6422,3,True
2410319,Emma Batiz,0.0746,1,True
2476098,Marcy Richardson,0.0143,1,True
1855279,Stormi Maya,1.1027,4,True
4872540,Ava McCarthy,0.2098,2,True
2052200,Juliet Doherty,0.3126,2,True
4276302,Victoria Comte,0.1163,1,True
1326874,Sooyoung Choi,0.9949,4,True
1886168,Lyna Khoudri,0.9564,4,True
6554,Guillaume Gallienne,1.0548,4,True
121530,Grégoire Leprince-Ringuet,1.1175,4,True
2500348,Samuel Blenkin,2.7322,5,True
2220157,Samuel Leakey,0.2495,2,True
1196822,Jessica De Gouw,1.3265,5,True
140006,Donncha Crowley,0.1437,1,True
2863913,Jonathan Gunning,0.2545,2,True
2505813,Beatrix Perkins,0.4602,3,True
2220158,Abdul Alshareef,0.1533,1,True
2505812,Manuel Pombo,0.0143,1,True
2656395,Jonathan Delaney Tynan,0.1229,1,True
2863914,Melody Carrillo,0.0546,1,True
2863919,Darlene Garr,0.0214,1,True
2863920,Nessa Last,0.0214,1,True
1381186,Stephanie Hsu,0.8246,4,True
1071151,Tallie Medel,0.1537,1,True
1367122,Biff Wiff,0.3688,3,True
1375002,Sunita Mani,0.8599,4,True
2410189,Brian Le,0.3651,2,True
1068877,Andy Le,0.3569,2,True
3444951,Narayana Cabral,0.0409,1,True
41729,K Callan,0.491,3,True
1377686,Sarah Goldberg,0.6471,3,True
1423882,David Abeles,0.0756,1,True
1383349,Christina Jackson,0.228,2,True
3080602,Patrick Klein,0.0865,1,True
3174706,Crystal Swann,0.0669,1,True
3174707,Catherine Weidner,0.0658,1,True
2625849,Laura Austin,0.0538,1,True
2850421,Jacob Garrett White,0.0286,1,True
164149,Samantha Buck,0.2635,2,True
2686783,Amy Zubieta,0.0168,1,True
82807,Lydia Leonard,0.4607,3,True
36659,Boris Isaković,0.1641,1,True
1533579,Laura Evelyn,0.136,1,True
1770735,Calvin Demba,0.4439,3,True
1287076,Jade Anouka,0.3636,2,True
1731825,David So,0.115,1,True
1527746,Alexandre Chen,0.2518,2,True
3785895,Alyssa Abiera,0.0379,1,True
1629657,Simon Twu,1.6799,4,True
3158217,Aaron W Reed,0.3822,2,True
543523,Britne Oldford,0.3933,2,True
2128152,Camille Kostek,0.2959,3,True
1996565,Mark Lainer,0.0626,1,True
3158223,Mike Devine,0.112,1,True
1781529,Vernon Scott,0.0868,1,True
1945796,Anabel Graetz,0.0872,1,True
1910668,Misha Osherovich,0.2046,1,True
231241,Uriah Shelton,0.4777,4,True
1691808,Dana Drori,0.2123,4,True
1874951,Melissa Collazo,0.729,4,True
1503930,Brooke Jaye Taylor,0.2717,4,True
1938245,Zack Shires,0.0635,1,True
1950966,Magnus Diehl,0.0637,1,True
1663960,Kelly Lamor Wilson,0.2533,4,True
991958,Nicholas Stargel,0.1235,4,True
2861841,Emily Holder,0.0998,1,True
2688318,Bruce Cromer,0.0,1,True
1788751,Richard Hagerman,0.081,1,True
1296814,Abi Van Andel,0.0702,1,True
1374152,John Newberg,0.493,4,True
1177405,Barry Mulholland,0.0679,4,True
3988423,Maia Kealoha,2.3463,4,True
3025125,Sydney Agudong,1.944,4,True
4022587,Kaipo Dudoit,0.3502,1,True
1997286,Celia Kenney,0.1765,4,True
2738916,Brutus LaBenz,0.0592,1,True
1670808,Skyler Bible,0.0954,1,True
3516911,Judy Nguyen,0.077,1,True
2655218,Christian Yeung,0.1762,1,True
1291890,Jasmine Cephas Jones,0.236,7,True
2049531,Devon Diep,0.1174,1,True
2924475,Herlin Navarro,0.0591,1,True
4376370,James Milord,0.0071,1,True
1849970,Jose Guns Alves,0.5898,4,True
2029531,Michael Malvesti,0.1334,4,True
1784942,Patty O'Neil,0.0143,1,True
1800856,Adam Teper,0.0636,1,True
1368508,Oliver Rice,0.2474,4,True
173362,Joely Collins,1.3213,4,True
1451352,Natalie Moon,0.1654,4,True
2336132,Joanne Kimm,0.1629,1,True
137108,Johnny Flynn,1.0239,7,True
1475127,Gemma Whelan,0.7279,8,True
1121198,Amber Anderson,0.7363,4,True
1731959,Tanya Reynolds,0.7381,4,True
1646779,Angus Imrie,0.422,7,True
2586308,Letty Thomas,0.0973,1,True
2586312,Aidan White,0.0168,1,True
1244379,Esther Coles,1.3203,4,True
1125581,Chloe Pirrie,1.1782,7,True
3549226,Erdil Yaşaroğlu,0.0894,4,True
2606660,Sabrina Elba,0.062,1,True
1182880,Sarah Houbolt,1.1615,4,True
1734532,Seyithan Özdemir,1.2156,4,True
3553907,Aamito Lagum,0.165,1,True
1926537,Nicolas Mouawad,0.5612,4,True
1425008,Ece Yüksel,0.8659,4,True
2200413,Matteo Bocelli,0.0613,7,True
2781869,Oğulcan Arman Uslu,0.1424,1,True
3280454,Jack Braddy,0.0404,1,True
1246608,Zerrin Tekindor,0.9844,7,True
3549271,Anna Adams,0.0741,1,True
148899,George Shevtsov,1.2108,4,True
150030,David Collins,1.1558,4,True
2326151,Paul Mescal,1.3216,9,True
115737,Alexander Karim,0.3665,4,True
2672815,Yuval Gonen,0.3733,1,True
2538010,Emilie Hetland,0.0,1,True
1865000,Anthony Morris,0.195,1,True
2538012,Megan Tiernan,0.2032,1,True
3123653,Helena Browne,0.0261,1,True
26865,Brendan Conroy,0.2613,4,True
1452151,Atheena Frizzell,0.2068,4,True
229123,Sikandar Kher,0.2699,4,True
130990,Makrand Deshpande,0.3805,7,True
225163,Pitobash,0.1968,4,True
52768,Vipin Sharma,0.3804,4,True
85657,Ashwini Kalsekar,0.5544,7,True
1643582,Sobhita Dhulipala,0.3292,7,True
4606857,Jatin Malik,0.0453,1,True
4660485,Pehan Abdul,0.0143,1,True
4698036,Suhaimi,0.0143,1,True
4698038,Vijay Kumar,0.0261,1,True
221980,Nathan Stewart-Jarrett,0.6029,7,True
2393781,Kyle Kaminsky,0.0784,1,True
1563458,Brian King,0.259,4,True
2551727,Miriam Moss,0.0582,1,True
143714,Rebecca Spence,0.5875,4,True
2185770,Carl Clemons-Hopkins,0.2111,4,True
937989,Christiana Clark,0.1396,1,True
2759437,Michael Hargrove,0.118,1,True
2551734,Rodney L Jones III,0.1299,1,True
1946954,Ireon Roach,0.3358,1,True
3216265,Breanna Lind,0.0521,1,True
2551735,Heidi Grace Engerman,0.1408,1,True
2309757,Zhao Shuzhen,0.1051,4,True
2267887,X Mayo,0.3069,1,True
3585524,Hong Lu,0.3751,1,True
3585526,Hong Lin,0.0071,1,True
2309752,Diana Lin,0.2289,4,True
3585527,Yang Xuejian,0.0168,1,True
3232068,Becca Khalil,0.0143,1,True
2309910,Jiang Yongbo,0.0945,4,True
2309762,Han Chen,0.0,1,True
2309759,Aoi Mizuhara,0.0462,7,True
3269964,Li Xiang,0.0071,1,True
3585530,Hongli Liu,0.0143,1,True
2831565,Zhang Shimin,0.0143,1,True
3585545,Zhang Jing,0.0,1,True
1185997,Xolo Mariduena,1.2099,5,True
1622590,Bruna Marquezine,0.8473,4,True
2381442,Belissa Escobedo,0.3047,2,True
1333199,Jorge Jimenez,0.0393,1,True
1326614,Eyra Agüero Joubert,0.0721,1,True
2557495,Gabrielle Ortiz,0.0835,1,True
1618538,Chente Ydrach,0.078,1,True
64326,Modesto Lacen,0.1077,1,True
1614324,Esteban Ruiz,1.7703,6,True
1337,Tony Leung Chiu-wai,1.6138,6,True
2979464,Meng'er Zhang,0.2386,2,True
123701,Fala Chen,1.1047,5,True
3074780,Paul He,0.0214,1,True
3201062,Jayden Tianyi Zhang,0.1183,1,True
3218942,Elodie Fong,0.0814,1,True
3216792,Arnold Sun,0.0834,1,True
2422160,Kunal Dudheker,0.1366,1,True
199486,Elyse Levesque,0.6436,3,True
33343,John Ralston,0.321,2,True
1913111,Liam MacDonald,0.7079,3,True
1653094,Ethan Tavares,1.9387,6,True
2086212,Hanneke Talbot,0.3501,2,True
1918875,Celine Tsai,0.2151,1,True
2375820,Chase Churchill,0.0071,1,True
2521631,María Cecilia Botero,0.2466,2,True
1010157,Diane Guerrero,0.4363,2,True
2489411,Jessica Darrow,0.2402,2,True
1489764,Carolina Gaitán,0.5269,3,True
120557,Angie Cepeda,0.7013,3,True
1969888,Ravi Cabot-Conyers,0.1533,1,True
3150235,Mauro Castillo,0.0978,1,True
1761634,Rhenzy Feliz,0.5719,3,True
3150233,Adassa,0.0869,1,True
2362790,Maluma,0.6511,3,True
162381,Rose Portillo,0.3735,2,True
1472890,Juan Castano,0.3181,2,True
1546164,Sarah-Nicole Robles,0.3387,2,True
1658375,Andrew Koji,1.4728,6,True
1168128,Haruka Abe,0.3521,2,True
1042728,Úrsula Corberó,2.7485,8,True
1082509,Takehiro Hira,1.0341,5,True
1075864,Eri Ishida,0.6135,3,True
1517254,Steven Allerick,0.3413,2,True
1259515,Simon Chin,0.2241,2,True
3841,Samuel Finzi,0.1779,1,True
3075461,Shota Kakibata,0.0753,1,True
2382046,Nicholas Dohy,0.1895,1,True
1425404,Dean Muhtadi,0.6677,3,True
2621307,Kento Matsunami,1.5213,6,True
2195140,Ayo Edebiri,1.2324,5,True
2166356,Metro Boomin,1.0582,4,True
104617,David Michie,1.27,5,True
1647289,Mike Rianda,1.207,5,True
1539693,Harriet Dyer,0.409,2,True
1673717,Zara Michales,0.4103,2,True
1054567,Renee Lim,0.2397,2,True
2140965,Sam Smith,0.1362,1,True
2545940,Nick Kici,0.3244,2,True
2545941,Vivienne Greer,0.0667,1,True
2552329,Serag Mohammed,0.9386,4,True
1789788,Indya Moore,0.49,2,True
1364149,Jani Zhao,0.6518,3,True
4446224,Samuel Gosrani,0.0719,1,True
1268988,Grant Huggair,1.5359,6,True
1399166,Melanie Liburd,0.5858,3,True
62765,Rhea Seehorn,1.8066,6,True
119869,John Salley,0.18,1,True
1768009,Nicholas Verdi,1.3236,5,True
3480304,Kaitlyn Santa Juana,2.05,7,True
1482198,Owen Patrick Joyner,0.8845,4,True
1441215,Anna Lore,2.1289,7,True
62919,Alex Zahara,0.4562,2,True
45428,April Telek,0.9101,4,True
1376128,Andrew Tinpo Lee,0.9761,4,True
2051988,Brenna Llewellyn,0.7377,3,True
1512170,Natasha Burnett,0.2767,2,True
4444280,Jayden Oniah,0.0445,1,True
1433401,Megan Hui,1.0925,4,True
65344,Esai Morales,1.3421,5,True
1729881,Mariela Garriga,1.4499,6,True
2028037,Tramell Tillman,0.5608,3,True
2252989,Katy O'Brian,2.0801,7,True
47754,Rita Tushingham,0.5913,3,True
1672687,Michael Ajao,0.4848,2,True
1770527,Synnøve Karlsen,0.9183,4,True
69465,Pauline McLynn,0.4106,2,True
3289470,Aimée Cassettari,0.0404,1,True
1595250,Colin Mace,0.1856,1,True
2234003,Jessie Mei Li,1.0441,4,True
2575383,Kassius Nelson,0.2512,2,True
2692780,Rebecca Harrod,0.1503,1,True
3283865,Alan Mahon,0.0743,1,True
2193492,Connor Calland,0.068,1,True
78921,Dimple Kapadia,0.5505,3,True
2491916,Laurie Shepherd,0.0605,1,True
137489,Juhan Ulfsak,0.1398,1,True
79759,Rain Tolk,1.3679,1,True
1980651,Finn Little,1.6036,1,True
1935340,Medina Senghore,0.316,1,True
202660,Laura Niemi,0.3219,1,True
78883,Marina de Tavira,0.1931,1,True
1375499,Mojean Aria,0.2864,1,True
1990795,Javier Molina,0.1139,1,True
1693037,Norio Nishimura,0.0474,1,True
3209405,Roxton Garcia,0.0571,1,True
3125907,Giovannie Cruz,0.2034,1,True
61705,Woon Young Park,0.2154,1,True
1225043,Sian Webber,0.5757,1,True
1966036,Michelle Greenidge,0.278,1,True
3255760,Rob Bowen,0.0352,1,True
2464328,Little Simz,0.2614,7,True
2448692,Jack Bandeira,0.3097,1,True
3225965,Olumide Olorunfemi,0.0958,1,True
1656966,Scroobius Pip,0.4133,1,True
1683344,Amrou Al-Kadhi,0.0781,1,True
1756490,Helena Zengel,0.4468,8,True
1175743,Michael Angelo Covino,0.4723,7,True
1602747,Gabriel Ebert,0.1994,1,True
136295,Neil Sandilands,0.6629,6,True
149724,Winsome Brown,0.3179,1,True
1371849,Stafford Douglas,0.2912,1,True
1357514,Michelle Campbell,0.2485,1,True
3455931,Truman Hanks,9.9218,9,True
2241214,Linda May,0.1685,1,True
2776341,Swankie,0.1657,1,True
2786070,Gay DeForest,0.0281,1,True
2786072,Patricia Grier,0.0404,1,True
2786074,Angela Reyes,0.0338,1,True
2786076,Carl R. Hughes,0.0286,1,True
2786077,Douglas G. Soul,0.0143,1,True
2786078,Ryan Aquino,0.0143,1,True
2786080,Teresa Buchanan,0.0071,1,True
2786081,Karie Lynn McDermott Wilder,0.0362,1,True
2786082,Brandy Wilber,0.0071,1,True
2786084,Makenzie Etcheverry,0.0143,1,True
2724256,Bob Wells,0.0922,1,True
2786086,Annette Webb,0.0143,1,True
1298360,Laverne Cox,0.7117,9,True
60960,Ray Nicholson,1.0753,1,True
1299273,Timothy E. Goodwin,0.739,1,True
1592584,Brian Hull,0.3317,1,True
1443795,Brad Abrell,0.0802,1,True
2827430,Tyler Blevins,0.257,1,True
2487639,Zoe Berri,0.1027,1,True
2597712,Asher Bishop,0.2134,1,True
208782,Holland Roden,0.789,8,True
1263515,Thomas Cocquerel,0.5351,1,True
1498616,Carlito Olivero,0.1741,1,True
1668783,Wayne Harrison,0.0482,1,True
3024089,Scott Coker,0.0466,1,True
1067459,Nathan Parsons,0.4344,6,True
108558,Shania Twain,0.5606,10,False
2443123,Reuben Dodd,0.495,1,True
1440058,Nicolas Bechtel,0.4842,1,True
1265329,Tanya Christiansen,0.1501,1,True
169396,Cameron Arnett,0.7979,6,True
1371456,Abigail Cowen,1.3532,8,True
2702031,Rushi Birudala,0.0327,1,True
229085,Mike McGill,0.1102,1,True
2443137,Sahjanan Nasser,0.0453,1,True
1696017,Darby Camp,1.8008,8,True
1491582,Melanie Chandra,0.2751,1,True
1674734,Jordan Bolger,0.3607,1,True
1600085,Patsy Ferran,0.7602,8,True
1320508,Joey Wells,0.2357,5,True
576229,Na'im Lynn,0.0844,1,True
1108643,William Horton,0.0773,1,True
1922248,Jasmine Mathews,0.8572,7,True
1336796,Mike Mitchell,0.3155,1,True
3072032,Jared Shaw,1.3543,7,True
2273501,Alexis Louder,0.3855,1,True
2008015,Rose Bianco,0.2332,1,True
1422210,Alan Trong,0.0838,1,True
1182525,Nicola Correia Damude,0.6209,6,True
1025464,Devere Rogers,0.4118,5,True
1123417,Vieslav Krystyan,0.1737,1,True
2434764,Basel Daoud,0.0798,1,True
1940028,Ali Hassan,0.162,1,True
2197993,Olivia Dépatie,0.0379,1,True
1865105,Keller Viaene,0.1311,1,True
1860387,Laura Cilevitz,0.5509,1,True
171726,Darrin Baker,0.3393,1,True
207389,Rob Yang,0.6383,6,True
80415,Judith Light,0.6835,9,True
1376148,Mark St. Cyr,0.1146,1,True
69483,Christina Brucato,0.426,5,True
1102260,Lara Jean Chorostecki,0.4611,6,True
1216004,Jordan Calloway,0.4861,6,True
546850,Dillon Lane,0.3761,1,True
3132,Lana McKissack,0.4683,5,True
154217,Louisa Abernathy,0.342,5,True
2003355,Jonny Berryman,0.1717,1,True
1555597,Cornell Adams,0.0487,1,True
33191,Ayesha Dharker,0.2762,6,True
3019221,Roman Zeller,0.0865,1,True
2098451,Willow Beuoy,0.7208,6,True
138770,Cassidy Freeman,0.8936,3,True
108696,Susie Abromeit,0.7264,1,True
1140241,Will Brittain,0.5695,1,True
1508046,Gregory Zaragoza,0.2504,1,True
1530555,Brett Edwards,0.18,1,True
2747860,Gary Nohealii,0.0554,1,True
1685356,Isabel Arraiza,0.4063,1,True
1382755,John Harlan Kim,0.667,1,True
1476037,Maya Kazan,0.2919,2,True
82136,Richard Zeppieri,0.3314,1,True
1694260,Patrick McManus,0.0648,1,True
1590230,Edie Inksetter,0.2558,1,True
131546,Thomas Mitchell,0.1515,4,True
2725451,Trevor Gretzky,0.4778,3,True
2581380,Chris Ramsay,0.0679,4,True
76101,Dylan Roberts,0.157,1,True
2663771,Ali Johnson,0.1321,1,True
1411181,Brian Cook,1.1583,1,True
2337629,Rina Sawayama,0.3115,5,True
3779452,Aimée Kwan,0.0977,1,True
118370,Marko Zaror,0.6395,3,True
570010,George Georgiou,0.2141,1,True
2422484,Yoshinori Tashiro,0.1071,1,True
1327564,Andrej Kaminsky,3.0253,1,True
2798462,Iman Vellani,0.5965,6,True
1347525,Park Seo-jun,0.8744,7,True
1014905,Mohan Kapur,0.5771,1,True
2889306,Saagar Shaikh,0.2451,1,True
2044882,Leila Farzad,0.3226,1,True
1131724,Daniel Ings,0.907,1,True
2197138,Alex Hughes,0.0571,1,True
1416383,Jim Cummings,0.1854,5,True
209087,Scott MacArthur,1.1143,1,True
3274599,Ross Bacon,0.0143,1,True
3274610,Christian Michael Pates,1.3665,1,True
85144,Candice King,1.0475,6,True
20960,Rob Estes,0.5376,1,True
2387938,Max Ragone,0.0822,1,True
2387367,John Jackson Hunter,0.1032,1,True
1428423,Jon W. Sparks,2.3505,1,True
3704264,Sinclair Daniel,0.1974,1,True
1919708,Juliana Davies,0.4742,1,True
3651651,Peter Dager,0.2406,1,True
4150262,Justin Sturgis,0.0168,1,True
118076,David Call,0.5288,1,True
2791027,Stephen Gray,0.0398,1,True
2214765,Demi Singleton,0.2511,1,True
2988968,Mikayla LaShae Bartholomew,0.1308,1,True
113734,Erin Cummings,1.0293,1,True
85824,Katrina Begin,0.7305,1,True
1299192,Craig Tate,0.4157,1,True
3280234,Calvin Clausell Jr.,0.0404,1,True
2343267,Micah Abbey,0.119,1,True
3127719,Shamon Brown Jr.,0.5071,1,True
1696351,Nicolas Cantu,0.6587,1,True
1971031,Natasia Demetriou,0.416,5,True
94876,Helen Thomson,0.4564,1,True
971937,Gary Clark Jr.,0.1527,6,True
2546312,Yola,0.0718,4,True
1186660,Natasha Bassett,0.7095,1,True
3430988,Adam Dunn,0.5083,1,True
1457509,Charles Allen,2.7623,1,True
2765459,Thomas Larkin,1.3273,1,True
113332,Aleksey Serebryakov,0.6017,4,True
63814,Billy MacLellan,0.2666,1,True
1959472,Araya Mengesha,0.2206,1,True
2593447,Paisley Cadorath,3.5553,1,True
1337737,Aleksandr Pal,0.7831,3,True
1847915,Humberly González,1.0413,1,True
1793734,Edsson Morales,0.1536,1,True
1780955,Adrian McLean,0.2609,1,True
2426922,Margaryta Soldatova,1.8772,1,True
2511594,Megan Best,1.4161,1,True
54216,Stephen Eric McIntyre,1.0783,1,True
1057068,Han Yeri,0.4582,1,True
1080935,Youn Yuh-jung,0.504,8,True
2476742,Alan Kim,0.2472,1,True
2476741,Noel Kate Cho,0.073,1,True
2527851,Esther Moon,0.8679,1,True
1486237,Ben Hall,0.0928,1,True
126199,Eric Starkey,0.1018,1,True
2736439,Jacob Wade,0.0311,1,True
1949439,James Carroll,0.0327,1,True
1500802,Jenny Phagan,0.0726,1,True
147085,Tina Parker,0.525,1,True
2341889,Chloe Lee,0.132,1,True
2924664,Joel Telford,0.0336,1,True
1977759,Melissanthi Mahut,1.216,1,True
1503556,Whoopie van Raam,0.2563,1,True
1600494,Kiran Sonia Sawar,0.3351,1,True
2583691,Felix Mayr,0.2524,1,True
548608,Guo Tao,0.5809,4,True
1844395,Dai Lele,0.5622,1,True
1828107,Ivy Tsui,0.2892,1,True
1413390,Diego Calva,0.2863,6,True
932143,J.C. Currais,0.0822,1,True
21401,Marcos A. Ferraez,0.7402,1,True
117569,Shane Powers,0.1083,1,True
145247,Phoebe Tonkin,1.2855,6,True
1409953,Troy Metcalf,0.1047,1,True
1682377,Hansford Prince,0.1338,1,True
1517453,Telvin Griffin,0.4035,1,True
1216081,Albert Hammond Jr.,0.0598,7,True
151356,Jennifer Grant,1.0492,7,True
3430524,Khalil Middleton,0.048,1,True
2126621,Kat Cunning,0.222,4,True
2006019,Diego Lucano,0.0261,1,True
3423822,Connor Noon,0.1332,1,True
1971197,Ryan Foust,0.0732,1,True
3650520,Léah Jiménez Zelaya,0.0071,1,True
3407707,Tristan-Lee Edwards,0.0214,1,True
1910683,Carly Rees,0.058,1,True
1229578,Brooke Satchwell,2.055,7,True
214556,Indiana Evans,1.078,7,True
3101528,Lilou Siauvaud,0.166,4,True
20532,Moussa Maaskri,0.295,4,True
19370,Anne Le Ny,0.5444,7,True
2024090,Idir Azougli,0.309,4,True
500341,Naidra Ayadi,0.1793,4,True
1174340,Gilbert Traïna,0.0648,1,True
1666261,Pierre Piacentino,0.0071,1,True
3585954,Hamza Baggour,0.0071,1,True
1494014,Jean-Marc Michelangeli,0.0495,1,True
3211876,Nassiriat Mohamed,0.0362,1,True
2227718,Mahia Zrouki,0.0618,1,True
2461073,Chase W. Dillon,0.4047,4,True
1763912,J.R. Adduci,0.493,4,True
2043169,Creek Wilson,0.1823,4,True
1945262,Ben Bladon,0.0768,1,True
1199824,Lindsay Lamb,0.1808,4,True
1411598,Charity Jordan,0.1125,4,True
1939684,Fedor Steer,0.1395,4,True
171896,Mike Benitez,0.175,4,True
21619,Marilu Henner,1.074,8,True
1196041,Rohan Campbell,0.6277,4,True
3740402,Destiny Mone,0.0407,1,True
3740404,Joey Harris,0.1803,1,True
3740408,Marteen,0.0336,1,True
59846,Joanne Baron,0.2098,4,True
2053001,Rick Moose,0.0261,1,True
3408430,Michele Dawson,0.0662,1,True
1679488,Keraun Harris,0.225,1,True
106797,Michael O'Leary,0.0725,4,True
65447,Sarah Niles,1.4608,7,True
5542969,Ada Scott,0.0429,1,True
5568722,Maisie Shakman,0.0286,1,True
1510974,Tallulah Haddon,0.2401,4,True
3655395,Aurélien Lorgnier,0.0286,1,True
1254882,Bryony Hannah,0.411,7,True
1588307,Thomas Silberstein,0.0936,4,True
1346437,Adam Goodwin,0.0995,4,True
17781,Stephen Brennan,1.3193,4,True
2754753,Sydney Chandler,3.6088,7,True
1822025,Asif Ali,0.4088,7,True
2190083,Ari'el Stachel,0.1869,4,True
206311,Steve Berg,0.6221,4,True
3720511,Daisy Sudeikis,0.0286,1,True
2460332,Marcello Julian Reyes,0.0621,1,True
593202,Maddie Hasson,1.0207,7,True
1622199,George Young,0.254,4,True
536271,Michole Briana White,0.6457,7,True
62547,Susanna Thompson,1.1255,8,True
154608,Amir Aboulela,0.2351,4,True
144975,Mercedes Colon,0.4862,4,True
1161711,Jon Lee Brody,1.1202,7,True
77912,Andrew Lewis Caldwell,0.3535,4,True
1726859,Toby Onwumere,1.4667,7,True
38773,Max Riemelt,0.599,7,True
124698,Joshua Grothe,0.2002,4,True
22541,Brian J. Smith,0.4339,7,True
970672,Eréndira Ibarra,0.458,7,True
1685880,Austin P. McKenzie,0.0812,4,True
1181328,Stephen Louis Grush,0.3557,4,True
555652,Lucy Faust,0.2353,4,True
1344365,Devyn A. Tyler,0.2218,4,True
550472,Samantha Beaulieu,0.7901,4,True
3376396,Aavi Haas,0.1238,1,True
2092052,Ryder McLaughlin,0.397,4,True
1387665,Luke Forbes,0.1645,4,True
3255984,Darren Keilan,0.2685,1,True
3304753,Eric Urbiztondo,0.0404,1,True
3116821,Darin Keith Martin,0.1466,1,True
3376382,Justin Louis Weiss,0.0496,1,True
1539711,Devin White,0.045,1,True
1517706,Luke Jones,0.1341,4,True
1855491,Skyler Joy,0.2274,4,True
2045023,Tory Freeth,0.0991,1,True
1459439,Patricia Isaac,0.317,4,True
2026050,Emmy Raver-Lampman,0.6451,8,True
227477,Nicole LaLiberte,0.5412,7,True
2189049,Joy Sunday,1.762,7,True
1576058,Lilly Singh,0.4701,9,True
85294,Barbara Goodson,0.2735,7,True
41129,Dina Morrone,0.3594,4,True
972294,Michael Godere,0.4135,4,True
969316,Ben Aldridge,0.3382,7,True
1473432,Abby Quinn,0.389,7,True
3645646,Kristen Cui,0.1423,1,True
1816366,McKenna Kerrigan,0.2316,4,True
944574,Ian Merrill Peakes,0.0865,4,True
3933126,Denise Nakano,0.0143,1,True
2977776,Rose Luardo,0.0357,1,True
1343847,Billy Vargus,0.119,1,True
2138636,Satomi Hofmann,0.0461,1,True
4219900,Kevin Leung,0.0168,1,True
3078311,Lee Avant,0.064,1,True
3095904,Odera Adimorah,0.0214,1,True
1763709,Aaron Pierre,1.8788,8,True
2380384,Alexa Swinton,0.7148,1,True
1274513,Francesca Eastwood,0.7554,8,True
2018724,Margaux Da Silva,1.1574,7,True
2067034,Cricket Brown,0.4091,1,True
647347,Diogo Morgado,0.4249,1,True
50588,Bates Wilder,0.2073,1,True
87194,Christine Adams,0.9452,7,True
1732327,Dustin Tucker,0.0828,1,True
2212584,Gisela Chípe,0.1971,1,True
1855615,Danny Corbo,0.1251,1,True
1855616,Sonny Corbo,0.0806,1,True
1652384,Michael Strauss,0.0286,1,True
3042666,Madison LaPlante,0.0286,1,True
72128,José María Yázpik,0.2385,6,True
1913987,Kathy-Ann Hart,0.1654,1,True
1480514,Josh Drennen,0.3309,1,True
4535123,Yuma Feldman,0.0782,1,True
4535126,Miranda Adekoje,0.0733,1,True
3085281,Deirdre McCourt,0.1137,1,True
2419575,Jacob Perez,0.6036,1,True
589722,Teresa Ruiz,0.6589,1,True
2133918,Sean A. Rosales,0.2206,1,True
2090180,Alfredo Quiroz,0.0631,1,True
1488519,Antonio Leyba,0.4319,1,True
3979466,Ann Barrett Richards,0.0,1,True
79239,Clark Sanchez,0.0812,1,True
307885,Alex Knight,0.3803,1,True
1490641,David DeLao,0.2564,1,True
3979460,Harry Maldonado,0.0311,1,True
1337186,Grayson Berry,1.1448,7,True
457386,Arian Moayed,0.7465,7,True
1323109,Aisling Franciosi,1.1135,8,True
1224010,Jon Jon Briones,0.3734,6,True
1291166,Martin Furulund,0.1217,1,True
1238110,Nikolai Nikolaeff,0.3847,1,True
1945369,Woody Norman,0.4577,1,True
1715223,Graham Turner,0.2156,1,True
1476138,Andy Murray,0.1049,1,True
2810585,Christopher York,0.0826,1,True
4227135,Vladimir Cabak,0.0143,1,True
1384499,Chris Reilly,0.289,1,True
1362813,Niamh Algar,1.1941,7,True
1256162,Tadhg Murphy,0.5947,6,True
2766048,Alessandro Babalola,0.6596,6,True
1355139,Rebecca Calder,1.0045,7,True
2502877,Catharine Daddario,1.0335,7,True
4712399,Audrey Hoffman,0.0687,1,True
2575303,Laquet Sharnell Pringle,0.0398,1,True
164258,Barbara Andres,0.4568,1,True
4727486,Alexander Rivero,0.0168,1,True
2532098,Javon Walton,1.5717,8,True
1713668,Brian Sommer,0.0614,1,True
76029,Courtenay Taylor,0.3914,1,True
83272,Cherami Leigh,0.3563,1,True
993902,Mary Faber,0.1811,1,True
1448951,Charlet Chung,0.3531,1,True
1428295,Gustav Lindh,0.5373,6,True
2748015,Elliott Rose,1.0285,7,True
1905687,Phill Martin,0.1797,1,True
1543921,Eldar Skar,0.4466,6,True
933272,Olwen Fouéré,0.2935,6,True
2748019,Edgar Abram,0.0721,1,True
2769701,Jack Gassmann,0.0261,1,True
2975883,Jack Walsh,0.0725,1,True
1602424,Mark Weinman,0.2353,1,True
1126237,Ross Mullan,0.117,1,True
2677070,Tom Clark,0.0662,1,True
3757664,Leonardo Taiwo,1.2671,7,True
1202168,Milton Lopes,1.8144,7,True
124682,Alexia Murray,0.5804,6,True
26669,Vincent Riotta,0.4568,6,True
35103,Gaetano Bruno,0.2627,1,True
1264979,Youssef Kerkour,0.2444,1,True
64710,Reeve Carney,0.3166,7,True
3075751,Florence Andrews,0.0533,1,True
1599254,Miloud Mourad Benamara,0.5641,6,True
110418,Eric Alexander,2.1083,7,True
1373659,Melissa Barrera,1.0011,8,True
1508653,Jasmin Savoy Brown,0.5874,8,True
1159576,Sonia Ammar,0.1482,1,True
2853784,Reggie Conquest,0.0939,1,True
2453169,Lilly Krug,1.1721,7,True
1701014,Kelly Gale,0.2297,1,True
1736538,Otis Winston,0.5106,1,True
4190464,Fernando Chang,0.0256,1,True
3757393,Rose Eshay,0.2486,1,True
3757394,Ricky Robles Cruz,0.0664,1,True
145326,Alessandra Mastronardi,0.5084,7,True
224870,Paco León,0.4745,7,True
2037930,Katrin Vankova,0.2173,1,True
3518775,Anna MacDonald,0.1876,1,True
2819275,Luke McQueen,0.0398,1,True
7053,Gregor Fisher,0.3366,4,True
7060,Martin Freeman,2.0158,10,True
7061,Joanna Page,0.3098,4,True
7059,Heike Makatsch,0.4687,4,True
25663,Thomas Brodie-Sangster,2.7155,9,True
17289,Rodrigo Santoro,1.05,8,True
10730,Rowan Atkinson,1.2139,10,True
7055,Sienna Guillory,1.4195,8,True
96076,Meredith Ostrom,1.8389,4,True
29930,Ivana Miličević,1.625,4,True
31717,January Jones,1.1436,9,True
25837,Elisha Cuthbert,3.7822,9,True
9205,Denise Richards,2.2415,9,True
18022,Gina McKee,0.8925,4,True
41043,Tim McInnerny,1.0165,4,True
7026,Rhys Ifans,1.2406,8,True
7446,Emma Chambers,0.5045,4,True
19923,Hugh Bonneville,1.0845,8,True
7025,Richard McCabe,0.3314,4,True
7027,James Dreyfus,0.4275,4,True
7028,Dylan Moran,0.2266,4,True
7029,Roger Frost,0.5959,4,True
7030,Henry Goodman,0.354,4,True
7031,Julian Rhind-Tutt,0.6369,4,True
7032,Lorelei King,0.1386,1,True
11617,Mischa Barton,1.4186,9,True
54447,Samuel West,1.5823,4,True
7071,Louise Fletcher,0.9642,8,True
7072,William Redfield,0.3347,4,True
7077,Scatman Crothers,0.8251,4,True
68301,Will Sampson,0.5821,4,True
7075,Dean R. Brooks,0.1442,1,True
7073,Michael Berryman,0.5006,4,True
7085,Sydney Lassick,0.2612,4,True
7079,William Duell,0.2192,4,True
7076,Alonzo Brown,0.0393,1,True
7078,Mwako Cumbuka,0.2383,4,True
1544194,Mimi Sarkisian,1.6145,4,True
6968,Hugh Jackman,2.7032,10,True
6972,Ian McShane,3.1367,9,True
4391,Charles Dance,2.8863,9,True
6979,Romola Garai,1.0057,8,True
6978,Jim Dunk,0.0954,1,True
42663,Robert Bathurst,0.3813,4,True
6969,Geoff Bell,1.6458,4,True
6970,Christopher Fulford,0.4316,4,True
6971,Nigel Lindsay,0.3814,4,True
6973,Fenella Woolgar,0.2585,4,True
2686617,Pete Mastin,0.0261,1,True
6974,Doreen Mantle,0.3714,4,True
2065,David Schneider,0.1914,4,True
65642,John Light,1.2457,4,True
37442,Caroline Blakiston,1.3721,4,True
55645,Victoria Hamilton,2.6921,8,True
4517,Joe Pesci,1.7626,10,True
4512,James Woods,2.3461,9,True
7167,Don Rickles,0.5482,4,True
7169,Alan King,0.2711,4,True
7166,Kevin Pollak,0.94,8,True
8262,L.Q. Jones,0.8201,4,True
166789,Dick Smothers,0.168,4,True
7164,Frank Vincent,0.6931,4,True
99906,John Bloom,0.1484,1,True
7165,Pasquale Cajano,0.341,4,True
105623,Melissa Prophet,0.3151,4,True
1574239,Bill Allison,0.1035,1,True
7168,Vinny Vella,0.1745,4,True
7424,Oscar Goodman,0.0672,1,True
1738942,Craig Vincent,2.2553,4,True
98120,Bret McCormick,1.6845,4,True
7171,John Belushi,0.9258,9,True
7172,James Brown,0.1954,10,False
7173,Cab Calloway,0.164,4,True
7174,Ray Charles,0.2646,10,False
7175,Aretha Franklin,0.2665,10,False
7176,Steve Cropper,0.1492,4,True
7177,Donald 'Duck' Dunn,0.2679,4,True
7178,Murphy Dunne,0.3061,4,True
7179,Willie Hall,0.2244,4,True
76150,Tom Malone,0.2474,4,True
7208,Lou Marini,0.065,4,True
7209,Matt Murphy,0.7916,4,True
122115,Alan Rubin,0.0782,1,True
19439,Henry Gibson,0.6332,4,True
7180,John Candy,1.5149,9,True
51579,Steven Williams,1.1522,4,True
7908,Frank Oz,1.0355,8,True
4756,Matthew Broderick,1.4692,9,True
7192,Leo McKern,0.4443,4,True
7194,Ken Hutchison,0.1777,4,True
7195,Giancarlo Prete,0.2956,4,True
7196,Loris Loddi,0.2719,4,True
7198,Charles Borromel,0.3333,4,True
27279,Massimo Sarchielli,0.1733,4,True
1831105,Nicolina Papetti,0.1965,1,True
7197,Alessandro Serra,0.0404,1,True
22312,Venantino Venantini,0.2639,4,True
1229807,Gregory Snegoff,0.1501,4,True
7317,Peter Sallis,0.6017,4,True
7318,Peter Kay,0.2719,4,True
144291,Joanna Bobin,0.2867,1,True
1437829,Danya LaBelle,0.0883,1,True
1529017,Rhonda Johnson Dents,0.7294,1,True
3722881,Rosha Washington,0.1145,1,True
177403,James Moses Black,0.5409,1,True
2146942,Freya Allan,1.5714,8,True
1444816,Peter Macon,0.7194,1,True
966554,Eka Darville,0.3298,1,True
1394427,Travis Jeffery,0.3667,1,True
2435321,Lydia Peckham,0.3189,1,True
3757983,Ras-Samuel Welda'abzgi,0.1376,1,True
103406,Sara Wiseman,0.4577,1,True
2646671,Kaden Hartcher,0.131,1,True
4472548,Nina Gallas,0.0583,1,True
2632353,Samuel Falé,0.0602,1,True
1642789,Madelyn Cline,4.4321,9,True
1968242,Will Harrison,0.2302,1,True
1664022,Joe Tippett,0.4464,1,True
69287,Eriko Hatsune,0.4427,1,True
4051614,Lenny Grossman,0.0453,1,True
1192821,David Wenzel,0.7365,1,True
3098527,Riley Hashimoto,0.0071,1,True
5148592,Eloise Peyrot,0.0256,1,True
1880016,David Howard Thornton,0.9507,7,True
1882502,Lauren LaVera,0.9734,7,True
2787720,Elliott Fullam,0.7867,6,True
3383606,Sarah Voigt,1.2839,7,True
3790695,Kailey Hyman,0.6251,1,True
1202687,Casey Hartnett,0.514,1,True
2119066,Charlie McElveen,0.1735,1,True
2807731,Amelie McLain,0.1062,1,True
3750570,Johnath Davis,0.1918,1,True
1676771,Samantha Scaffidi,0.8758,7,True
3110932,Leah Voysey,0.078,1,True
105656,Chris Irvine,0.3883,1,True
74673,Felissa Rose,0.2421,1,True
2531838,Owen Myre,0.0511,1,True
2034960,Griffin Santopietro,0.4857,1,True
2787721,Devon Roth,0.1513,1,True
225216,Katie Maguire,1.7078,7,True
1992589,Sheri Fairchild,1.0478,7,True
102777,Mel Fair,0.3352,1,True
60632,Rebecca Wisocky,1.0864,7,True
1387126,Teo Yoo,0.5528,7,True
2309873,Moon Seung-ah,0.7895,7,True
3888559,Yim Seung-min,0.8146,6,True
109646,Yoon Ji-hye,0.3336,1,True
1258630,Choi Won-young,0.6892,6,True
1696022,An Min-young,0.1829,1,True
1998038,Seo Yeon-woo,0.1345,1,True
2519070,Chang Ki-ha,0.145,1,True
4039664,Shin Hee-cheol,0.1623,1,True
4064869,Park Jun-hyuk,0.0802,1,True
3359748,Jack Alberts,0.0362,1,True
3617066,Jane Yubin Kim,0.7422,6,True
4499213,Song Noo-ri,0.0143,1,True
4499214,Jin Si-ah,0.0942,1,True
1412150,Emily Cass McDonnell,1.5394,7,True
1700631,Liza Koshy,1.396,10,False
2627590,Cristo Fernández,0.3194,1,True
2940842,Dean Scott Vazquez,1.3612,7,True
3002060,Tobe Nwigwe,0.26,7,True
90461,Leni Parker,0.3016,1,True
2069637,Frank Marrs,0.6785,1,True
4068148,Madeleine Yuna Voyles,0.5568,1,True
1616920,Amar Chadha-Patel,0.5581,7,True
212776,Marc Menchaca,1.3319,7,True
1636654,Robbie Tann,0.2162,1,True
1823155,Ian Verdun,0.6479,1,True
3891507,Daniel Ray Rodriguez,0.0486,1,True
3137411,Rad Pereira,0.0143,1,True
4002188,Syd Skidmore,0.0429,1,True
1782455,Karen Aldridge,1.5647,7,True
1609278,Niko Rusakov,1.0247,6,True
83278,Pat Shortt,0.1112,7,True
1597386,Sheila Flitton,0.1337,1,True
1907071,Bríd Ní Neachtain,1.2825,1,True
37169,Jon Kenny,0.1922,6,True
210061,Aaron Monaghan,0.664,7,True
3879013,John Carty,0.0071,1,True
3879015,Oliver Farrelly,0.0143,1,True
3795945,Lasairfhíona Ní Chonaola,0.0214,1,True
4054257,James Carty,0.0168,1,True
2419826,Conor Connolly,0.0214,1,True
1212864,Colleen O'Shaughnessey,0.3613,7,True
50266,Shemar Moore,1.4307,9,True
2921203,Brad Kalilimoku,0.3172,1,True
1769286,Krista Alvarez,0.0946,1,True
2553214,Donna Jay Fulks,0.1135,1,True
134612,Scott Patey,0.1382,1,True
1227611,Ron Pardo,0.3538,7,True
3044930,Will Brisbin,0.0672,1,True
3227497,Kingsley Marshall,0.1239,1,True
2717685,Keegan Hedley,0.1396,1,True
2087336,Shayle Simons,0.1447,1,True
2412016,Lilly Bartlam,0.1729,1,True
2676,Kim Roberts,0.3316,1,True
1407498,Marsai Martin,0.5907,8,True
3046211,Monique Alvarez,0.0453,1,True
1512137,Jamillah Ross,0.1724,1,True
3759632,Mila Davis-Kent,0.1276,1,True
3636888,José Benavidez Jr.,0.0772,1,True
162503,Selenis Leyva,0.5636,3,True
2864869,Thaddeus J. Mixson,0.5874,3,True
1903010,Spence Moore II,0.3705,2,True
3951086,Ann Najjar,0.0505,1,True
3318460,Terence Crawford,0.0857,1,True
1813752,Bobby Hernandez,0.1979,1,True
1246392,Kimberly Dawn Davis,2.952,8,True
3452313,Yessica Borroto Perryman,0.2166,2,True
72983,Manny Perez,0.3219,2,True
93649,Javier Godino,0.1585,1,True
51656,James Quattrochi,0.1531,1,True
3348914,Eduardo Gomez Monteverde,0.051,1,True
2261058,Gustavo Angarita Jr.,0.1542,1,True
2230991,Daisy Edgar-Jones,1.4296,6,True
1246618,Sterling Macer Jr.,0.2749,2,True
3284240,Logan Macrae,0.1152,1,True
42905,Bill Kelly,0.4922,3,True
3052590,Jojo Regina,1.2895,5,True
2444662,Luke David Blumm,0.3371,2,True
3495371,Blue Clarke,0.0311,1,True
3495453,Will Bundon,0.0495,1,True
1514474,Jayson Warner Smith,0.1629,1,True
2037046,Souheila Yacoub,0.4977,3,True
4033288,Alison Halstead,0.0704,1,True
2340180,Hunter Schafer,2.145,7,True
3568188,Dexter Sol Ansell,0.1185,1,True
4450662,Rosa Gotzler,0.0853,1,True
1583971,Ashley Liao,0.3122,2,True
1977981,Athena Strates,0.6638,3,True
4444754,Joshua Kantara,0.1261,1,True
2333351,Amélie Hoeferle,2.0856,7,True
3391672,Knox Gibson,1.0667,4,True
4434705,Riley Chung,1.1455,4,True
1021689,Anamaria Vartolomei,1.4734,6,True
1016119,Tim Key,0.7027,3,True
4311370,Michael Monroe,0.1785,1,True
3076,Ian Hanmore,0.6233,3,True
1255827,Lloyd Hutchinson,0.6006,3,True
171997,Vanessa Liguori,0.4696,2,True
2204260,Jon Bailey,0.1296,1,True
1375036,Jason Konopisos-Alvarez,0.2434,2,True
1613049,Evan Michael Lee,0.0743,1,True
571562,Steve Blum,0.538,3,True
1475362,Jinny Chung,0.1373,1,True
98415,Nika King,0.4058,2,True
1186659,Lily Sullivan,0.6759,3,True
144080,Morgan Davies,1.1622,4,True
3128781,Gabrielle Echols,0.2151,2,True
3128782,Nell Fisher,0.7444,3,True
2623749,Jayden Daniels,0.1653,1,True
3745221,Mirabai Pease,0.5384,3,True
3548510,Tai Wano,0.5625,3,True
2556401,Noah Paul,0.0737,1,True
4032562,Melissa Xiao,0.0959,1,True
3548511,Billy Reynolds-McCarthy,0.0256,1,True
2466900,Richard Crouchley,0.1501,1,True
1964539,Anna-Maree Thomas,0.1563,1,True
3262411,Jack Nielen,0.0143,1,True
3262412,Freddie Spry,0.3022,2,True
1287084,Jack Farthing,0.1975,1,True
134699,Stella Gonet,0.5605,3,True
1116106,Lore Stefanek,0.073,1,True
121721,Amy Manson,0.4078,2,True
1841077,Wendy Patterson,0.1043,1,True
2451462,Libby Rodliffe,0.0409,1,True
1741367,Alana Haim,0.464,2,True
2764542,Cooper Hoffman,1.153,4,True
1741368,Danielle Haim,1.1849,4,True
3334740,Moti Haim,0.0441,1,True
3334741,Donna Haim,0.0362,1,True
3029979,Nate Mann,1.0738,4,True
1102500,Dale Soules,0.288,2,True
1332680,Uzo Aduba,0.8519,4,True
1537978,Mary McDonald-Lewis,0.1698,1,True
3526325,Keira Hairston,0.0495,1,True
1091875,William Calvert,0.1207,1,True
1602972,Brandon Perea,0.4705,2,True
1829245,Daryl McCormack,0.6369,3,True
1785590,David Corenswet,4.9288,9,True
94476,Tunde Adebimpe,0.2233,2,True
110993,David Born,0.1275,1,True
1381496,Laura Poe,0.0992,1,True
2550161,Bad Bunny,0.7872,4,True
3687347,Kevin Akiyoshi Ching,0.0168,1,True
1709726,Minchi Murakami,0.1827,1,True
2264206,Kaori Taketani,0.047,1,True
2120814,Adain Bradley,0.72,3,True
2749024,Avantika,0.3946,2,True
1849954,Wolfgang Novogratz,0.9549,4,True
2388831,Larsen Thompson,0.3626,2,True
1541593,Sunčica Milanović,0.1165,1,True
121204,Alan Wells,0.1498,1,True
2719906,Joss Carter,0.0689,1,True
2215526,James Swanton,0.1951,1,True
3382280,Staša Nikolić,0.1135,1,True
1278483,Cavin Cornwall,0.0952,1,True
4757324,Lucy Ridley,0.0071,1,True
2286339,Thuso Mbedu,0.5129,3,True
2015187,Jimmy Odukoya,0.5407,1,True
2538481,Masali Baduza,0.2992,1,True
1165923,Adrienne Warren,0.1893,4,True
3616915,Chioma Antoinette Umeala,0.1298,1,True
3863454,Siyamthanda Makakane,0.0293,1,True
2410230,Shaina West,0.1941,1,True
1331834,Sivuyile Ngesi,0.1136,1,True
2067536,Riaan Visman,0.1197,1,True
2934629,Bugzy Malone,0.1287,2,True
1297438,Lourdes Faberes,0.75,2,True
66587,Max Beesley,0.6604,4,True
1338488,Aksel Üstün,0.1604,1,True
65451,Oliver Maltman,0.3242,2,True
1333845,Eugenia Kuzmina,0.3971,2,True
1699694,Vincent Wang,0.093,1,True
145408,Kaan Urgancıoğlu,1.1481,4,True
2035329,Chance Perdomo,0.6028,5,True
1845809,Frances Turner,0.4615,2,True
142115,Kiana Madeira,0.6031,3,True
2916706,Anton Kottas,0.1409,1,True
3293373,Velizar Nikolaev Biney,0.0214,1,True
1934098,Matthew Hall,0.0143,1,True
3719635,Franklin Kendrick,0.0071,1,True
2295806,Ben Knight,0.1564,1,True
3054747,Matuse Paz,0.2388,1,True
2917826,Ioane Sa'ula,0.0621,1,True
2283795,Gregory J. Fryer,0.2097,1,True
2380037,Madeleine Wilson,0.2067,1,True
4698603,Kalkidan China,0.0362,1,True
3081917,Angela Nica Sullen,0.0143,1,True
167393,Heather Thomas,1.6301,6,True
21422,Brett Goldstein,0.9801,7,True
2692283,Janelle James,0.3399,4,True
2352372,Angus Cloud,0.6681,6,True
60736,Jeff Foxworthy,0.2502,6,True
2839160,Luke Cinque-White,0.0637,1,True
3485760,Dev Joshi,0.0398,1,True
2898697,Eduardo Minett,0.1419,1,True
586303,Natalia Traven,0.3357,1,True
955954,Fernanda Urrejola,0.467,2,True
52746,Horacio García Rojas,0.2949,1,True
210855,Paul Alayo,0.2582,1,True
1739667,Brytnee Ratledge,0.4626,1,True
1914742,Amber Lynn Ashley,1.3326,2,True
1378735,Alexandra Ruddy,0.2214,1,True
3156635,Sebestien Soliz,0.0214,1,True
1658437,Daniel V. Graulau,0.1869,1,True
3258859,Abiah Martinez,0.0071,1,True
3258860,Ramona Thornton,0.0,1,True
3258861,Elida Munoz,0.0261,1,True
21144,Joan Pringle,0.3645,3,True
1676666,Héctor Aníbal,0.2451,1,True
228203,Olga Buccarelli,0.0503,1,True
1321411,Raymond Lee,0.3187,3,True
1231402,Mark Bonnar,1.0605,3,True
2599915,Riana Duce,0.1993,1,True
1700994,Edouard Philipponnat,0.8527,2,True
1386824,John Hollingworth,0.354,1,True
2026407,Abubakar Salim,0.4694,2,True
2858894,Thom Ashley,0.0541,1,True
54676,Jannis Niewöhner,0.7277,2,True
176215,Robert Goodman,1.0977,2,True
2803710,Mason Thames,3.313,6,True
1694113,Troy Rudeseal,0.388,1,True
3586928,Miguel Mora,1.2735,2,True
3609422,Rebecca Clarke,0.3195,1,True
2706071,J. Gaven Wilde,0.163,1,True
3053619,Spencer Fitzgerald,0.127,1,True
3053618,Jordan Isaiah White,0.0868,1,True
3053615,Brady Ryan,1.0863,2,True
3267288,Tristan Pravong,0.1081,1,True
3053616,Jacob Moran,0.2617,1,True
3013234,Brady Hepner,1.2289,2,True
3053612,Ryan Cronan,1.1616,2,True
210454,Alex Essoe,0.6953,3,True
4041888,Peter DeSouza-Feighoney,0.277,1,True
2850009,Laurel Marsden,0.397,1,True
3361260,Ryan O'Grady,0.1101,1,True
3294934,Bianca Bardoe,0.7013,2,True
3964075,Carrie Munro,0.7892,2,True
2198643,Santi Bayón,0.0694,1,True
1149826,Paloma Bloyd,0.6355,2,True
2053747,Alessandro Gruttadauria,0.1166,1,True
3935518,River Hawkins,0.0398,1,True
980858,Jordi Collet,0.0596,1,True
1149656,Marc Velasco,1.4022,2,True
132220,Owen Campbell,0.4529,2,True
54492,James Gaylyn,0.4481,1,True
1238425,Simon Prast,0.258,1,True
197767,Geoff Dolan,0.211,1,True
3079266,Bryony Skillington,0.0848,1,True
1438277,Leah Sava Jeffries,0.5948,3,True
1877835,Iyana Halley,0.3584,2,True
2073065,Martin Munro,0.2177,1,True
3668443,Liyabuya Gongo,0.0932,1,True
1138169,Daniel Hadebe,0.1831,1,True
3171983,Thapelo Sebogodi,0.0643,1,True
3668444,Mduduzi Mavimbela,0.0668,1,True
2387578,Chris Gxalaba,0.0484,1,True
3668445,Kazi Khuboni,0.0214,1,True
3698268,Chris Langa,0.0621,1,True
1270320,Emily Kusche,0.3516,1,True
3499962,Luca Márkus,0.7927,2,True
234776,Bernhard Piesk,0.1836,1,True
84071,Michael S. Ruscheinsky,0.0896,1,True
3482769,Antonije Stankovic,0.0214,1,True
145469,Christian Koerner,0.1229,1,True
4236664,Gerhard Elfers,0.0214,1,True
4236665,Tine Gerhäeusser,0.0071,1,True
1998990,Peter Miklusz,0.0543,1,True
1847948,Eliane Umuhire,0.1248,1,True
4821276,Takunda Khumalo,0.2269,1,True
2871745,Alfie Todd,0.3756,1,True
4821279,Avy-Berry Worrall,0.1031,1,True
3839399,Benjamin Wong,0.0261,1,True
2044689,Michael Roberts,0.1045,1,True
4821282,Gavin Fleming,0.0193,1,True
1700997,Elijah Ungvary,0.9609,2,True
3238042,Alexander John,0.0193,1,True
4755922,Thara Schöön,0.0875,1,True
4803251,Thea Butler,0.1055,1,True
205772,Wrenn Schmidt,0.6557,3,True
111518,Devon Graye,0.5098,2,True
2340185,Barbie Ferreira,2.2279,6,True
3494334,Jacob Kim,0.0599,1,True
2000341,Sophia Coto,0.0895,1,True
1287658,Jennifer Lafleur,0.3048,2,True
107529,Kagiso Lediga,1.4369,3,True
1680929,Blue Ivy Carter,0.317,8,True
3023201,Braelyn Rankins,0.09,1,True
4683002,Theo Somolu,0.0362,1,True
1898600,Jackson White,0.4483,2,True
126337,Olivia Stambouliah,0.1917,1,True
2042908,Moses Ingram,0.6059,4,True
123587,Cedric Sanders,0.2534,1,True
78398,A Martinez,1.4008,4,True
66525,Jesse García,0.5057,2,True
2220663,Wale Folarin,0.0368,1,True
1371263,Devan Chandler Long,0.8348,2,True
1793783,Charlie Cooper,0.6363,3,True
1754638,Pearl Chanda,1.1829,3,True
183212,Gregory Cox,0.3334,1,True
1028974,Oliver Jackson,0.0825,1,True
3378861,Tomi Ogbaro,0.0362,1,True
1648728,Sian Clifford,0.7755,4,True
1944459,Jacob Fortune-Lloyd,0.766,3,True
1988,Tracy Vilar,0.2349,2,True
2191238,Kimberly Cheng,0.0575,1,True
1679806,Lauren B. Mosley,0.0214,1,True
1767444,Lisa Yamada,0.4455,1,True
3167634,Sharar Ali-Speakes,0.0286,1,True
1868131,Michael Segovia,0.1036,1,True
2112698,Jameel Shivji,0.0453,1,True
3065081,Lewis McAskie,0.0361,1,True
1726976,Lara McDonnell,0.2999,2,True
1709739,Josie Walker,0.114,1,True
2893134,Olive Tennant,0.3286,1,True
1474032,Turlough Convery,0.4372,1,True
2163883,Chris McCurry,0.0595,1,True
1517871,Elly Condron,0.1174,1,True
1611824,Paapa Essiedu,0.5936,3,True
1782144,Gayle Rankin,0.4138,3,True
1977143,Sarah Twomey,0.2455,1,True
2478716,Zak Rothera-Oxley,0.1527,1,True
1590797,Sadie Sink,2.5629,8,True
1377031,Sathya Sridharan,0.2246,1,True
2433620,Jacey Sink,0.5543,2,True
2431565,Alyla Browne,0.8157,2,True
4441956,Charlee Fraser,0.5599,2,True
57795,David Field,0.39,1,True
1551044,Rahel Romahn,0.2276,1,True
1939373,Calah Lane,0.2812,1,True
1246784,Mathew Baynton,0.6666,3,True
1147671,Rakhee Thakrar,0.6413,2,True
98106,Rich Fulcher,0.3341,3,True
1488056,Charlotte Ritchie,2.0362,5,True
2895589,Anna Cobb,0.6826,2,True
69055,Jessica Harper,0.6647,5,True
3505223,Kendle Coffey,0.0453,1,True
3505226,Ellie Parker,0.0071,1,True
1254309,Madeleine Hall,0.1095,1,True
1544787,Christine Dye,0.0964,1,True
1481235,Jake Horowitz,0.1246,1,True
4451369,Marshall Jackson,0.0261,1,True
1382987,Ramy Youssef,0.3451,4,True
2331794,Suzy Bemba,0.3415,1,True
72309,Kathryn Hunter,0.7168,4,True
1248292,Vicki Pepperdine,0.4641,2,True
3734,Hanna Schygulla,0.4595,5,True
2538307,Jack Barton,0.2315,1,True
590267,Charlie Hiscock,0.0878,1,True
3622317,Attila Dobai,0.0538,1,True
4230743,Emma Hindle,0.1145,1,True
3804308,Anders Grundberg,0.0784,1,True
229396,Ruby O. Fee,1.637,4,True
2037501,Guz Khan,0.3055,2,True
129765,Jonathan Cohen,0.3231,2,True
1767809,Noemie Nakai,0.7654,2,True
11248,Christian Steyer,0.1737,1,True
1984784,Tonya Graves,0.0925,1,True
1440179,Trent Garrett,0.4227,1,True
1404576,Barbara Meier,0.1853,1,True
1759587,Ephraim Goldin,0.129,1,True
3289357,Melanie Rada,0.0327,1,True
3157951,Samira Mekibes Meza,0.0634,1,True
82885,Zoe Lister-Jones,0.7621,4,True
2563367,Armen Nahapetian,0.1422,1,True
1529205,Julia Antonelli,0.7519,2,True
3847872,Alicia Rosario,0.1657,1,True
1826759,Matthew Hawksley,0.0914,1,True
151779,Simon Paisley Day,0.1912,2,True
1308133,Maxime Bouttier,0.2229,1,True
2417980,Lucas Bravo,0.5874,4,True
3753662,Cintya Dharmayanti,0.0482,1,True
1416868,Arielle O'Neill,0.2296,1,True
1852576,Ling Cooper Tang,0.2503,1,True
1674796,Romy Poulier,0.3407,1,True
3586919,Charles Andre Allen,0.0609,1,True
3754744,Ilma Nurfauziah,0.0352,1,True
3754749,Agung Pindha,0.0261,1,True
3754751,Ifa Barry,0.0453,1,True
144279,Arden Cho,1.7611,5,True
1948606,May Hong,0.8978,2,True
2983147,Ji-young Yoo,1.4467,3,True
1571598,Ahn Hyo-seop,1.6969,6,True
28662,Yunjin Kim,1.3481,7,True
2371545,Joel Kim Booster,0.4354,3,True
3398415,Alan Lee,0.1339,1,True
5512024,Rumi Oak,0.0952,1,True
1942233,SungWon Cho,0.5221,2,True
3731015,Mateo Zoryan Francis-DeFord,0.0666,1,True
3690404,Keeley Karsten,0.3121,1,True
3690411,Alina Brace,0.0689,1,True
3690410,Birdie Borria,0.6442,2,True
3233032,Sophia Kopera,0.2122,1,True
3132260,Sam Rechner,0.3893,1,True
1512280,Chloe East,1.0771,3,True
1721268,Christian Convery,1.1808,4,True
1961928,Ayoola Smart,0.312,1,True
3057748,Aaron Holliday,0.1699,1,True
3918547,J.B. Moore,0.093,1,True
3060195,Leo Hanna,0.0957,1,True
1896591,Kahyun Kim,0.7987,2,True
3908563,Olivia O'Neill,0.2216,1,True
1546496,Jennifer Nettles,0.6152,4,True
60199,Okwui Okpokwasili,0.1863,2,True
4315526,Tracey Graves,0.0538,1,True
1139812,Celeste Oliva,0.2451,1,True
3134837,Norah Murphy,0.0407,1,True
1385600,Noémie Merlant,1.4379,5,True
3322369,Sophie Kauer,0.085,1,True
3322370,Sylvia Flote,0.3873,1,True
3762504,Mila Bogojevic,0.0475,1,True
2352235,Adam Gopnik,0.0743,2,True
3965489,Marc-Martin Straub,0.0387,1,True
3965490,Egon Brandstetter,0.0409,1,True
3965494,Ylva Pollak,0.0621,1,True
3965496,Paula Först,0.106,1,True
1303156,Sydney Lemmon,0.5713,2,True
3965499,Nicolas Hopchet,0.0382,1,True
1371819,Taj Atwal,0.5917,2,True
234070,Harold Torres,0.4027,1,True
3465530,Mia Sanchez,0.1317,1,True
3465529,Daniel de Bourg,0.0791,1,True
3465526,Natalie Anderson,0.0429,1,True
31385,Scot Williams,0.1088,1,True
1898484,Doug Rao,0.1199,1,True
138161,Lee Boardman,0.4992,2,True
1498700,William Mark McCullough,0.305,1,True
1789189,Todd Allen Durkin,0.2219,1,True
1647234,Dustin Lewis,0.2308,1,True
2896645,Ron Smyck,0.556,2,True
1984017,Chantelle Jamieson,0.5154,1,True
2096500,Greg Hatton,0.1258,1,True
61782,Kevin Copeland,0.3501,1,True
4623438,Tess Dobre,0.047,1,True
1850005,Tim Carroll,0.3061,1,True
1634440,Sophia Emberson-Bain,0.1611,1,True
3366146,Chika Ikogwe,0.3909,1,True
3487031,Lily Bird,0.1464,1,True
557188,Jessica Clement,0.433,2,True
1308373,Dylan Gelula,0.5795,2,True
150201,Jennifer Wigmore,0.5582,2,True
2327134,David Klein,0.0642,1,True
1545244,Maev Beaty,0.122,1,True
2535498,Al Warren,0.1345,1,True
3894282,Ben Caldwell,0.0807,1,True
2128882,Agape Mngomezulu,0.2724,1,True
123724,Tim Draxl,0.4928,1,True
114843,Claire van der Boom,0.4898,2,True
1325837,Yesse Spence,0.1485,1,True
207679,Todd Levi,0.1989,1,True
3438486,Gabriella Sengos,0.0336,1,True
3310690,Clara Helms,0.0672,1,True
1028560,Yael Stone,0.5655,3,True
2628361,Andrew Shaw,0.2115,1,True
2981088,Zac Lemons,0.0669,1,True
1371799,Georgia Flood,0.5724,2,True
216802,Caroline Brazier,0.2345,1,True
3918497,Dominic Sessa,0.5544,2,True
3797133,Ian Dolley,0.4167,1,True
3650522,Jim Kaplan,0.135,1,True
1517841,Michael Provost,0.9545,3,True
3359764,Stephen Thorne,0.7764,2,True
3450037,Darby Lee-Stack,0.3661,1,True
1593005,Bill Mootos,0.3447,1,True
3514776,Liz Caribel Sierra,0.4156,1,True
3560034,Levon Hawke,0.8696,3,True
2599167,Trew Mullen,0.0887,1,True
3769862,Cris Costa,0.1337,1,True
1317845,María Elena Olivares,1.4265,2,True
3022365,Tiffany Persons,0.0669,1,True
2947012,Wesley Kimmel,1.0591,2,True
2425791,Wyatt Hunt,0.1623,1,True
3062495,Clayton Cooper,0.072,1,True
3919735,Lanz Duffy,0.0505,1,True
3887486,Makana David,0.0357,1,True
5139407,Samantha Benson,0.0214,1,True
1779664,Stanley Morgan,0.2703,1,True
2476299,Daniel Singh,0.1331,1,True
2394927,Stanley Simons,0.7169,2,True
1092538,Aaron Dean Eisenberg,0.7576,2,True
3756753,Kevin Anton,0.0917,1,True
58272,Scott Innes,0.4728,2,True
1837226,Cazzey Louis Cereghino,0.2306,1,True
2026155,Maxwell Jacob Friedman,0.4339,2,True
3786794,Brady Pierce,0.0898,1,True
2023400,Ryan Nemeth,0.0914,1,True
168942,Jim Gleason,0.356,1,True
1375501,Bobby Naderi,0.8974,2,True
1227776,David Witts,1.0537,3,True
1338019,Michael Epp,0.8079,2,True
80145,Jemma Redgrave,0.5306,4,True
1225318,Don Gilet,1.2217,3,True
3424753,Sophia Feliciano,0.2259,1,True
1511170,Megan Le,0.5709,2,True
1766052,Dan Li,0.1262,1,True
5397272,Allison Robertson,0.1614,1,True
75264,Robert Morgan,0.6549,2,True
1058027,Grant Harvey,1.1542,2,True
4040059,Yael Ocasio,0.088,1,True
1649059,Michael Tourek,0.306,1,True
3751319,Abner Lozano,0.1617,1,True
1846247,Talia Thiesfield,0.1209,1,True
1841132,Anna Platen,1.5857,2,True
2781676,Petrie Willink,1.6877,2,True
1541178,David Rysdahl,1.0424,3,True
30791,Will Roberts,1.2735,2,True
1998733,Jaboukie Young-White,0.5188,3,True
3492623,Jonathan Melo,0.0865,1,True
1688664,Francesca Reale,0.6785,2,True
156511,Emily Kuroda,0.9716,3,True
2655934,LaNisa Renee Frederick,0.183,1,True
2380399,Sean Sagar,0.8368,2,True
1896053,Rhys Yates,0.4775,1,True
1583358,Christian Ochoa,0.6901,2,True
2681182,Reza Diako,0.8083,2,True
1803196,James Nelson-Joyce,0.5245,1,True
2014129,Gary Anthony Stennette,0.1708,1,True
4264155,Saboor Sahak,0.0414,1,True
60373,Antony Starr,2.2319,8,True
3368503,Abbas Fasaei,0.1198,1,True
1662217,Hadi Khanjanpour,1.1449,2,True
1396124,Sosie Bacon,1.1182,5,True
212766,Gillian Zinser,0.3457,2,True
1677346,Jack Sochet,0.0595,1,True
1952010,Nick Arapoglou,0.3307,1,True
2234808,Perry Strong,0.1368,1,True
3598148,Matthew Lamb,0.2212,1,True
3598140,Dora Kiss,0.045,1,True
3727281,Meghan Brown Pratt,0.0327,1,True
2089988,Jared Johnston,0.3877,1,True
60034,Laura Benanti,0.7276,6,True
2779827,Amalia Yoo,0.2369,1,True
1822023,Alysia Joy Powell,0.19,1,True
1220768,Quincy Dunn-Baker,0.343,1,True
2129566,Matthew Noszka,0.588,2,True
4125806,Madison Odenborg,0.0831,1,True
2399836,Harry Lawtey,0.3244,2,True
1072877,Alfred Rubin Thompson,0.1628,1,True
4270366,Connor Storrie,0.1415,1,True
66653,Gregg Daniel,0.7418,2,True
1215837,Mac Brandt,1.0746,2,True
3607144,Leah Brady,0.2817,1,True
1150197,André Eriksen,0.5764,2,True
2852725,Alexander Elliot,0.2389,1,True
3814629,Finn McCager Higgins,0.5764,1,True
1758796,Ray Strachan,1.5892,2,True
3398,Kim Bodnia,1.4081,5,True
1969777,Callie Cooke,1.2997,3,True
1488078,Liz Kingsman,0.4075,1,True
2177320,Ramona Von Pusch,0.2299,1,True
2576399,Toto Wolff,1.3097,5,True
1861573,Clark Backo,0.8871,2,True
1011019,Jared Abrahamson,0.6901,2,True
3106475,Dash McCloud,0.1416,1,True
2750967,Brooke Carter,1.1389,2,True
1446860,Matthew Patrick Davis,0.4018,1,True
3340764,Sophie Sörensen,0.7189,2,True
3646608,Rachel Fowler,0.089,1,True
1453290,JR Esposito,0.5355,1,True
1685018,Kate Nichols,0.9413,2,True
54718,Brooke Dillman,0.5136,2,True
203750,Will Greenberg,0.2988,1,True
1419292,Derek Morse,0.138,1,True
84833,Zach Cregger,1.2491,4,True
3706720,Arthur Conti,0.469,1,True
1233264,Nick Kellington,0.2668,1,True
3163471,Sami Slimane,0.3615,1,True
1160625,Amy Nuttall,0.4502,2,True
1226434,Mark Heenehan,0.2579,1,True
4926264,Charlie Hopkinson,0.0143,1,True
2261891,Liv Spencer,1.1019,2,True
1147420,Eugenio Mastrandrea,0.7171,2,True
1636737,Gaia Scodellaro,0.5343,2,True
1917499,Andrea Scarduzio,0.5261,1,True
3462470,Andrea Dodero,0.7947,2,True
1469908,Daniele Perrone,0.2068,1,True
4252462,Zakaria Hamza,0.1513,1,True
4252464,Manuela Tasciotti,0.0554,1,True
4099517,Dea Lanzaro,0.1341,1,True
4252467,Alessandro Press,0.0239,1,True
4252470,Niccolò Fava,0.0737,1,True
4252471,Alessandro Xavier De Silva,0.0538,1,True
109019,Nelson Lee,0.5629,2,True
1385813,Jefferson White,1.4723,5,True
2001956,Evan Lai,0.242,1,True
2145383,Justin James Boykin,0.6953,2,True
3641129,Jess Matney,0.1099,1,True
1508173,Edmund Donovan,0.7519,2,True
3641130,Tywaun Tornes,1.3404,2,True
2034418,Jacob Elordi,4.8614,9,True
2981449,Alison Oliver,0.9338,3,True
1829122,Ewan Mitchell,1.0313,4,True
2270402,Sadie Soverall,0.6803,2,True
3732604,Richard Cotterell,0.0286,1,True
3732598,Millie Kent,0.1618,1,True
3904605,Will Gibson,0.0843,1,True
3112213,Tasha Lim,0.2071,1,True
3732600,Aleah Aberdeen,0.5231,1,True
2313436,Edward Hamilton-Clark,0.4753,1,True
1508131,Gore Abrams,0.2075,1,True
2566289,Oscar Lesage,0.351,1,True
4954230,Robin Greer,0.4125,1,True
584338,Tom Morton,0.1817,1,True
1720509,Hugo Diego Garcia,0.7266,2,True
3064977,Daniel Knight,0.0453,1,True
2459439,Jonathon Carley,0.8966,2,True
4419893,Jiselle Henderkott,0.0357,1,True
2144020,Akil Wingate,0.0679,1,True
1607019,Vincent Colombe,0.4411,1,True
5002959,Billy Bentley,0.0256,1,True
1352921,Devyn Nekoda,0.3614,1,True
1858370,Thomas Cadrot,1.138,2,True
2797317,Mack Bayda,0.1751,1,True
80615,Juanita Jennings,0.6132,2,True
1836034,Peter Lawson Jones,0.1045,1,True
1365769,Rachel Keller,1.2588,5,True
3631835,John Higgins,0.3085,1,True
1711069,Tony Bingham,0.0357,1,True
2335914,Lily Kozub,0.2114,1,True
3880588,Max Pavel,0.0362,1,True
3386791,Peter Sipla,0.0789,1,True
3880589,Patrick Stanny,0.044,1,True
4643864,Bryan Doo,0.1362,1,True
4643870,Shane T Harris,0.4775,1,True
4687627,Joan Mcshane,0.0286,1,True
1227356,Chris Fowler,1.3515,3,True
4538305,Mary Joe Fernández,0.0239,2,True
3662707,A.J. Lister,0.0929,1,True
4643882,Connor Aulson,0.0357,1,True
4643888,James Sylva,0.0743,1,True
4643890,Kenneth A. Osherow,0.0214,1,True
2554414,Ingrid Torelli,0.9136,2,True
3964519,Rhys Auteri,0.1465,1,True
127734,Georgina Haig,0.362,2,True
1228907,Josh Quong Tart,0.0895,1,True
1535052,Paula Arundell,0.4623,1,True
1538823,Tamala Shelton,0.1418,1,True
1874115,Gaby Seow,0.3353,1,True
1189135,Elise Jansen,0.507,1,True
1546131,John O'May,0.0631,1,True
3041083,Clare Chihambakwe,0.0621,1,True
115625,Sofia Pernas,0.9007,3,True
1736671,Caspar Jennings,0.3884,1,True
4031156,Tresi Gazal,1.1973,2,True
139075,David Mitchell,0.7669,6,True
1489940,Ozioma Akagha,0.2746,1,True
4970633,Jozanne Marie,0.0256,1,True
4970637,Sarah Musnitsky,0.0441,1,True
1350472,Valenzia Algarin,0.0327,1,True
3103691,Eric Osmond,2.4152,3,True
61536,Aaron Hendry,1.1142,2,True
1562074,Kyle Allen,0.7002,4,True
2104805,Ali Khan,0.1344,1,True
2290611,Emma Laird,1.3161,3,True
4213838,Dylan Corbett-Bader,0.0362,1,True
1739403,Amir El-Masry,0.4503,2,True
4213839,Fernando Piloni,0.0214,1,True
571427,Lorenzo Acquaviva,0.0963,1,True
2761308,David Jonsson,1.5298,4,True
2304140,Spike Fearn,0.5866,2,True
3948018,Aileen Wu,0.5419,2,True
1737976,Rosie Ede,1.2614,2,True
4848544,Soma Simon,0.1676,1,True
4848546,Bence Okeke,0.1553,1,True
4848547,Viktor Orizu,0.062,1,True
4848549,Robert Bobroczkyi,0.1925,1,True
3958162,Trevor Newlin,0.2176,1,True
67119,Matthew Sunderland,0.2396,1,True
3556657,Emma Jenkins-Purro,0.3428,1,True
2285548,Alistair Sewell,0.172,1,True
2614430,Amelia Reid,0.1322,1,True
2466909,Gabe McDonnell,0.4361,1,True
1336161,Todd Rippon,0.7151,2,True
2604515,Emma Myers,12.3319,9,True
1207281,Allan Henry,0.2935,1,True
5345339,Bram Scott-Breheny,0.1438,1,True
5345340,Moana Williams,0.0357,1,True
81881,Mark Wright,0.047,2,True
1542446,Yvette Parsons,0.3592,1,True
5347305,Hiram Garcia,0.0495,1,True
105584,Bret McKenzie,0.3144,6,True
2089332,Alice May Connolly,1.3066,2,True
2153290,Renata Vaca,0.3031,1,True
2412563,Joshua Okamoto,0.1829,1,True
2692952,Octavio Hinojosa Martínez,0.1852,1,True
1417288,Paulette Hernández,0.5744,1,True
4274741,Jorge Briseño,0.1002,1,True
4261841,Isan Beomhyun Lee,0.0692,1,True
4053727,David Alfano,0.052,1,True
81410,Katie Barberi,0.3496,2,True
2692934,Lucía Gómez-Robledo,0.5848,1,True
3625614,Donagh Gordon,0.0932,1,True
1503200,FKA twigs,2.2206,7,True
3400508,Sebastian Orozco,0.118,1,True
993074,David Bowles,0.5199,1,True
3693827,Tundy Smith,0.0286,1,True
3289430,Samba Goldin,0.0416,1,True
3578843,Isabella Wei,0.2713,1,True
1781403,Jordan Haj,0.1766,1,True
1857604,Dukagjin Podrimaj,0.0818,1,True
2402928,Darija Pavlovičová,0.082,1,True
156405,Julius Tennon,0.5036,3,True
1684762,James Acaster,0.5282,4,True
3653749,Shelley Williams,0.3073,1,True
3607815,Katelyn Rose Downey,0.7009,2,True
162413,Suzanne Bertish,0.4158,2,True
2490509,Léontine d'Oncieu,0.5306,1,True
4033927,Anouk Darwin Homewood,0.1074,1,True
1068693,Tamar Baruch,0.2571,1,True
3405036,Maxime Elias-Menet,0.0973,1,True
231254,Pascal Aubert,0.113,1,True
129167,Alexandra Gentil,1.5145,2,True
2049947,Florence Mestais,0.0621,1,True
2436021,Gaël Raës,1.0095,2,True
3935515,Carlos Diehz,0.1824,1,True
1052328,Thomas Loibl,0.1942,1,True
4935617,Bruno Novelli,0.0928,1,True
95167,Rony Kramer,0.0916,1,True
2120899,Valerio Da Silva,0.0707,1,True
1353189,Joseph Mydell,0.3155,2,True
2202895,Vincenzo Failla,0.0362,1,True
1087262,Leah Lewis,0.5566,4,True
2073564,Shila Ommi,0.1516,1,True
3983226,Mason Wertheimer,0.0873,1,True
1217619,Ronobir Lahiri,0.3498,1,True
1663974,Joe Pera,0.219,3,True
157067,Matthew Yang King,0.7305,2,True
4078463,Clara Lin Ding,0.0591,1,True
1937823,Reagan To,0.2003,1,True
4078465,Jeff Lapensee,0.1014,1,True
2000335,Darren Barnet,1.6211,6,True
3791173,Maeve Courtier-Lilley,0.442,1,True
3361723,Daniel Puig,0.1322,1,True
1866384,Josha Stradowski,0.7188,3,True
3349398,Emelia Hartford,0.2359,1,True
3791174,Pepe Barroso,0.1397,1,True
3495018,Sang Heon Lee,0.2547,1,True
1722195,Maximilian Mundt,0.5121,2,True
1697641,Mariano González,0.2944,1,True
3812324,Lindsay Pattison,0.0639,1,True
945542,Jasper Cole,0.4569,1,True
1232204,Darrell Dennis,0.0868,1,True
82168,Julia Pace Mitchell,0.3855,2,True
3077005,Bamm Ericsen,0.1277,1,True
4013683,Evie Mann,0.1522,1,True
4013686,Joseph Mann,0.0311,1,True
4013688,Nick Lynes,0.0256,1,True
4013689,Branden Currey,0.0486,1,True
2217746,Chiara Stella,0.8906,2,True
3996386,Stefano Carannante,0.1136,1,True
3227013,Charlotte Ann Tucker,1.5783,2,True
3115932,Sophie Wilde,0.8138,3,True
2644232,Alexandra Jensen,0.3776,1,True
1822223,Otis Dhanji,1.0638,2,True
2659518,Zoe Terakes,0.6555,2,True
2467788,Chris Alosio,0.4071,1,True
213070,Marcus Johnson,0.3291,2,True
3281952,Alexandria Steffensen,0.103,1,True
2131239,Ari McCarthy,0.1088,1,True
3648542,Sunny Johnson,0.1032,1,True
3648543,James Oliver,0.0214,1,True
1734185,Cass Cumerford,0.1364,1,True
3648546,Jett Gazley,0.0786,1,True
3648547,Kitt Erhart-Bruce,0.0214,1,True
3648548,Hamish Phillips,0.0362,1,True
2282154,Jimmy Donaldson,0.3674,10,False
202446,James Murray,0.0756,1,True
154657,James Sie,0.8929,2,True
1453786,April Hong,1.25,2,True
939337,Will Sharpe,2.0572,6,True
1320744,Liza Sadovy,0.3859,2,True
164463,Daniel Oreskes,0.3336,1,True
5060357,Banner Eisenberg,0.0598,1,True
3452065,Olha Bosova,0.0071,1,True
2070761,Jakub Gąsowski,0.0363,1,True
2309385,Piotr Czarniecki,0.0071,1,True
4525253,Krzysztof Jaszczak,0.0071,1,True
937309,Marek Kasprzyk,0.1196,1,True
3435737,Jakub Pruski,0.1584,1,True
3020876,Kensington Tallman,0.4826,2,True
1469135,Lilimar,0.4023,3,True
3264370,Grace Lu,0.0936,1,True
4578518,Sumayyah Nuriddin-Green,0.0522,1,True
586757,Adèle Exarchopoulos,1.9286,7,True
1001536,Angelique Cabral,0.5046,3,True
1519596,Jennifer Kumiyama,0.137,1,True
3782649,Niko Vargas,0.104,1,True
4368170,Lucas Sigler,0.0795,1,True
3804184,Holland Watkins,0.0631,1,True
1746938,Moses Sumney,0.1528,3,True
4012109,Charley Rowan McCain,0.1707,1,True
106807,Deborah Geffner,0.3146,1,True
1754055,Daniel Lench,0.155,1,True
1406755,Chloe Farnworth,0.7992,2,True
4863231,Brad Swanick,0.0214,1,True
1981044,Sophie Thatcher,3.4684,7,True
4230763,Yorgos Stefanakos,0.1537,1,True
4768291,Fadeke Adeola,0.0214,1,True
4698500,Tessa Bourgeois,0.0143,1,True
4768312,Kencil Mejia,0.0286,1,True
4768315,Thaddeus Burbank,0.0168,1,True
4768318,Suzanna Stone,0.0214,1,True
3014800,Ariel Donoghue,0.4402,2,True
4340759,Saleka Night Shyamalan,0.2688,2,True
36819,Hayley Mills,1.7621,8,True
2144603,Jonathan Langdon,0.8224,2,True
3107562,Mark Bacolcol,0.0857,1,True
156580,Marnie McPhail,0.5525,2,True
4264391,Russ,0.0725,2,True
1794595,Vanessa Smythe,0.4794,2,True
3320729,Lochlan Ray Miller,0.0847,1,True
190921,Steve Boyle,0.2603,1,True
1849352,David D'Lancy Wilson,0.0763,1,True
65769,Bryce Johnson,0.8213,2,True
1452953,Alexa Blair Robertson,0.4589,1,True
3743767,Antonella Rose,0.5712,2,True
3250317,Mason Mecartea,0.2042,1,True
2829463,Krsy Fox,0.6683,2,True
3346459,Luciana VanDette,0.2338,1,True
1392140,Annie Murphy,0.7914,8,True
2786265,Blue Chapman,0.0784,1,True
1255907,Echo Kellum,0.479,2,True
4169714,Brianna Arsement,0.1001,1,True
4169715,Juju Green,0.0256,1,True
1340020,Álvaro Morte,1.2812,8,True
1355967,Simona Tabasco,1.2299,6,True
1822392,Benedetta Porcaroli,1.2391,6,True
128227,Giorgio Colangeli,0.1684,1,True
4606018,Giulia Heathfield Di Renzi,0.1426,1,True
128225,Giampiero Judica,0.1285,1,True
2406108,Betti Pedrazzi,0.1656,1,True
1899664,Giuseppe Lo Piccolo,0.1189,1,True
3494112,Cristina Chinaglia,0.0362,1,True
81510,Niccolò Senni,0.2591,1,True
4660204,Isabel Desantis,0.0538,1,True
2200343,Viviane Florentine Nicolai,0.0362,1,True
3841097,Marisa Regina,0.0214,1,True
4660212,Laura Camassa,0.0214,1,True
1499805,Skyler Wright,0.9092,2,True
4277684,Joseph Marrella,0.0214,1,True
3957864,Stephen Burrell,0.0261,1,True
4277680,Nicole Kempskie,0.0143,1,True
1360004,Becki Dennis,0.31,1,True
74611,Tracee Ellis Ross,0.7149,7,True
1601451,María Gabriela de Faría,1.2376,3,True
5441666,Grace Chan,0.1344,1,True
1400745,Sara Sampaio,0.4738,3,True
2408002,Tatiana Piper,0.1336,1,True
1559974,Natasha Halevi,1.7098,5,True
1482685,Nea Dune,1.0351,2,True
1180346,Anthony Carrigan,1.9547,6,True
3051936,Mark Eydelshteyn,0.6175,2,True
1266686,Yura Borisov,0.7365,2,True
966306,Karren Karagulian,0.5468,1,True
4338956,Vache Tovmasyan,0.2446,1,True
4670423,Luna Sofía Miranda,0.2194,1,True
2353434,Lindsey Normington,0.7476,2,True
1163599,Darya Ekamasova,0.5351,2,True
4937028,Anton Bitter,0.0953,1,True
3195084,Ivy Wolk,1.2424,2,True
4937030,Vlad Mamai,0.0571,1,True
4937031,Maria Tichinskaya,0.099,1,True
3964262,Paul Weissman,0.0801,1,True
2238917,Emily Weider,0.1068,1,True
4859137,Vincent Radwinsky,0.1239,1,True
3307906,Ella Rubin,1.3668,2,True
2300122,Nell Verlaque,0.9081,2,True
2773990,Addison Rae,1.1383,8,True
139419,Karen Cliche,0.6686,2,True
1393528,Katherine Trowell,0.2604,1,True
2444677,Jalen Thomas Brooks,0.4197,1,True
2184164,Mika Amonsen,0.6656,2,True
1128322,Amanda Barker,0.3589,2,True
4381964,Shailyn Griffin,0.1176,1,True
2419859,Tim Dillon,0.288,2,True
1802602,Jenna Warren,1.008,2,True
1914958,Milo Manheim,1.7167,6,True
3085680,Mia Artemis,0.2687,1,True
2728596,Nat Buchanan,0.2224,1,True
2495673,GaTa,0.2515,1,True
2311924,Hadley Robinson,0.6884,2,True
3864503,Deborah Faye Lee,0.0338,1,True
1652386,Lance Kerfuffle,0.3059,1,True
1991911,Taryn Gluck,0.151,1,True
1991909,Alexandra Gluck,0.0637,1,True
4441952,Summer Tian,0.0261,1,True
4441953,Dan Liu,0.0362,1,True
4441954,Davina Chan Gallagher,0.0143,1,True
91461,Michelle Hurd,1.486,5,True
88675,Justin Baldoni,1.5274,6,True
1388470,Alex Neustaedter,0.3915,2,True
5141572,Isabela Ferrer,0.1106,1,True
3394743,Robin S. Walker,0.119,1,True
2118672,Adam Mondschein,0.0694,1,True
4876463,Caroline Siegrist,0.0362,1,True
3951052,Megan Robinson,0.2554,1,True
1152011,Matthew J. McCarthy,0.5879,2,True
3303063,Woody Fu,0.0534,1,True
2710312,Oliver Finnegan,0.305,1,True
19997,Siobhan Hewlett,0.3527,2,True
4753648,Hannah Dargan,0.0634,1,True
4753649,Emily Dargan,0.0464,1,True
4817253,Thabile Michelle Hlongwane,0.0286,1,True
3291912,Shane O'Regan,0.0718,1,True
587778,Jim Tighe,0.0387,1,True
4799823,Zarima McDermott,0.0362,1,True
4817260,Morgan Bailey-Rocks,0.0214,1,True
3792786,Gabriel Howell,0.6543,2,True
2104260,Harry Trevaldwyn,0.5243,1,True
1216581,Murray McArthur,0.4191,1,True
3399457,Naomi Wirthner,0.3693,1,True
3295331,Ruth Codd,0.6858,2,True
1987916,Andrea Ware,0.4454,1,True
1593227,Anna Leong Brophy,0.607,2,True
1919372,Marcus Onilude,0.3602,1,True
5505971,Pete Selwood,0.0239,1,True
2435479,Evan Milton,0.1992,1,True
1474503,Nick Mills,0.149,1,True
5332647,Tiffany Gray,0.0388,1,True
2145614,Kate Sumpter,0.0902,1,True
1679369,David Mills,0.1112,1,True
1246162,Anita Anand,0.1504,1,True
4984032,Grace Delaney,0.1872,1,True
4984038,Lee Braithwaite,0.1526,1,True
2014269,Aoife Hinds,0.5575,2,True
1639205,Amy Morgan,0.4366,1,True
174745,Niamh Cusack,1.0223,3,True
1214779,Lucy Briers,0.5486,2,True
74438,Robert Boulter,0.2188,1,True
3091776,Nikhil Parmar,0.828,2,True
220372,Kerry Godliman,0.6005,3,True
209994,Heather Craney,1.0226,2,True
224364,Matt Kennard,0.1241,1,True
3535991,Miles Gutierrez-Riley,0.2678,1,True
1578556,Zebedee Row,0.1274,1,True
1832096,Roberts Jekabsons,0.2438,1,True
2810828,Sean Stolzen,0.0927,1,True
1437486,Jon Rua,0.2376,1,True
3420957,Vladimir Duthiers,0.0143,1,True
1364063,Kristine Johnson,0.1779,1,True
5107934,Alfie Williams,0.4251,1,True
997644,Edvin Ryding,1.0352,5,True
1344320,Chi Lewis-Parry,1.0414,2,True
2336124,Rocco Haynes,0.0388,1,True
1585961,Kim Allan,0.8637,2,True
1694984,Sandy Batchelor,0.2438,1,True
5515630,Amy Cameron,0.044,1,True
1747159,Geoffrey Newland,0.6558,2,True
1762444,Joe Blakemore,0.4655,1,True
3122023,Celi Crossland,0.114,1,True
1443478,Adrienne C. Moore,0.4735,2,True
2292602,Megan Mieduch,0.5333,1,True
1968861,Melanie Harrison,0.1304,1,True
2617588,Hedy Nasser,0.3129,1,True
1881184,Phil Biedron,0.4181,1,True
1190639,Scott Alan Smith,1.0617,2,True
7319,Nicholas Smith,0.1391,4,True
7320,Liz Smith,0.2186,4,True
7321,John Thomson,0.2794,4,True
127149,Vincent Ebrahim,0.1281,1,True
8326,Geraldine McEwan,0.6136,4,True
127150,Edward Kelsey,0.4085,4,True
127151,Dicken Ashworth,0.084,1,True
127152,Robert Horvath,0.0368,1,True
127153,Pete Atkin,0.0593,1,True
127154,Noni Lewis,0.0377,1,True
127155,Ben Whitehead,0.3235,4,True
65731,Sam Worthington,2.2928,10,True
56455,Moon Bloodgood,0.7387,4,True
21028,Anton Yelchin,1.0948,8,True
4238,Common,0.8802,9,True
62307,Zach McGowan,0.9542,4,True
18997,Bryce Dallas Howard,2.3849,9,True
13724,Jane Alexander,0.5291,4,True
11086,Michael Ironside,1.1395,8,True
1233647,Ivan G'Vera,0.1877,1,True
80268,Dorian Nkono,0.1681,1,True
76543,Chris Browning,0.8305,4,True
967071,Beth Bailey,0.2373,1,True
1257866,Victor J. Ho,0.0667,1,True
53256,Terry Crews,1.2286,9,True
57155,Boots Southerland,1.045,4,True
1039678,David Midthunder,1.0215,4,True
3130,Jennifer Beals,1.5559,8,True
8699,Michael Nouri,0.9496,4,True
31115,Kyle T. Heffner,0.1775,1,True
80745,Lee Ving,0.2635,4,True
1367324,Ron Karabatsos,0.2144,1,True
31114,Lilia Skala,0.129,4,True
31117,Philip Bruns,0.1622,4,True
21202,Micole Mercurio,0.1528,4,True
14738,Malcolm Danare,0.3327,4,True
44049,Belinda Bauer,0.4082,4,True
81689,Lucy Lee Flippin,0.428,4,True
1175200,Durga McBroom,0.0829,1,True
69056,Stacey Pickren,1.8817,4,True
7399,Ben Stiller,2.5571,10,True
7400,Lee Evans,0.511,4,True
7402,Markie Post,0.4501,4,True
7404,Sarah Silverman,0.7175,9,True
19265,Khandi Alexander,0.6298,4,True
1754082,Marnie Alexenburg,0.141,1,True
1229514,Danny Murphy,0.3973,4,True
14700,Richard Tyson,0.8814,4,True
162924,Rob Moran,0.2899,1,True
4135,Robert Redford,1.4968,10,True
7516,Ty Hillman,0.1128,1,True
7517,Kate Bosworth,1.5922,9,True
7518,Austin Schwarz,0.0143,1,True
7519,Dustin Schwarz,0.0286,1,True
7520,Jeanette Nolan,1.0063,4,True
7521,Steve Frye,0.0256,1,True
7522,Don Edwards,0.2575,4,True
7523,Jessalyn Gilsig,1.115,4,True
7525,William 'Buddy' Byrd,0.0143,1,True
7470,Meat Loaf,0.6514,8,True
7499,Jared Leto,1.4446,10,True
7471,Zach Grenier,0.7138,4,True
7497,Holt McCallany,2.2045,8,True
7498,Eion Bailey,1.1935,4,True
7472,Richmond Arquette,1.7733,4,True
1129738,George Maguire,0.6175,4,True
1317693,Eugenie Bondurant,0.5025,4,True
68277,Christina Cabot,0.361,4,True
202080,Sydney 'Big Dawg' Colston,0.0827,1,True
7473,Rachel Singer,0.3195,4,True
1172435,Christie Cronenweth,0.0906,1,True
856,Ben Gazzara,0.7321,8,True
7571,Blair Brown,0.7285,4,True
6752,Zeljko Ivanek,1.29,4,True
4654,Jeremy Davies,1.7703,8,True
7570,Lauren Bacall,1.2212,9,True
7569,Harriet Andersson,0.3528,4,True
7572,Thom Hoffman,0.1662,1,True
2219,Tobey Maguire,2.7762,10,True
17051,James Franco,2.2334,10,True
19153,Cliff Robertson,1.0541,8,True
18998,Rosemary Harris,1.3657,8,True
18999,J.K. Simmons,2.5261,9,True
20580,Joe Manganiello,0.9194,9,True
19468,Gerry Becker,0.3671,4,True
5502,Bill Nunn,0.6305,4,True
20581,Jack Betts,0.2559,4,True
15253,Stanley Anderson,0.1981,4,True
125024,Ron Perkins,0.4381,4,True
20582,Michael Papajohn,0.6065,4,True
11769,Ted Raimi,0.377,4,True
20584,Lucy Lawless,1.5819,8,True
19154,Daniel Gillies,1.058,4,True
19152,Dylan Baker,0.9603,4,True
20491,Vanessa Ferlito,0.6327,4,True
20644,Aasif Mandvi,0.3683,4,True
18307,Daniel Dae Kim,1.9706,8,True
25933,Emily Deschanel,2.0881,9,True
2442117,Alisha Weir,0.6768,2,True
1962720,William Catlett,0.5577,2,True
2556026,Alix West Lefler,1.1088,2,True
4646395,Dan Hough,0.1915,1,True
2188560,Kris Hitchen,0.263,1,True
3120512,Motaz Malhees,0.2807,1,True
1194835,Jakob Højlev Jørgensen,0.1455,1,True
2019444,Elle Young,0.5843,2,True
1834752,Julie Lynn-Mortensen,0.8344,2,True
4932824,Haylie Hansen,0.2974,1,True
4932826,Hanna Huffman,0.1408,1,True
3013648,Miguel Castillo,0.2026,1,True
1906594,Stephanie Lavigne,0.6445,2,True
3875019,Wendy Gorling,0.1781,1,True
4967567,Boone Storm,0.0904,1,True
3745698,Alexandra Novelle,0.1557,1,True
3745667,Eddie Park,0.0868,1,True
228372,Conrad Kemp,0.586,2,True
2387576,Evan Hengst,0.4338,1,True
1587571,Craig Jackson,0.2286,1,True
168924,Lou Beatty Jr.,1.0213,2,True
1050405,Garth Collins,1.0138,2,True
2527924,Tristan de Beer,0.2007,1,True
4771756,Jessica Stanley,0.1213,1,True
2328190,Margot Wood,0.068,1,True
1011106,Maximilian Osinski,1.0093,2,True
3953574,Arianna Rivas,1.2834,2,True
3651199,Isla Gie,2.1435,4,True
1111204,Emmett Scanlan,0.7402,3,True
147382,Eve Mauro,0.8071,2,True
4642648,Kristina Poli,0.136,1,True
3120886,Piotr Witkowski,0.2954,1,True
2626736,Richard Heap,1.1971,2,True
1840725,Michelle Choi-Lee,0.5015,2,True
1002369,Dakota Daulby,0.3924,1,True
4686681,Lauren Acala,0.1733,1,True
4686689,Maïla Hosie,0.1116,1,True
83445,Jason William Day,0.3109,1,True
1075842,Lisa Chandler,0.7766,2,True
2855445,Ava Kelders,0.6007,2,True
3177922,Rryla McIntosh,0.3397,1,True
2675284,Shafin Karim,0.2007,1,True
4785366,Trey Helten,0.1788,1,True
4688032,Miles Caton,0.2034,1,True
1321015,Li Jun Li,0.8982,2,True
3495960,Yao,0.6008,3,True
1805225,Peter Dreimanis,0.0756,1,True
53399,Buddy Guy,0.3381,7,True
1292493,Tenaj L. Jackson,0.3411,1,True
1362844,Luna Blaise,1.3886,4,True
3673493,Audrina Miranda,0.5353,2,True
2496534,Philippine Velge,1.5211,2,True
1517537,Bechir Sylvain,0.397,1,True
1413423,Adam Loxley,0.1841,1,True
3723950,Niamh Finlay,0.1987,1,True
5563465,Julian Edgar,0.0787,1,True
1747175,Lucy Thackeray,0.1573,1,True
4775908,Hualālai Chung,0.1505,1,True
1868823,Rose Matafeo,0.6781,5,True
55937,David Fane,0.2187,3,True
3819173,Awhimai Fraser,0.4872,1,True
4775906,Khaleesi Lambert-Tsuda,0.3425,1,True
4877023,Gerald Ramsey,0.0453,1,True
1189815,Tofiga Fepulea'i,0.1711,1,True
5077784,Jasmine Johnson,0.0286,1,True
5076337,Tiana Johnson,0.051,1,True
27688,Dan Callahan,1.1669,4,True
52271,Brianna Brown,1.497,4,True
19159,Thomas Haden Church,1.177,8,True
17052,Topher Grace,2.0937,9,True
9207,Theresa Russell,0.7735,4,True
6384,Keanu Reeves,5.8449,10,True
10960,Max Baker,0.6066,4,True
10961,Gavin Rossdale,0.549,4,True
10962,Jesse Ramirez,0.2569,1,True
10963,José Zúñiga,0.8224,4,True
94304,Larry Cedar,0.3079,4,True
162754,Francis Guinan,0.2003,4,True
89934,Suzanne Whang,0.1557,1,True
2552988,Jhoanna Trias,0.0441,1,True
7674,Alexander Godunov,0.601,4,True
7673,Bonnie Bedelia,1.352,8,True
7672,Reginald VelJohnson,0.6631,4,True
7675,Paul Gleason,0.6331,4,True
7677,De'voreaux White,0.7837,4,True
7676,William Atherton,0.5596,4,True
7678,Hart Bochner,0.4443,4,True
4995,James Shigeta,0.2587,4,True
1641420,Bruno Doyon,0.1171,1,True
10673,Andreas Wisniewski,0.9949,4,True
51581,Clarence Gilyard Jr.,1.6974,8,True
1217001,Lorenzo Caccialanza,0.3954,4,True
7679,Dennis Hayden,0.2954,4,True
548663,Kym Malin,1.4695,4,True
27763,Casper Van Dien,0.7478,4,True
28410,Jake Busey,1.0892,4,True
41686,Neil Patrick Harris,1.5897,10,True
41687,Patrick Muldoon,0.8741,4,True
41688,Seth Gilliam,0.6601,4,True
41689,Rue McClanahan,0.4672,8,True
41690,Blake Lindsley,0.2098,4,True
9258,Steven Ford,0.2023,4,True
41691,Ungela Brockman,0.1757,1,True
5945,Bruce Gray,0.3121,4,True
23970,Denise Dowse,0.3483,4,True
20189,Amy Smart,1.9076,8,True
18269,Brendan Fraser,1.563,10,True
10727,John Hannah,1.3851,8,True
16743,Arnold Vosloo,1.9577,8,True
18920,Patricia Velásquez,1.1492,4,True
18041,Oded Fehr,0.5722,4,True
18916,Kevin J. O'Connor,0.7546,4,True
8537,Jonathan Hyde,0.6668,4,True
18917,Erick Avari,1.2073,4,True
36803,Stephen Dunham,0.2655,4,True
17199,Corey Johnson,0.5212,4,True
947663,Mohammed Afifi,0.0524,1,True
157942,Tuc Watkins,0.2714,4,True
8545,Bernard Fox,0.5396,4,True
25808,Aharon Ipalé,0.2481,4,True
26291,Martin Henderson,1.8712,8,True
26292,David Dorfman,0.4397,4,True
26294,Lindsay Frost,0.5405,4,True
20354,Amber Tamblyn,1.3154,8,True
26293,Rachael Bella,0.3228,4,True
1580,Daveigh Chase,0.6201,4,True
26295,Sandra Thigpen,0.107,1,True
3205,Richard Lineback,0.3242,4,True
83585,Sasha Barrese,0.3284,4,True
1915496,Tess Hall,0.1257,1,True
11702,Adam Brody,2.3852,9,True
22053,Alan Blumenfeld,0.1926,4,True
11680,Pauley Perrette,1.1383,8,True
10131,Sara Rue,1.1191,4,True
941160,David Povall,3.3606,4,True
8183,Kathleen Quinlan,1.4571,4,True
41517,Christian Clemenson,0.7168,4,True
16841,Brett Cullen,1.0013,4,True
11628,Loren Dean,0.5193,4,True
15661,Clint Howard,0.9228,4,True
161856,Ben Marley,0.2464,1,True
8189,Tracy Reiner,0.6502,4,True
8192,Joe Spano,0.5885,4,True
8190,Michele Little,2.7871,4,True
87485,Neil Armstrong,1.8561,10,False
6355,Roy Scheider,1.3667,9,True
8606,Robert Shaw,1.4183,9,True
8607,Lorraine Gary,0.751,4,True
8608,Murray Hamilton,1.0458,4,True
8609,Jeffrey Kramer,0.4403,4,True
8610,Susan Backlinie,0.2561,4,True
8591,Ted Grossman,0.7531,4,True
8611,Chris Rebello,0.2907,4,True
8612,Jay Mello,0.2406,4,True
8613,Lee Fierro,0.1134,4,True
8614,Jeffrey Voorhees,0.0773,1,True
8615,Craig Kingsbury,0.2452,4,True
2735328,Phil Murray,0.065,1,True
6769,Joseph Mascolo,0.1994,4,True
8497,Collin Wilcox Paxton,0.1196,4,True
16197,Ann Dusenberry,0.3659,4,True
16198,Mark Gruner,0.3883,4,True
16199,Barry Coe,0.1479,4,True
16200,Susan French,0.2426,4,True
14552,Gary Springer,0.0795,1,True
16201,Donna Wilkes,0.4873,4,True
16202,Gary Dubin,0.1873,1,True
16203,John Dukakis,0.3695,1,True
16204,G. Thomas Dunlop,0.0536,1,True
16213,Lance Guest,0.2781,4,True
16214,Mario Van Peebles,0.5208,4,True
16215,Karen Young,0.1857,4,True
16216,Judith Barsi,0.5804,4,True
16217,Lynn Whitfield,0.8046,4,True
16218,Mitchell Anderson,0.2026,1,True
16219,Cedric Scott,0.0519,1,True
16220,Charles Bowleg,0.0261,1,True
16222,Mary Smith,0.0357,1,True
16223,Edna Billotto,0.0261,1,True
16224,Fritzi Jane Courtney,0.1185,1,True
135650,Melvin Van Peebles,0.1745,4,True
1673210,Cyprian R. Dube,0.0338,1,True
20220,Elden Henson,1.0819,4,True
1581,Mary McDonnell,4.1208,8,True
7853,Rodney A. Grant,1.2295,4,True
7862,"Floyd ""Red Crow"" Westerman",0.2441,4,True
7863,Tantoo Cardinal,0.9188,4,True
7866,Robert Pastorelli,0.6341,4,True
7867,Charles Rocket,0.3777,4,True
7868,Maury Chaykin,0.6328,4,True
7869,Jimmy Herman,0.2834,4,True
7871,Nathan Lee Chasing His Horse,0.1401,1,True
7872,Michael Spears,0.3158,4,True
7873,Jason R. Lone Hill,0.0398,1,True
7874,Tony Pierce,1.1806,4,True
7875,Doris Leader Charge,0.0718,1,True
140250,Tom Everett,0.3622,4,True
15853,Wes Studi,1.0673,8,True
10722,Graham Chapman,0.466,9,True
8930,John Cleese,0.961,10,True
10713,Eric Idle,0.4638,8,True
10707,Terry Jones,0.2916,4,True
383,Michael Palin,0.7173,8,True
10732,Terence Bayler,0.2037,4,True
10733,Carol Cleveland,0.2122,4,True
10734,Kenneth Colley,0.3876,4,True
70624,Neil Innes,0.6372,4,True
374,Charles McKeown,0.3802,4,True
179028,John Young,0.0655,1,True
10735,Gwen Taylor,0.3408,4,True
10737,Sue Jones-Davies,0.2922,4,True
32566,Peter Brett,0.1099,1,True
8167,Paul Walker,2.742,10,True
8169,Tyrese Gibson,1.1236,8,True
8170,Eva Mendes,1.9396,10,True
8171,Ludacris,0.7234,9,True
8175,Thom Barry,0.3286,4,True
8177,Michael Ealy,1.7105,8,True
928812,Roberto 'Sanz' Sanchez,0.7575,4,True
8180,Mo Gallini,0.2587,4,True
8179,Edward Finlay,0.1673,1,True
8178,Au-Yeung Jin,0.5748,4,True
17341,Amaury Nolasco,1.3857,4,True
1015836,Eric Etebari,0.2615,4,True
7904,Billy Crystal,0.9782,10,True
7905,Mary Gibbs,0.3809,4,True
5563,James Coburn,1.4802,9,True
7906,Jennifer Tilly,1.7692,8,True
7909,Steve Susskind,0.1023,1,True
7910,Samuel Lord Black,0.4252,4,True
19545,Jack Angel,0.6805,4,True
78317,Bob Bergen,0.7161,4,True
3061,Ewan McGregor,2.1824,10,True
8289,Billy Crudup,1.362,8,True
8291,Alison Lohman,0.7058,4,True
8294,Robert Guillaume,0.6582,8,True
8293,Marion Cotillard,2.0864,10,True
8295,Matthew McGrory,0.4959,4,True
62562,David Denman,1.3438,4,True
84848,Loudon Wainwright III,0.1444,4,True
1116141,Ada Tai,0.8882,4,True
1116140,Arlene Tai,0.289,4,True
8329,Radha Mitchell,1.7971,8,True
8338,Jodelle Ferland,0.8579,4,True
8332,Laurie Holden,1.2684,8,True
13549,Deborah Kara Unger,0.9822,4,True
8335,Kim Coates,1.5784,4,True
8336,Tanya Allen,0.2401,4,True
5889,Nicky Guadagni,0.3208,4,True
37981,Chris Britton,0.2128,4,True
8341,Colleen Williams,0.0409,1,True
8343,Ron Gabriel,0.1409,4,True
8345,Derek Ritschel,0.0286,1,True
8347,Eve Crawford,0.682,4,True
8348,Amanda Hiebert,0.0681,1,True
8435,Stephen Dillane,1.3592,4,True
8436,Miranda Richardson,0.8525,8,True
8443,Linda Bassett,0.3956,4,True
8442,Lyndsey Marshal,0.7147,4,True
8444,Christian Coulson,0.4502,4,True
8445,Michael Culkin,0.2294,4,True
8440,Charley Ramm,0.0368,1,True
8441,Sophie Wyburd,0.0239,1,True
8439,George Loftus,0.0168,1,True
8447,Jeff Daniels,1.8389,9,True
96735,Carmen De Lavallade,1.356,4,True
2405,Audrey Tautou,2.0601,8,True
1003,Jean Reno,3.0238,8,True
34259,Jean-Yves Berteloot,0.3336,2,True
150792,Etienne Chicot,0.1248,1,True
20795,Jean-Pierre Marielle,0.3222,4,True
38885,Marie-Françoise Audollent,0.0505,1,True
58579,Rita Davies,0.6419,1,True
27199,Francesco Carnelutti,1.3529,2,True
38888,Seth Gabel,1.1429,5,True
1250452,Shane Zaza,0.517,1,True
2281599,Andy Clark,0.0071,1,True
8687,Chi McBride,0.7372,6,True
8688,Diego Luna,1.8806,8,True
8690,Kumar Pallana,0.1156,5,True
8692,Eddie Jones,0.237,4,True
8694,Corey Reynolds,0.6161,3,True
8695,Guillermo Díaz,0.5177,5,True
8696,Rini Bell,0.235,2,True
8697,Stephen Mendel,0.5548,2,True
128719,Valery Nikolaev,0.7683,2,True
1899670,Janique Kearns,1.2785,2,True
224077,Terry Haig,1.2209,2,True
8534,Kathy Bates,1.3777,9,True
8535,Gloria Stuart,0.595,7,True
8536,Victor Garber,0.8626,7,True
2179,Suzy Amis,0.3683,4,True
8538,Lewis Abernathy,1.021,2,True
8539,Nicholas Cascone,0.2794,2,True
93215,Anatoly M. Sagalevitch,0.0704,1,True
8540,Danny Nucci,0.9827,6,True
8541,Jason Barry,1.2337,3,True
65524,Ioan Gruffudd,1.768,6,True
1741441,Linda Kerns,1.2425,2,True
8654,Matthew Modine,1.2585,7,True
7132,Vincent D'Onofrio,2.2548,8,True
8655,R. Lee Ermey,0.5553,7,True
8656,Dorian Harewood,0.2351,4,True
8657,Kevyn Major Howard,0.1743,3,True
8658,Ed O'Ross,0.5345,4,True
8659,John Terry,0.5089,3,True
8660,Kieron Jecchinis,0.4118,2,True
8661,Kirk Taylor,0.2431,2,True
8662,Tim Colceri,0.3298,2,True
8663,Jon Stafford,0.3718,2,True
8664,Bruce Boa,0.2194,2,True
8665,Ian Tyler,0.2247,2,True
8666,Sal Lopez,0.4044,2,True
9976,Henry Thomas,1.5587,7,True
9978,Robert MacNaughton,0.4051,5,True
62001,Dee Wallace,1.0242,6,True
23764,Erika Eleniak,1.8998,6,True
9980,K.C. Martel,0.9347,4,True
9981,Sean Frye,0.0741,4,True
9983,Richard Swingler,0.0758,2,True
9984,Frank Toth,0.0214,1,True
1216398,Robert Barton,0.0429,1,True
2435042,Michael Darrell,0.0362,1,True
2747643,David Berkson,0.0338,1,True
2435043,David Carlberg,0.0143,1,True
2888,Will Smith,2.7883,10,True
8984,Bill Pullman,2.324,7,True
8985,Margaret Colin,0.8672,4,True
8986,James Rebhorn,0.4437,4,True
7420,Harvey Fierstein,0.4674,6,True
1582,James Duval,0.7947,3,True
8987,Lisa Jakub,0.4864,5,True
67382,Ross Bagley,0.4252,5,True
52404,Mae Whitman,1.8622,7,True
180637,Joyce Cohen,2.5593,2,True
9364,Gloria Foster,0.4887,5,True
9372,Marcus Chong,0.3598,4,True
7244,Julian Arahanga,0.3269,2,True
9374,Matt Doran,0.502,2,True
9376,Belinda McClory,0.7148,3,True
9378,Anthony Ray Parker,0.1466,2,True
9380,Paul Goddard,0.2866,2,True
39545,Robert Taylor,1.3369,4,True
9383,David Aston,0.3745,2,True
9384,Marc Aden Gray,0.3207,2,True
181214,Ada Nicodemou,0.3098,3,True
9575,Jada Pinkett Smith,0.9883,9,True
28782,Monica Bellucci,3.3244,9,True
9464,Harry Lennix,0.7203,6,True
9462,Randall Duk Kim,0.4424,5,True
18286,Nona Gaye,0.3415,4,True
9452,Daniel Bernhardt,1.3044,4,True
9443,Helmut Bakaitis,0.5055,4,True
9459,David Kilde,0.1783,2,True
33449,Essie Davis,2.1805,4,True
9576,Gina Torres,1.3562,7,True
9572,Mary Alice,0.2049,4,True
52908,Collin Chou,0.5455,4,True
62486,Ian Bliss,0.3337,2,True
27752,Bruce Spence,0.5734,5,True
3360214,Tanveer K. Atwal,0.1392,1,True
24362,Kevin Michael Richardson,1.0553,5,True
10647,Klaus Maria Brandauer,0.318,5,True
10648,Michael Kitchen,0.5527,4,True
10649,Malick Bowens,0.6335,2,True
10652,Suzanna Hamilton,0.5865,3,True
10653,Rachel Kempson,0.1449,3,True
10654,Graham Crowden,0.2419,3,True
10655,Leslie Phillips,0.3278,6,True
10657,Shane Rimmer,0.3348,3,True
10650,Joseph Thiaka,0.0071,1,True
10651,Stephen Kinyanjui,0.0143,1,True
10656,Mike Bugara,0.0143,1,True
10658,Job Seda,0.0327,2,True
1154526,Mohammed Umar,0.0,1,True
9625,Linda Fiorentino,0.779,6,True
9626,Rip Torn,1.372,7,True
4252,Tony Shalhoub,1.0896,8,True
9628,Mike Nussbaum,0.1843,2,True
9629,Jon Gries,0.9889,6,True
9630,Sergio Calderón,0.4621,2,True
9631,Carel Struycken,1.0494,5,True
9632,Fredric Lehne,0.543,4,True
9633,Richard Hamilton,0.1544,2,True
443770,John Alexander,0.308,2,True
9656,Johnny Knoxville,1.3151,9,True
9657,Patrick Warburton,1.3618,8,True
9658,Colombe Jacobsen-Derstine,0.3283,2,True
9659,Peter Spellos,0.2363,2,True
154590,Michael Rivkin,0.1449,2,True
37008,Michael Bailey Smith,0.2045,3,True
1314246,Howard Spiegel,0.4828,2,True
82702,Michael Jackson,1.0503,10,False
8977,Craig T. Nelson,1.2508,7,True
10080,JoBeth Williams,0.9465,6,True
10083,Beatrice Straight,0.3557,4,True
10084,Dominique Dunne,0.7758,5,True
10085,Oliver Robins,1.627,4,True
10086,Heather O'Rourke,0.3925,6,True
10087,Michael McManus,0.3499,2,True
10088,Virginia Kiser,0.1316,2,True
10089,Martin Casella,0.0715,2,True
10090,Richard Lawson,0.3838,3,True
10091,Zelda Rubinstein,0.1866,5,True
14852,James Karen,0.4727,4,True
2064838,Clair E. Leucart,0.0286,1,True
123016,Dirk Blocker,0.4769,2,True
33017,Allan Graf,0.6428,2,True
8784,Daniel Craig,2.6994,10,True
2406,Mathieu Kassovitz,0.628,6,True
169,Hanns Zischler,0.2299,3,True
8786,Ayelet Zurer,1.1505,5,True
8787,Gila Almagor,0.2031,3,True
2369,Michael Lonsdale,0.4207,5,True
8789,Mathieu Amalric,0.963,5,True
677,Moritz Bleibtreu,0.5476,5,True
5077,Valeria Bruni Tedeschi,0.3926,4,True
8790,Meret Becker,0.5233,3,True
8791,Marie-Josée Croze,0.5811,4,True
8793,Ami Weinberg,0.0603,2,True
147406,Oded Teomi,1.0059,2,True
31512,Robert John Burke,1.2264,5,True
52639,Tom Wlaschiha,1.2648,7,True
8767,Jim Caviezel,1.8765,8,True
8768,Maia Morgenstern,0.418,4,True
8769,Christo Jivkov,0.2737,2,True
8770,Francesco De Vito,0.9168,2,True
8772,Mattia Sbragia,0.2699,3,True
44650,Toni Bertorelli,0.1545,2,True
8774,Luca Lionello,0.6335,3,True
8775,Hristo Shopov,0.2395,2,True
8776,Claudia Gerini,0.6268,4,True
8777,Fabio Sartor,0.1585,2,True
147191,Giacinto Ferro,0.1596,2,True
2019210,Aleksander Mincer,0.0826,1,True
2019211,Sheila Mokhtari,0.0505,1,True
1054372,Lucio Allocca,0.358,2,True
27201,Paco Reconti,0.2007,2,True
23370,Francesco De Rosa,2.1223,2,True
9191,Timothy Spall,1.5396,7,True
9195,Hiroyuki Sanada,1.7501,7,True
9190,Koyuki,1.3199,5,True
9194,Shin Koyamada,1.1589,4,True
9188,Billy Connolly,1.0019,7,True
9192,Togo Igawa,0.3847,3,True
9189,Shichinosuke Nakamura,0.1943,2,True
9186,Chad Lindberg,0.9471,4,True
1593805,Ray Godshall Sr.,0.0453,1,True
953738,Masashi Odate,0.4515,2,True
9206,Neve Campbell,1.773,9,True
9209,Daphne Rubin-Vega,0.2674,5,True
9208,Robert Wagner,1.1401,6,True
44831,Carrie Snodgress,0.3644,4,True
9210,Jeff Perry,0.7019,4,True
9211,Eduardo Yáñez,0.2958,3,True
9212,Jennifer Taylor,1.0796,3,True
953997,Cory Pendergast,0.1154,2,True
945237,Toi Svane Stepp,0.1128,2,True
93679,Dennis Neal,0.064,1,True
8851,Whitney Houston,0.3181,10,False
7042,Gary Kemp,0.1549,5,True
8854,Bill Cobbs,0.5734,5,True
8853,Ralph Waite,0.5851,6,True
8852,Michele Lamar Richards,0.3948,2,True
5170,Mike Starr,0.8995,4,True
8855,Christopher Birt,0.181,2,True
8856,DeVaughn Nixon,0.5038,3,True
11517,Gerry Bamman,0.2863,3,True
151433,Joe Urla,0.1651,2,True
13937,Charles Keating,0.1526,3,True
8857,Debbie Reynolds,0.9275,8,True
8872,Rick Moranis,1.3868,8,True
8873,Annie Potts,1.4285,7,True
8874,Ernie Hudson,0.9219,7,True
562314,Slavitza Jovan,0.5634,2,True
8875,David Margulies,0.2146,3,True
55930,Steven Tash,0.6154,2,True
101652,Jennifer Runyon,0.4224,3,True
1080265,Michael Ensign,0.3294,2,True
17488,Alice Drummond,0.3999,3,True
51549,Jordan Charney,0.2438,2,True
8892,Olivia Newton-John,0.536,9,True
8891,John Travolta,2.1981,10,True
8893,Stockard Channing,0.9278,7,True
8894,Jeff Conaway,0.4316,6,True
8896,Barry Pearl,0.3779,2,True
8897,Michael Tucci,0.5163,3,True
8898,Kelly Ward,0.3174,2,True
8895,Didi Conn,0.5067,5,True
8899,Jamie Donnelly,1.034,3,True
8900,Dinah Manoff,1.0309,5,True
8904,Susan Buckner,0.1586,2,True
860,Eve Arden,0.5335,6,True
22092,Frankie Avalon,0.336,6,True
13568,Joan Blondell,0.4589,5,True
8901,Edd Byrnes,0.5718,4,True
8902,Sid Caesar,0.2948,7,True
8906,Annette Charles,1.1636,3,True
8944,Jamie Lee Curtis,2.2279,9,True
8945,Kevin Kline,1.5746,8,True
8946,Maria Aitken,0.2741,3,True
8947,Tom Georgeson,0.435,3,True
8948,Cynthia Cleese,0.5639,3,True
12658,Patricia Hayes,0.3625,4,True
10746,Geoffrey Palmer,0.502,5,True
1157036,Mark Elwes,0.0938,2,True
49968,Neville Phillips,0.1753,2,True
27334,Peter Jonfield,0.1185,2,True
158293,Jeremy Child,0.3029,3,True
11275,Stephen Fry,0.8231,8,True
24271,Ken Campbell,0.2048,3,True
124314,Al Hunter Ashton,0.1456,2,True
9012,Jonny Lee Miller,2.0804,7,True
9013,Kevin McKidd,0.7343,7,True
18023,Robert Carlyle,1.385,7,True
9015,Kelly Macdonald,2.0357,6,True
3064,Peter Mullan,0.9469,5,True
9016,Eileen Nicholas,0.1229,2,True
1837,Susan Vidler,0.4188,2,True
9017,Pauline Lynch,0.4237,2,True
1834,Shirley Henderson,1.4908,5,True
1220473,Dale Winton,0.149,4,True
20056,Keith Allen,0.8667,4,True
3131,Antonio Banderas,2.9984,9,True
9029,Stephen Rea,0.8452,6,True
9031,Domiziana Giordano,0.3494,2,True
9030,Thandiwe Newton,1.6108,8,True
149876,Laure Marsac,0.3079,2,True
3608574,Mike Seelig,0.0368,1,True
1218000,Bellina Logan,0.2722,2,True
2154797,Lyla Hay Owen,0.0557,1,True
4095228,Lee E. Scharfstein,0.0214,1,True
3608575,Monte Montague,0.0071,1,True
4095231,Nathalie Bloch,0.0593,2,True
15737,Helen McCrory,1.113,7,True
42571,Susan Lynch,1.0685,4,True
9045,Stephen Baldwin,0.9108,6,True
5168,Gabriel Byrne,1.4094,8,True
9046,Chazz Palminteri,0.8115,6,True
4808,Giancarlo Esposito,1.8201,7,True
56166,Carl Bressler,0.3242,2,True
201883,Phillipe Simon,0.0933,2,True
1228876,Jack Shearer,0.211,2,True
9047,Christine Estabrook,0.3023,3,True
9137,Renée Zellweger,1.9808,9,True
9138,Gemma Jones,1.1041,5,True
9145,James Callis,0.7126,6,True
9144,Sally Phillips,0.5611,5,True
9146,Lisa Barbuscia,0.2235,2,True
9139,Celia Imrie,3.8069,5,True
9140,James Faulkner,0.5417,4,True
9141,Charmian May,0.2627,3,True
9142,Paul Brooke,0.2693,3,True
9143,Felicity Montagu,0.3753,4,True
1567503,Charlie Caine,0.0973,2,True
44079,Charlotte Rampling,1.8898,8,True
9170,Stocker Fontelieu,0.0973,2,True
9171,Brownie McGhee,0.0997,3,True
9172,Elizabeth Whitcraft,0.3744,2,True
9173,Eliott Keener,0.1937,2,True
9174,Charles Gordone,0.0239,2,True
9175,Dann Florek,0.7599,4,True
42335,Kathleen Wilhoite,0.8733,4,True
4048,George Buck,0.0583,2,True
109900,Judith Drake,0.3441,2,True
1262960,Dave Petitjean,0.0214,1,True
5344,Meg Ryan,1.3878,9,True
9257,Bruno Kirby,0.6938,6,True
9259,Lisa Jane Persky,0.1927,3,True
9260,Michelle Nicastro,0.3677,2,True
119884,Gretchen Palmer,0.3539,2,True
86475,Robert Alan Beuth,0.1641,2,True
1389091,David Burdick,0.0286,1,True
1389092,Joe Viviani,0.1152,2,True
27106,Harley Jane Kozak,0.3958,4,True
1389093,Joseph Hunt,0.0409,1,True
151273,Kevin Rooney,0.1116,2,True
158205,Franc Luz,0.4196,3,True
136761,Nathalie Baye,0.4988,5,True
9273,Amy Adams,2.5521,9,True
9274,James Brolin,1.3556,7,True
9275,Frank John Hughes,0.4188,3,True
9276,Steve Eastin,0.2227,3,True
9277,John Finn,0.507,4,True
9278,Jennifer Garner,1.4966,9,True
9279,Nancy Lenehan,0.3638,3,True
9280,Ellen Pompeo,1.0326,8,True
81217,Sarah Lancaster,1.1276,4,True
109151,Jaime Ray Newman,1.3439,4,True
81133,Amy Acker,1.6342,6,True
9642,Jude Law,3.7108,9,True
1518,Frances O'Connor,1.2369,6,True
9641,Jake Thomas,0.3905,4,True
60633,Kevin Sussman,1.033,5,True
27030,Tom Gallop,0.3029,2,True
1004155,Eugene Osment,0.6842,2,True
71128,Ashley Scott,1.0092,4,True
95517,Justina Machado,1.1,4,True
9777,Cuba Gooding Jr.,1.5946,8,True
9778,Ice Cube,1.7137,9,True
9779,Morris Chestnut,1.0493,6,True
9780,Angela Bassett,1.885,9,True
9781,Nia Long,0.9168,7,True
9782,Tyra Ferrell,0.1225,3,True
9788,Regina King,1.8052,8,True
2617692,Meta King,0.0676,2,True
156806,Whitman Mayo,0.2895,6,True
5160077,Hudhail Al-Amir,0.0357,1,True
54426,Lloyd Avery II,0.1115,2,True
2348431,Miya McGhee,0.0453,1,True
9783,Lexie Bigham,0.3056,2,True
1392795,Kenneth A. Brown,0.2505,2,True
55636,Donald Sutherland,2.059,9,True
9805,Sally Kellerman,0.7519,6,True
9806,Roger Bowen,0.1321,3,True
9808,David Arkin,0.1699,3,True
9809,Jo Ann Pflug,0.761,4,True
9810,Gary Burghoff,0.3184,6,True
9811,Fred Williamson,0.4805,5,True
1225418,Indus Arthur,0.1663,2,True
1509280,Ken Prymus,0.2114,2,True
161681,Bobby Troup,0.4654,3,True
1663268,Kim Atwood,0.087,2,True
9824,Diane Kruger,1.552,8,True
11390,Peter O'Toole,0.9643,9,True
9827,Rose Byrne,2.7501,8,True
9825,Saffron Burrows,1.3578,6,True
9828,Garrett Hedlund,0.9854,6,True
9831,Vincent Regan,1.2968,4,True
1666,Julie Christie,1.0019,9,True
24898,Nathan Jones,1.0597,4,True
185460,Mark Lewis Jones,0.6827,3,True
50020,Scott Patterson,0.8717,6,True
51037,Athena Karkanis,1.2054,4,True
51036,Louis Ferreira,0.7498,4,True
51038,Simon Reynolds,0.2097,2,True
28869,Mike Realba,0.259,2,True
51039,Marty Adams,0.0898,2,True
51040,Sarain Boylan,0.2612,2,True
90498,Devon Bostick,2.0013,6,True
9994,Helen Hunt,1.9483,8,True
9995,Jami Gertz,1.0938,6,True
9996,Sean Whalen,0.667,4,True
9997,Scott Thomson,0.3438,3,True
9998,Joey Slotnick,0.4401,4,True
9999,Wendle Josepher,0.9817,2,True
52801,Patrick Fischler,1.2485,4,True
10980,Daniel Radcliffe,2.4918,10,True
10989,Rupert Grint,1.7477,9,True
10990,Emma Watson,4.6966,10,True
10993,Tom Felton,0.9182,7,True
10978,Maggie Smith,1.8152,9,True
10983,Richard Griffiths,0.8555,7,True
10985,Ian Hart,1.3134,5,True
10981,Fiona Shaw,1.3185,5,True
11180,David Bradley,1.0715,4,True
96841,Matthew Lewis,1.2754,6,True
11179,Sean Biggerstaff,0.4054,3,True
11184,Warwick Davis,1.2167,6,True
234923,Alfred Enoch,1.2657,4,True
11181,Kenneth Branagh,1.9838,8,True
13014,Toby Jones,1.6318,6,True
10991,Bonnie Wright,0.7701,6,True
94020,Peter O'Farrell,1.4637,2,True
11213,Pam Ferris,1.5645,5,True
62,Bruce Willis,3.0295,10,True
289,Madeleine Stowe,1.5803,7,True
287,Brad Pitt,8.2382,10,True
290,Christopher Plummer,2.4716,9,True
52,David Morse,1.8883,7,True
288,Jon Seda,0.845,5,True
22227,Christopher Meloni,0.971,7,True
1318900,Joey Perillo,0.2328,2,True
64908,LisaGay Hamilton,0.6033,5,True
11154,Matt Ross,0.4134,5,True
66094,Annie Golden,0.218,4,True
1077231,Michael Chance,0.0382,2,True
1571785,H. Michael Walls,0.0261,2,True
1328063,Bob Adrian,0.2535,2,True
7576,Bill Raymond,0.168,4,True
59112,Ernest Abuba,0.0618,2,True
325,Eminem,1.171,10,True
326,Kim Basinger,1.4966,9,True
327,Mekhi Phifer,0.7955,7,True
328,Brittany Murphy,2.379,8,True
333,Evan Jones,0.6451,4,True
334,Omar Benson Miller,1.1487,6,True
341,De'Angelo Wilson,0.1515,3,True
342,Eugene Byrd,0.9631,5,True
343,Taryn Manning,1.363,7,True
344,Larry Hudson,0.0416,2,True
337,Proof,0.1484,5,True
345,DJ Head,0.0617,3,True
123457,Chloe Greenfield,0.164,3,True
4209687,Mary Hannigan,0.0398,2,True
53650,Anthony Mackie,2.3686,8,True
4693,Paul Bates,1.8185,4,True
350,Laura Linney,1.6418,8,True
351,Judy Davis,1.3485,8,True
5249,E.G. Marshall,0.6736,6,True
404,Melora Hardin,1.3107,6,True
6074,Kenneth Welsh,0.6712,5,True
1218219,Penny Johnson Jerald,0.5369,5,True
28633,Richard Jenkins,0.9324,7,True
1173,Mark Margolis,0.7751,6,True
153926,Elaine Kagan,0.4655,3,True
389,Alison Eastwood,0.7338,5,True
1235883,Yau-Gene Chan,0.1382,2,True
73421,Joaquin Phoenix,1.2019,9,True
368,Reese Witherspoon,2.0944,9,True
417,Ginnifer Goodwin,1.5522,7,True
418,Robert Patrick,2.1897,8,True
424,Dallas Roberts,0.6219,5,True
425,Dan John Miller,0.3264,3,True
426,Larry Bagby,0.2222,3,True
1231850,Shelby Lynne,0.1416,5,True
419,Tyler Hilton,0.2999,5,True
422,Waylon Payne,0.0576,3,True
421,Shooter Jennings,0.3208,4,True
427,Sandra Ellis Lafferty,0.4043,3,True
428,Dan Beene,0.1524,3,True
589756,Clay Steakley,0.0621,2,True
420,Johnathan Rice,0.068,3,True
3813501,Johnny Holiday,0.0379,2,True
429,Lucas Till,7.538,6,True
448,Hilary Swank,1.0514,9,True
449,Jay Baruchel,1.4034,8,True
450,Mike Colter,0.8534,7,True
451,Lucia Rijker,0.1884,5,True
31713,Brían F. O'Byrne,0.5221,4,True
452,Margo Martindale,1.2474,7,True
453,Riki Lindhome,1.2296,6,True
454,Michael Peña,1.7051,8,True
2137,Benito Martinez,0.7257,5,True
155576,Bruce MacVittie,0.1979,3,True
170123,David Powledge,0.6965,3,True
120257,Joe D'Angerio,0.1306,2,True
154950,Marcus Chait,0.0843,2,True
478,Jamie Bell,1.2421,8,True
480,Gary Lewis,0.8811,5,True
477,Julie Walters,1.7914,8,True
481,Jean Heywood,0.1292,3,True
479,Jamie Draven,1.4164,5,True
482,Stuart Wells,0.2294,3,True
1241113,Mike Elliot,0.0517,2,True
3182293,Billy Fane,0.0817,2,True
483,Nicola Blackwell,0.1701,3,True
3182294,Carol McGuigan,0.0071,1,True
107381,Joe Renton,0.0983,2,True
116991,Colin MacLachlan,0.069,2,True
487,Janine Birkett,0.051,2,True
938824,Trevor Fox,0.3316,3,True
1041491,Charlie Hardwick,0.2292,3,True
3182296,Denny Ferguson,0.0214,1,True
819,Edward Norton,3.4728,9,True
820,Edward Furlong,1.076,7,True
821,Beverly D'Angelo,1.5114,7,True
823,Jennifer Lien,0.2179,5,True
824,Ethan Suplee,0.6331,6,True
826,Fairuza Balk,0.9098,7,True
822,Avery Brooks,0.4902,7,True
827,Elliott Gould,1.3428,8,True
825,Stacy Keach,1.3237,7,True
11288,Robert Pattinson,3.0233,9,True
20049,David Tennant,1.7668,8,True
12044,Predrag Bjelac,0.3821,3,True
11291,Clémence Poésy,1.6348,7,True
11290,Stanislav Yanevski,0.3286,3,True
47468,Frances de la Tour,2.6012,5,True
81024,Roger Lloyd Pack,0.5643,6,True
513677,Henry Lloyd-Hughes,2.4434,4,True
11356,Imelda Staunton,1.2092,7,True
140367,Evanna Lynch,0.9,6,True
234933,Katie Leung,0.738,6,True
10127,Jon Voight,1.8568,8,True
7447,Alec Baldwin,2.0662,9,True
10128,William Lee Scott,0.6712,4,True
10129,Greg Zola,0.0925,2,True
10130,Catherine Kellner,0.1703,3,True
10132,Colm Feore,1.0652,5,True
31362,Ian Bohen,1.2561,4,True
51663,Sean Gunn,1.0812,6,True
1670,Daniel Mays,1.8337,5,True
74197,Jaymee Ong,1.1376,3,True
10206,Carrie Henn,1.2798,5,True
10207,William Hope,0.2859,3,True
10208,Al Matthews,0.1797,3,True
10212,Ricco Ross,0.3751,3,True
10209,Colette Hiller,0.3692,3,True
10210,Daniel Kash,0.3596,3,True
10211,Cynthia Dale Scott,0.3125,3,True
10213,Tip Tipping,0.4751,2,True
1340211,Trevor Steedman,0.4228,2,True
10182,Ving Rhames,3.2403,8,True
7036,Eric Stoltz,2.0893,7,True
3129,Tim Roth,1.9848,8,True
2319,Maria de Medeiros,0.5854,5,True
2165,Rosanna Arquette,1.5057,6,True
11803,Peter Greene,0.9085,4,True
11804,Duane Whitaker,0.2623,3,True
71836,Angela Jones,0.3012,2,True
11805,Frank Whaley,1.1603,5,True
10190,Jill St. John,0.6474,5,True
10074,Charles Gray,0.4659,4,True
10191,Lana Wood,0.5019,5,True
10192,Jimmy Dean,0.2194,3,True
3244,Bruce Cabot,0.3544,4,True
10193,Putter Smith,0.1534,2,True
10194,Bruce Glover,0.3041,3,True
10195,Norman Burton,0.2555,3,True
10196,Joseph Fürst,0.2822,3,True
9906,Desmond Llewelyn,0.3041,6,True
1221898,Leonard Barr,0.5372,2,True
228813,Margaret Lacey,0.0997,2,True
79358,Joe Robinson,0.0965,2,True
10341,Britt Ekland,1.1788,5,True
10342,Maud Adams,0.7077,6,True
10343,Hervé Villechaize,0.5469,6,True
10344,Richard Loo,0.2426,3,True
10345,Soon-Tek Oh,0.5761,4,True
3140,Marc Lawrence,0.3507,4,True
67882,Marne Maitland,0.2279,3,True
33109,James Cossins,0.0989,2,True
83676,Charlie Chan Yiu-Lam,0.2004,2,True
1215738,Carmen du Sautoy,0.1922,2,True
10297,Matthew McConaughey,2.965,9,True
148122,Geoffrey Blake,0.3305,3,True
94864,Max Martini,1.2263,4,True
92777,Tucker Smallwood,0.1375,3,True
20089,Jena Malone,1.9977,6,True
1638916,Sami Chester,0.1015,2,True
169643,Timothy McNeil,0.1949,2,True
163029,Haynes Brooke,1.107,2,True
4038,Susan Sarandon,2.2528,9,True
10360,Robert Prosky,0.7699,5,True
10361,Raymond J. Barry,0.4872,4,True
79732,Barton Heyman,0.8474,3,True
1183429,Steve Boles,0.0861,2,True
21152,Nesbitt Blaisdell,0.0838,2,True
10366,Ray Aranha,0.1266,2,True
19511,Larry Pine,0.2475,3,True
3171441,Gil Robbins,0.0143,1,True
17866,Jon Abrahams,1.1522,4,True
10379,Victor Slezak,0.2439,3,True
10380,Jim Haynie,0.4105,3,True
10381,Sarah Zahn,0.0536,2,True
10382,Christopher Kroon,0.084,2,True
10383,Phyllis Lyons,0.2637,2,True
10386,Debra Monk,0.3282,4,True
10388,Richard Lage,0.0168,2,True
10389,Michelle Benes,0.0941,2,True
1402769,Alison Wiegert,0.0264,2,True
3804787,Brandon Bobst,0.0143,1,True
1023359,Pearl Faessler,0.0143,1,True
3804793,R.E. 'Stick' Faessler,0.0214,1,True
3846698,Tania Burt,0.0143,1,True
10458,Barbara Bach,0.4062,6,True
10459,Curd Jürgens,0.6055,5,True
10460,Richard Kiel,0.926,7,True
10461,Caroline Munro,0.6477,5,True
6610,Walter Gotell,0.3804,5,True
10462,Geoffrey Keen,0.2183,3,True
10173,George Baker,0.2422,3,True
10463,Michael Billington,0.2002,2,True
10464,Olga Bisera,0.3997,2,True
10465,Edward de Souza,0.7276,3,True
95099,Valerie Leon,0.4967,4,True
10400,Barbra Streisand,0.4404,10,True
10401,Blythe Danner,0.9015,6,True
10399,Teri Polo,1.0511,5,True
1003453,Spencer Pickren,0.199,2,True
1003454,Bradley Pickren,0.0941,2,True
10402,Alanna Ubach,1.0375,5,True
52957,Ray Santiago,0.2609,3,True
10403,Shelley Berman,0.2343,5,True
149665,Kali Rocha,0.46,3,True
155393,Dorie Barton,0.4522,3,True
29795,Jack Plotnick,0.3132,4,True
10409,Shelley Duvall,0.7282,7,True
10410,Danny Lloyd,1.6821,6,True
10411,Barry Nelson,0.2823,4,True
10412,Anne Jackson,0.3758,4,True
16504,Tony Burton,0.3376,3,True
1413939,Lia Beldam,0.2659,2,True
1413940,Billie Gibson,0.0453,2,True
72742,Barry Dennen,0.1109,3,True
38651,David Baxt,0.2147,2,True
99366,Manning Redwood,0.1388,2,True
3738136,Lisa Burns,0.097,2,True
3738137,Louise Burns,0.0605,2,True
10447,Mariel Hemingway,0.7045,6,True
10448,Anne Byrne Hoffman,0.1552,2,True
10449,Karen Ludwig,0.195,2,True
10450,Michael O'Donoghue,0.1295,3,True
43203,Tisa Farrow,0.2491,3,True
2598881,Damion Sheller,0.0214,1,True
12900,Wallace Shawn,2.3247,7,True
1276096,Helen Hanft,0.1995,2,True
1267159,Bella Abzug,0.1417,4,True
163851,Victor Truro,0.1039,2,True
33533,David Rasche,1.2548,4,True
10475,Lois Chiles,0.4771,5,True
10476,Corinne Cléry,0.239,3,True
10479,Toshirô Suga,0.0631,2,True
10481,Emily Bolton,0.2733,2,True
10483,Blanche Ravalec,0.5038,2,True
931614,Irka Bochenko,0.1233,2,True
19613,Mike Marshall,0.2483,2,True
1303696,Leila Shenna,0.1236,2,True
1280295,Anne Lonnberg,0.187,2,True
219130,Arthur Howard,1.1692,2,True
10500,Carole Bouquet,0.8576,5,True
10501,Chaim Topol,0.259,6,True
10502,Lynn-Holly Johnson,0.3648,4,True
10503,Cassandra Harris,0.5536,3,True
10504,Jill Bennett,0.1737,3,True
10505,Michael Gothard,0.154,3,True
10506,John Wyman,0.611,3,True
10507,Jack Hedley,0.1431,3,True
39066,James Villiers,0.3072,3,True
1173719,John Moreno,0.265,2,True
10508,Louis Jourdan,0.4493,5,True
10509,Kristina Wayborn,0.2808,3,True
10510,Kabir Bedi,0.3078,4,True
1233481,Vijay Amritraj,0.4132,4,True
10513,Robert Brown,0.1557,2,True
10511,David Meyer,0.2322,2,True
14759,Albert Moses,0.1625,2,True
10512,Tony Meyer,0.0532,2,True
10514,Michaela Clavell,0.0987,2,True
10555,Tony Roberts,0.2339,4,True
10556,Carol Kane,1.4422,7,True
10557,Paul Simon,0.2562,8,True
10558,Janet Margolin,0.4568,3,True
10559,Colleen Dewhurst,0.4195,5,True
10560,Donald Symington,0.089,2,True
10561,Helen Ludlam,0.0505,2,True
10562,Mordecai Lawner,0.1035,2,True
10563,Joan Neuman,0.0239,2,True
10564,Jonathan Munk,0.0286,2,True
1726163,Ruth Volner,0.0368,2,True
1726165,Martin Rosenblatt,0.0404,2,True
142244,Mary Boylan,2.1601,2,True
1188805,Alan Landers,2.0551,2,True
10660,Tanya Roberts,0.7709,6,True
10661,Grace Jones,0.548,8,True
10662,Patrick Macnee,0.5673,7,True
5274,Patrick Bauchau,0.4475,4,True
10663,Fiona Fullerton,0.2926,4,True
10664,Willoughby Gray,0.2382,2,True
16644,Dolph Lundgren,2.0849,7,True
548088,Bill Ackridge,2.147,2,True
10669,Timothy Dalton,1.7229,8,True
10670,Maryam d'Abo,0.5208,4,True
10671,Joe Don Baker,0.7995,5,True
10672,Art Malik,0.8373,4,True
1924,Jeroen Krabbé,0.6486,5,True
10674,Thomas Wheatley,0.847,3,True
10675,Caroline Bliss,0.7736,3,True
26055,Virginia Hey,0.4861,4,True
95536,John Bowe,0.3734,3,True
10680,Talisa Soto,0.5662,5,True
5616,Everett McGill,0.5756,4,True
10681,Wayne Newton,0.6713,6,True
10682,Anthony Starke,0.5273,3,True
7372,Pedro Armendáriz Jr.,0.5008,4,True
23648,Priscilla Barnes,0.4909,4,True
40598,Rafer Johnson,4.377,4,True
78006,Roger Cudney,1.7781,2,True
10695,Izabella Scorupco,1.1491,5,True
10696,Famke Janssen,3.1791,7,True
10698,Tchéky Karyo,0.9776,4,True
3757,Gottfried John,0.263,3,True
10699,Samantha Bond,1.7056,4,True
10700,Serena Gordon,0.3561,2,True
1228249,Pavel Douglas,0.147,2,True
10689,Rob Brown,0.6332,3,True
10690,Anna Paquin,1.0698,7,True
3586024,Damany Mathis,0.0286,2,True
10692,Michael Pitt,0.7952,4,True
172705,Richard Easton,0.2422,3,True
10694,Glenn Fitzgerald,0.2823,3,True
1216485,Lil' Zane,0.2096,3,True
10693,Stephanie Berry,0.1524,2,True
61012,Fly Williams III,0.0625,2,True
1457478,Damion Lee,0.0643,2,True
1637970,Tom Kearns,0.0239,2,True
10726,James Fleet,1.0749,4,True
10729,Charlotte Coleman,0.2096,3,True
10728,David Bower,0.3311,2,True
13328,Corin Redgrave,0.1327,4,True
10731,Anna Chancellor,1.0122,4,True
10736,Timothy Walker,0.1269,2,True
117557,Sara Crowe,0.1404,2,True
1075073,Ronald Herdman,0.0592,2,True
1229860,Elspet Gray,0.1172,3,True
189281,Philip Voss,0.2266,3,True
141354,Nicola Walker,2.2189,5,True
7248,Cliff Curtis,1.5804,5,True
10756,Kerry Walker,0.1086,2,True
7255,Ian Mune,0.1277,3,True
10760,Geneviève Lemon,0.4156,3,True
7249,Pete Smith,0.1496,2,True
173431,Bruce Allpress,0.7603,3,True
53485,Rose McIver,0.999,5,True
2612385,Verity George,0.0071,2,True
11338,Stephen Papps,0.9325,3,True
240221,Karen Colston,0.0362,2,True
11451,Eddie Campbell,0.1103,2,True
10761,Te Whatanui Skipwith,0.0239,2,True
1620,Michelle Yeoh,2.1546,9,True
10742,Teri Hatcher,1.3968,8,True
10744,Götz Otto,0.3244,3,True
10747,Julian Fellowes,0.525,4,True
10748,Terence Rigby,0.4642,3,True
1423897,Cecilie Thomsen,0.2951,3,True
17276,Gerard Butler,3.4145,9,True
229303,Phillip Kwok,1.3307,3,True
11084,Kelly McGillis,1.3255,6,True
11085,Anthony Edwards,1.0365,7,True
57082,John Stockwell,0.5267,4,True
11088,Barry Tubb,0.3261,3,True
11089,Whip Hubley,0.4145,3,True
17304,Adrian Pasdar,1.2691,4,True
1681008,Randall Brady,0.18,2,True
11616,Olivia Williams,1.1401,5,True
1106256,Angelica Page,0.7875,3,True
11618,Greg Wood,0.1502,2,True
52861,Peter Anthony Tambakis,0.7114,3,True
11619,Jeffrey Zubernis,0.4251,3,True
11621,Bruce Norris,0.2548,3,True
1318896,Lisa Summerour,0.2808,2,True
1559326,Firdous Bamji,0.2894,2,True
6439,Samia Shoaib,0.221,2,True
11389,John Lone,0.6552,5,True
6720,Joan Chen,1.2857,6,True
11394,Ruocheng Ying,0.3738,3,True
11395,Victor Wong Chi-Keung,0.6326,3,True
11392,Dennis Dun,0.3358,3,True
11396,Maggie Han,0.1832,3,True
69033,Vivian Wu,0.506,4,True
11398,Cary-Hiroyuki Tagawa,0.7661,4,True
1677316,Jade Go,0.231,2,True
11399,Fumihiko Ikeda,0.0563,2,True
1448561,Richard Vuu,0.0954,2,True
1448562,Tsou Tijger,0.0692,2,True
1448563,Tao Wu,0.0835,2,True
11108,Simon Pegg,2.2044,8,True
11109,Nick Frost,2.1644,7,True
11110,Kate Ashfield,0.5536,4,True
11111,Lucy Davis,1.6269,5,True
47730,Jessica Hynes,0.6945,4,True
26209,Matt Lucas,0.6506,6,True
11115,Peter Serafinowicz,0.8229,4,True
28847,Rafe Spall,1.1312,5,True
34551,Reece Shearsmith,0.4548,4,True
120931,Tamsin Greig,0.5189,5,True
137471,Julia Deakin,0.2635,3,True
11117,Steve Emerson,0.1217,2,True
11276,Tim Pigott-Smith,0.3173,4,True
11278,Rupert Graves,0.7661,5,True
11279,Roger Allam,0.8462,5,True
11280,Ben Miles,0.929,4,True
11281,Sinéad Cusack,0.8273,5,True
11277,Natasha Wightman,0.1769,3,True
11282,John Standing,0.4704,4,True
11283,Clive Ashborn,0.0975,2,True
11285,Ian Burfield,0.1819,2,True
17606,Imogen Poots,2.0605,6,True
11148,Joan Allen,1.9451,7,True
11150,Gina Gershon,2.5048,6,True
11149,Dominique Swain,0.689,4,True
30485,CCH Pounder,1.3347,5,True
21505,Robert Wisdom,1.373,4,True
11152,Margaret Cho,0.3574,6,True
11153,James Denton,1.0325,5,True
11158,Ernest Liu,0.7729,3,True
3136,Salma Hayek Pinault,1.6892,9,True
11159,Cheech Marin,0.9149,7,True
11160,Danny Trejo,1.7663,7,True
11162,Brenda Hillhouse,0.2533,3,True
11164,Kelly Preston,0.945,6,True
139997,Cristos,1.0476,3,True
2632254,Rosalia Hayakawa,1.1309,3,True
11462,Ellen Sandweiss,0.1501,3,True
11463,Richard DeManincor,0.3363,2,True
11464,Betsy Baker,0.2834,3,True
11465,Theresa Tilly,0.0975,2,True
1116941,Philip A. Gillis,0.1377,2,True
1116942,Dorothy Tapert,0.1347,2,True
1116943,Cheryl Guttridge,0.0858,2,True
1116944,Barbara Carey,0.1038,2,True
2809509,David Horton,0.0214,2,True
2809510,Wendall Thomas,0.0143,2,True
2809511,Don Long,0.0143,2,True
2809512,Stu Smith,0.0214,2,True
11749,Sarah Berry,0.6579,3,True
11750,Dan Hicks,0.2052,3,True
11751,Kassie DePaiva,0.1458,3,True
11753,Denise Bixler,0.282,3,True
11754,Richard Domeier,0.0944,2,True
11755,John Peakes,0.1269,2,True
11756,Lou Hancock,0.1485,2,True
1840027,Snowy Winters,0.051,2,True
2366023,Sol Abrams,0.0261,2,True
11641,Scott Spiegel,0.956,4,True
2390737,Thomas Kidd,0.0357,2,True
2809525,Mitch Cantor,0.0261,2,True
11763,Marcus Gilbert,0.2019,3,True
11764,Ian Abercrombie,0.4203,4,True
11765,Richard Grove,0.1566,2,True
11767,Michael Earl Reid,0.1264,2,True
11766,Timothy Patrick Quill,0.2863,3,True
11768,Patricia Tallman,0.7156,4,True
1195675,Deke Anderson,0.0744,2,True
79497,Bruce Thomas,0.3241,3,True
2366015,Sara Shearer,0.0286,2,True
2366016,Shiva Gordon,0.0256,2,True
1506253,Billy Bryan,0.0409,2,True
234924,Jessie Cave,0.258,4,True
234934,Freddie Stroma,2.0193,5,True
12838,Joerg Stadler,1.4537,3,True
202032,Ralph Ineson,1.896,5,True
69122,Heather Graham,1.7265,7,True
385,Ian Richardson,0.5514,5,True
1641,Katrin Cartlidge,0.7392,4,True
25656,Terence Harvey,0.2041,3,True
80365,Paul Rhys,0.3038,4,True
80366,Lesley Sharp,0.9641,4,True
80367,Estelle Skornik,0.2003,3,True
80368,Nicholas McGaughey,0.1249,2,True
80369,Annabelle Apsion,0.4406,3,True
211738,Mark Dexter,0.1343,3,True
55470,Dominic Cooper,1.0076,6,True
11478,Lorraine Bracco,1.1816,6,True
11480,Frank Sivero,0.3517,4,True
11482,Tony Darrow,0.2934,3,True
11479,Chuck Low,0.1241,2,True
11481,Frank DiLeo,0.1708,3,True
99939,Henny Youngman,0.1088,4,True
11485,Gina Mastrogiacomo,0.5192,3,True
11483,Catherine Scorsese,0.2871,3,True
1006721,Charles Scorsese,0.2278,3,True
11484,Suzanne Shepherd,0.2568,3,True
11486,Michael Imperioli,1.5926,6,True
21490,Peter Onorati,1.0637,4,True
11510,Macaulay Culkin,0.8901,9,True
11511,Daniel Stern,0.9618,6,True
11512,John Heard,1.0193,5,True
66288,Roberts Blossom,0.6509,4,True
11514,Catherine O'Hara,1.5069,7,True
11515,Angela Goethals,0.4313,4,True
11516,Devin Ratray,0.4187,4,True
11518,Hillary Wolf,0.2783,3,True
11520,Michael C. Maronna,0.1971,3,True
11521,Kristin Minter,0.3168,3,True
1721099,Diana Rein,0.2326,3,True
11522,Jedidiah Cohen,0.1228,2,True
15250,Hope Davis,1.0344,5,True
18345,Brenda Fricker,0.7345,5,True
13472,Tim Curry,1.8015,8,True
60949,Rob Schneider,1.6871,7,True
1530055,Terrie Snell,0.2436,3,True
2441307,Maureen Elisabeth Shay,0.1741,2,True
13314,Dana Ivey,0.5194,4,True
115457,Eddie Bracken,0.2909,4,True
12851,Ally Sheedy,1.3039,6,True
17141,Greg Kinnear,1.3281,7,True
17142,Paul Dano,1.9799,6,True
17140,Abigail Breslin,2.1839,7,True
17419,Bryan Cranston,2.0639,9,True
17421,Wallace Langham,0.6862,4,True
35521,Matt Winston,0.309,3,True
17414,Jill Talley,0.4315,3,True
17415,Brenda Canela,0.0766,2,True
17416,Chuck Loring,0.0554,2,True
17417,Justin Shilton,0.2538,3,True
7502,Ernest Borgnine,1.1411,7,True
56871,Blair Underwood,0.5595,5,True
11627,Jayne Brook,1.0123,4,True
154644,Una Damon,0.423,3,True
13550,Elias Koteas,1.3743,5,True
52792,Maya Rudolph,1.1407,8,True
154954,Elizabeth Dennehy,0.6194,3,True
15252,Mason Gamble,0.6932,4,True
11850,Candice Bergen,3.0904,6,True
9126,Edward Fox,0.9742,5,True
11857,John Gielgud,0.5621,6,True
12726,Trevor Howard,0.5605,5,True
11859,John Mills,0.5794,5,True
11849,Rohini Hattangadi,0.4925,3,True
11854,Ian Charleson,0.4291,3,True
20807,Harsh Nayyar,0.1595,2,True
11860,Athol Fugard,0.168,3,True
2344,Günther Maria Halmer,0.2202,3,True
11852,Saeed Jaffrey,0.2668,4,True
11855,Geraldine James,0.9055,5,True
11853,Alyque Padamsee,0.0338,2,True
110723,Shreeram Lagoo,1.3553,3,True
11856,Daniel Day-Lewis,1.4167,9,True
992743,Vinay Apte,1.8396,3,True
11661,Kate Hudson,2.0126,8,True
11663,Patrick Fugit,0.8983,5,True
11664,Zooey Deschanel,1.4972,8,True
11665,Michael Angarano,0.86,4,True
11666,John Fedevich,0.0752,2,True
11667,Mark Kozelek,0.1647,4,True
11668,Liz Stauber,0.5873,3,True
11669,Jimmy Fallon,1.0635,9,True
11670,Olivia Rosewood,0.2623,3,True
11678,Rainn Wilson,1.1459,7,True
11701,Angelina Jolie,7.2434,10,True
11703,Kerry Washington,1.4795,7,True
11704,Rachael Huntley,0.1201,3,True
11705,Michelle Monaghan,2.277,6,True
59156,Stephanie March,0.6546,4,True
41421,Jennifer Morrison,2.8349,6,True
1347627,Theresa Barrera,0.1039,2,True
68495,Perrey Reeves,0.489,4,True
1347628,Melanie Tolbert,0.0583,2,True
1016068,Elijah Alexander,0.2107,3,True
11716,Matthew Lawrence,0.6564,5,True
11717,Mara Wilson,0.7879,6,True
11718,Anne Haney,0.4122,4,True
11719,Scott Capurro,0.2897,3,True
11715,Polly Holliday,0.6561,4,True
27447,Sydney Walker,0.1034,2,True
548090,Joe Bellan,0.3914,3,True
80742,Martin Mull,0.5253,5,True
162323,Terence McGovern,0.343,3,True
1006368,Karen Kahn,0.3519,3,True
11782,Adrienne Barbeau,1.5827,5,True
11066,Hal Holbrook,1.0181,6,True
7302,Janet Leigh,1.0452,6,True
11784,Tom Atkins,0.618,4,True
11787,Nancy Kyes,0.3259,3,True
11788,Ty Mitchell,0.0815,2,True
11783,John Houseman,0.7026,5,True
11785,James Canning,0.257,3,True
11786,Charles Cyphers,0.2082,3,True
54564,George Buck Flower,0.3125,3,True
161371,Regina Waldon,0.0812,2,True
83104,Darrow Igus,0.1819,3,True
105624,Darwin Joston,1.0793,3,True
13022,Tom Berenger,1.7135,6,True
2178,Forest Whitaker,1.9457,8,True
11889,Mark Moses,0.5184,4,True
6396,Richard Edson,0.3986,4,True
11886,Francesco Quinn,0.4399,4,True
11885,John C. McGinley,0.7064,5,True
11888,Reggie Johnson,0.2637,3,True
4042,David Neidorf,0.2451,3,True
11890,Chris Pedersen,0.157,2,True
19384,Tony Todd,0.9996,5,True
1447263,Corkey Ford,0.1563,2,True
107323,Nick Nicholson,1.3008,3,True
8487,Gregory Peck,1.4879,8,True
855,Lee Remick,1.0927,6,True
8226,Billie Whitelaw,0.3018,4,True
11839,Harvey Stephens,0.2554,3,True
11840,Patrick Troughton,0.3257,4,True
9912,Martin Benson,0.4179,3,True
11841,Robert Rietti,0.1923,3,True
11842,Tommy Duggan,0.3032,2,True
11843,John Stride,0.1305,3,True
11844,Holly Palance,0.1323,3,True
25643,Anthony Nicholls,0.1461,3,True
156387,Roy Boyd,0.1454,2,True
117410,Robert MacLeod,0.1276,2,True
11901,Dennis Franz,0.6177,6,True
11902,Robin Bartlett,0.4153,4,True
11903,Joanna Merlin,0.1554,3,True
11911,Sarah Dampf,0.6598,3,True
11915,Nigel Gibbs,0.4477,3,True
66499,Lauri Johnson,0.2429,3,True
14740,Christian Aubert,0.6159,3,True
11913,Rhonda Dotson,0.1401,2,True
78789,Jay Patterson,0.2518,3,True
111454,Shishir Kurup,0.0924,3,True
28004,Brian Markinson,0.3993,3,True
11863,Sarah Michelle Gellar,1.4995,9,True
11864,Ryan Phillippe,1.086,7,True
11826,Selma Blair,0.8088,6,True
11866,Joshua Jackson,1.6487,7,True
11867,Eric Mabius,0.5481,4,True
11868,Sean Patrick Thomas,0.3697,4,True
11871,Alaina Reed Hall,0.3527,4,True
167166,Hiep Thi Le,0.2896,3,True
11872,Deborah Offner,0.1486,3,True
52188,Drew Snyder,0.4354,3,True
136482,Herta Ware,0.314,3,True
12967,Swoosie Kurtz,0.6828,6,True
11870,Christine Baranski,1.7652,7,True
11960,Tom T. Tran,0.0867,2,True
11961,Chintara Sukapatana,0.5091,3,True
22131,J. T. Walsh,0.8364,5,True
31005,Noble Willingham,0.3846,4,True
14330,Juney Smith,0.1269,2,True
4255,Richard Portnow,0.3789,4,True
1218025,Floyd Vivino,0.0441,2,True
184378,Cu Ba Nguyen,0.2864,3,True
16185,Dan Stanton,0.1481,2,True
16184,Don Stanton,0.2101,3,True
23626,Liev Schreiber,2.5866,7,True
12041,Julia Stiles,3.0967,8,True
12021,Mia Farrow,1.0461,8,True
12042,Seamus Davey-Fitzpatrick,0.186,3,True
12045,Carlo Sabatini,0.2197,3,True
936587,Bohumil Švarc,0.1264,2,True
27277,Giovanni Lombardo Radice,0.5904,3,True
1134337,Baby Zikova,0.0214,1,True
1134338,Baby Morvas,0.0256,1,True
1134339,Baby Muller,0.0214,1,True
1134340,Baby Litera,0.0214,1,True
1134336,Tomas Wooler,0.0536,2,True
57578,MyAnna Buring,2.8035,4,True
12052,Gwyneth Paltrow,1.8731,9,True
12055,John Cassini,0.3296,3,True
30487,Peter Crombie,0.3165,3,True
38951,Reg E. Cathey,0.4496,4,True
12054,Daniel Zacapa,0.2573,3,True
1583695,George Christy,0.1349,2,True
43461,Endre Hules,0.1553,2,True
12056,Hawthorne James,0.4829,3,True
4294859,Bob Mack,0.0239,2,True
1055173,Bob Collins,0.0505,2,True
4207972,Jimmy Dale Hartsell,0.0261,2,True
1107809,Martin Serene,1.3691,3,True
12073,Mike Myers,2.0312,9,True
12074,John Lithgow,2.6094,8,True
12075,Peter Dennis,0.2136,3,True
12076,Clive Pearse,0.1497,3,True
12078,Bobby Block,0.1921,2,True
12098,Chris Miller,0.5018,3,True
12095,Cody Cameron,0.254,3,True
7210,Kathleen Freeman,0.6233,5,True
4865931,Michael Galasso,0.0338,2,True
12097,Christopher Knights,0.7498,3,True
12080,Conrad Vernon,0.6643,4,True
5823,Julie Andrews,1.0971,10,True
12094,Jennifer Saunders,0.6647,6,True
1077844,David P. Smith,0.4404,3,True
71857,Mark Moseley,0.2167,2,True
12111,Justin Timberlake,0.9516,9,True
89042,Susanne Blakeslee,0.2658,3,True
44127,Larry King,0.4055,7,True
60252,Cheri Oteri,0.3353,5,True
56322,Amy Poehler,1.1026,8,True
19274,Seth Rogen,1.8563,8,True
12110,Amy Sedaris,1.1444,6,True
15827,Scott Weinger,0.5155,4,True
15829,Linda Larkin,0.2896,4,True
15830,Jonathan Freeman,0.9388,4,True
15832,Gilbert Gottfried,0.4029,6,True
15833,Douglas Seale,0.4525,3,True
228428,Brad Kane,0.339,4,True
15838,Lea Salonga,0.3425,6,True
15834,Bruce Adler,0.0922,3,True
81178,Charlie Adler,0.3247,4,True
35219,Corey Burton,0.5493,4,True
613123,Philip L. Clarke,0.8066,3,True
81843,Jennifer Darling,0.5012,3,True
14416,Robert Hays,0.4608,5,True
14415,Julie Hagerty,0.8095,6,True
7633,Leslie Nielsen,2.5266,8,True
14414,Kareem Abdul-Jabbar,0.3254,8,True
2177,Lloyd Bridges,0.9818,6,True
9111,Peter Graves,0.9626,6,True
2493,Robert Stack,0.9211,6,True
14418,Lorna Patterson,0.5806,3,True
173263,Jill Whelan,0.3231,4,True
158773,Ann Nelson,0.7579,3,True
14423,Stephen Stucker,0.1591,3,True
14427,Frank Ashmore,0.1605,2,True
174872,Craig Berenson,0.6623,3,True
117723,Barbara Billingsley,0.416,5,True
14463,David Naughton,0.5609,4,True
14464,Jenny Agutter,1.6971,6,True
2171,Griffin Dunne,1.1208,5,True
14465,John Woodvine,0.4301,3,True
178097,Don McKillop,0.1679,2,True
14468,Brian Glover,0.6415,4,True
14466,Lila Kaye,0.1527,2,True
14469,Rik Mayall,0.6085,5,True
199977,Paul Kember,0.145,2,True
14467,Joe Belcher,0.105,2,True
14471,Paddy Ryan,0.081,2,True
14472,Anne-Marie Davies,0.067,2,True
1660002,Colin Fernandes,0.0898,2,True
1186201,George Hilsdon,2.6492,2,True
13918,Elizabeth Hurley,1.2437,8,True
13919,Michael York,1.0253,6,True
13920,Mimi Rogers,1.7442,6,True
13922,Seth Green,1.8207,7,True
13923,Fabiana Udenio,0.6781,4,True
13924,Mindy Sterling,0.5549,4,True
23659,Will Ferrell,1.398,9,True
13925,Paul Dillon,0.3131,3,True
1008676,Joann Richter,0.0832,2,True
170491,Anastasia Sakelaris,0.1438,3,True
32288,Afifi Alaouie,0.0895,2,True
34844,Monet Mazur,0.8401,4,True
15443,Mark Bringelson,0.1978,2,True
1798286,Cheryl Bartel,1.1583,3,True
10987,Verne Troyer,0.2849,6,True
14226,Gia Carides,1.3001,4,True
93035,Oliver Muirhead,0.2864,3,True
16580,George Cheung,0.6995,3,True
3160622,Jeffrey Meng,0.0168,2,True
17348,Muse Watson,0.4085,4,True
79072,Kevin Durand,2.6799,5,True
38334,Jennifer Coolidge,2.8962,7,True
11008,Rebecca Romijn,2.3628,7,True
14386,Beyoncé,0.6635,10,False
2223,Fred Savage,1.6916,6,True
14390,Diane Mizota,0.3803,3,True
14391,Carrie Ann Inaba,0.1442,5,True
7425,Nobu Matsuhisa,0.3683,4,True
43373,Aaron Himelstein,0.1547,3,True
62816,Josh Zuckerman,0.4397,4,True
180084,Evan Farmer,0.0591,2,True
111946,Britney Spears,1.053,10,False
12261,Jason Patric,1.2985,5,True
51214,Brad Renfro,0.6876,5,True
12260,Ron Eldard,1.8142,4,True
12259,Vittorio Gassman,0.5521,4,True
11067,Terry Kinney,0.9992,4,True
1216752,Frank Medrano,0.414,3,True
1223778,Joe Perrino,0.2374,3,True
12263,Geoffrey Wigdor,0.9099,3,True
17243,Jonathan Tucker,0.9965,5,True
52886,Jeffrey Donovan,1.171,5,True
156591,Ruth Maleczech,2.3801,3,True
17859,Wendell Pierce,2.1857,5,True
21134,John Slattery,1.3208,6,True
12132,Michael Rooker,1.7477,6,True
3151,Jack Lemmon,0.7404,8,True
12133,Laurie Metcalf,0.7603,7,True
5606,Sissy Spacek,0.9136,7,True
6837,Walter Matthau,1.2917,8,True
68812,Ed Asner,0.9979,7,True
27803,Edwin Neal,1.3092,3,True
1364235,Agnes Aurelio,1.5182,3,True
12206,Richard Roxburgh,0.7218,5,True
12211,Garry McDonald,0.1155,3,True
12210,Jacek Koman,0.4604,3,True
12212,Matthew Whittet,0.1076,2,True
12209,Caroline O'Connor,0.0595,3,True
548125,Christine Anu,0.2986,4,True
57575,Natalie Mendoza,0.5435,4,True
953445,Lara Mulcahy,0.0281,2,True
12207,Kylie Minogue,0.5132,8,True
12208,Ozzy Osbourne,0.7075,9,True
6450,Faye Dunaway,1.3675,7,True
12295,Perry Lopez,0.3361,3,True
12296,John Hillerman,0.4378,4,True
12298,Roy Jenson,0.2892,3,True
12299,Richard Bakalyan,0.3098,3,True
78937,Joe Mantell,0.0841,3,True
19400,Roy Roberts,0.2106,3,True
22250,Rance Howard,0.3581,4,True
12123,Jesse Vint,0.5843,3,True
2220,Tony Curran,0.9898,4,True
12359,Brian Steele,0.3301,3,True
12367,John Mann,0.1225,2,True
172844,Raoul Ganeev,0.2219,2,True
12406,Paul Le Mat,0.5789,4,True
8434,Cindy Williams,0.4138,6,True
12407,Candy Clark,0.5809,5,True
12408,Mackenzie Phillips,0.3217,5,True
12409,Wolfman Jack,0.2739,5,True
12410,Bo Hopkins,0.6415,4,True
12412,Beau Gentry,0.0984,2,True
200523,Jim Bohan,0.1556,2,True
152572,Jana Bellan,0.6069,3,True
2533136,Deby Celiz,0.0286,2,True
1232417,Lynne Marie Stewart,0.4614,3,True
8437,Teri Garr,0.5352,6,True
12439,J. Patrick McNamara,0.1656,3,True
12440,Warren J. Kemmerling,0.1846,2,True
1204280,Phil Dodds,0.0662,2,True
66645,Cary Guffey,0.8094,4,True
1031236,Shawn Bishop,0.0143,2,True
12442,Adrienne Campbell,0.0784,2,True
12443,Justin Dreyfuss,0.188,3,True
12444,Merrill Connally,0.0866,2,True
12428,Amy Douglass,0.0823,2,True
6677,Kyle MacLachlan,1.3677,7,True
12513,Francesca Annis,0.6031,5,True
12516,Linda Hunt,0.8938,7,True
12515,José Ferrer,0.3801,5,True
12517,Freddie Jones,0.4231,4,True
12518,Richard Jordan,0.8809,5,True
12519,Virginia Madsen,1.7297,7,True
12520,Silvana Mangano,0.4738,5,True
982,Sting,0.5173,9,True
12521,Kenneth McMillan,0.4482,4,True
12522,Siân Phillips,0.4046,4,True
3128,Alicia Witt,1.7661,6,True
12640,David Duchovny,1.1331,9,True
12214,Gillian Anderson,2.7257,9,True
12644,Mitch Pileggi,0.7839,5,True
12643,William B. Davis,0.4916,4,True
12642,John Neville,0.2305,4,True
2641,Martin Landau,0.8382,7,True
113017,Tom Braidwood,0.1375,3,True
12646,Terry O'Quinn,1.3245,6,True
129252,Dean Haglund,0.1628,4,True
118004,Bruce Harwood,0.2374,3,True
12647,Armin Mueller-Stahl,0.5716,5,True
1527160,Christopher Fennell,0.1818,2,True
990733,Cody Newton,0.0791,2,True
12656,Joanne Whalley,1.3537,5,True
12660,Gavan O'Herlihy,0.5073,3,True
12662,Phil Fondacaro,0.2996,3,True
10942,Pat Roach,0.2385,3,True
12659,Billy Barty,0.5022,4,True
12657,Jean Marsh,0.4623,4,True
12661,David Steinberg,0.1,3,True
19754,Tony Cox,0.7363,3,True
2613355,Robert Gillibrand,0.0143,2,True
590081,Mark Northover,0.1566,2,True
169141,Maria Holvoe,0.6927,3,True
7333,Darren McGavin,0.4905,6,True
12708,Peter Billingsley,0.255,5,True
12709,Ian Petrella,0.7723,3,True
12711,R.D. Robb,0.3286,3,True
12712,Tedde Moore,0.9904,3,True
12713,Yano Anaya,0.4547,3,True
12714,Zack Ward,0.5848,4,True
12715,Jeff Gillen,0.3661,3,True
12716,Leslie Carlson,0.6474,3,True
3319435,Patty Johnson,0.0214,2,True
3319436,Drew Hocevar,0.1054,2,True
2802739,David Edward,0.0071,2,True
12763,Joseph Fiennes,1.8058,6,True
382,Bob Hoskins,0.9998,7,True
10627,Eva Mattes,0.2593,3,True
12764,Gabriel Thomson,0.1628,2,True
4534,Matthias Habich,0.2163,3,True
12765,Alexander Schwan,0.0453,2,True
12766,Lenn Kudrjawizki,0.221,2,True
12767,Gennadi Vengerov,0.1848,3,True
12768,Dan van Husen,0.2703,3,True
6079,Ivan Shvedoff,0.1865,2,True
15122,Sophie Rois,0.1168,3,True
1960550,Mario Bandi,0.0453,2,True
20899,Peter Riegert,0.7604,4,True
53402,Richard Jeni,0.2321,4,True
53403,Orestes Matacena,0.1643,3,True
53400,Tim Bagley,0.5271,3,True
42168,Nancy Fish,1.1683,3,True
53401,Johnny Williams,0.5516,3,True
1219157,Jim Doughan,0.2239,3,True
111078,Denis Forest,0.2335,3,True
1647716,Joseph Alfieri,0.0707,2,True
1597482,B.J. Barie,0.6649,3,True
2478048,Catherine Berge,0.0239,2,True
12790,Charlie Hofheimer,0.1829,3,True
12791,Hugh Dancy,1.4879,5,True
12792,Brian Van Holt,0.401,4,True
12795,Nikolaj Coster-Waldau,2.2137,8,True
63078,Ian Virgo,1.7286,3,True
12827,Stubby Kaye,0.2302,3,True
12828,Alan Tilvern,0.1852,3,True
12829,Richard LeParmentier,0.1953,3,True
12830,Lou Hirsch,0.318,3,True
12831,Betsy Brantley,0.7501,4,True
2262410,Paul Springer,0.1037,2,True
2588744,Lindsay Holiday,0.0143,2,True
219382,Mike Edmonds,0.1186,3,True
12833,Edward Burns,0.9423,6,True
12835,Vin Diesel,6.5757,9,True
12836,Ted Danson,0.672,7,True
13242,Paul Giamatti,2.0487,8,True
52476,Dylan Bruno,0.4559,4,True
75071,Daniel Cerqueira,0.3693,3,True
125660,Andrew Scott,1.3266,7,True
51797,Nathan Fillion,4.899,7,True
43858,Ryan Hurst,1.6695,5,True
12928,Ross Malinger,1.9061,4,True
12929,Rosie O'Donnell,0.6411,8,True
12932,Barbara Garrick,0.1239,3,True
3026,Rob Reiner,0.7398,7,True
12930,Gaby Hoffmann,1.1443,6,True
12931,Rita Wilson,0.7596,6,True
60018,Tom Riis Farrell,0.1367,3,True
557850,Le Clanché du Rand,0.0852,2,True
77022,Kevin O'Morrison,0.2008,3,True
1648581,Valerie Wright,0.0474,2,True
12969,Mildred Natwick,0.1805,4,True
12982,Peter Capaldi,0.5269,7,True
12983,Joe Sheridan,0.2141,3,True
12984,Valerie Gogan,0.0869,2,True
12985,Laura Benson,0.1524,3,True
12986,Joanna Pavlis,0.0557,2,True
977279,Nicholas Hawtrey,0.0613,3,True
1825026,Paulo Abel Do Nascimento,0.0168,2,True
239422,François Lalande,0.1556,3,True
105355,François Montagut,0.11,3,True
12850,Dabney Coleman,0.763,6,True
12852,Barry Corbin,1.306,6,True
12853,Juanin Clay,0.2622,3,True
12854,Kent Williams,0.1915,3,True
12855,Dennis Lipscomb,0.3088,4,True
12856,Joe Dorsey,0.2983,3,True
12857,Irving Metzman,0.6164,3,True
14543,William Bogert,0.423,3,True
160600,Susan Davis,0.1772,3,True
107078,David Clover,0.0657,2,True
10768,Rachel Ticotin,1.4444,5,True
12887,Mel Johnson Jr.,0.9186,4,True
12888,Roy Brocksmith,0.2297,3,True
12889,Ray Baker,0.5702,4,True
44275,Rosemary Dunsmore,0.5025,4,True
41253,David Knell,0.2779,3,True
72443,Alexia Robinson,0.2444,3,True
94557,Mark Carlton,1.8566,4,True
19753,Debbie Lee Carrington,0.4098,3,True
12898,Tim Allen,1.6183,8,True
12899,Jim Varney,0.6252,6,True
1116442,John Morris,0.1891,3,True
12901,Erik von Detten,0.5881,4,True
12903,Sarah Freeman,0.0937,2,True
37221,Penn Jillette,0.2895,6,True
1266092,Spencer Aste,0.1214,3,True
94038,Greg Berg,0.1228,3,True
7090,Kelsey Grammer,1.3875,8,True
61964,Estelle Harris,0.3971,5,True
63978,Jodi Benson,0.6023,6,True
123037,Jonathan Harris,0.8316,5,True
12974,Leon,0.4965,4,True
12975,Doug E. Doug,0.3945,4,True
12976,Rawle D. Lewis,0.4461,3,True
12977,Malik Yoba,0.4825,5,True
12979,Paul Cœur,1.4108,4,True
12980,Larry Gilman,0.5659,3,True
940039,Charles Hyatt,0.0746,2,True
52819,Winston Stona,0.7334,3,True
1074165,Bertina Macauley,0.09,2,True
1074166,Pauline Stone Myrie,0.0441,2,True
12981,Kristoffer Cooper,0.0214,2,True
118462,Bill Dow,0.3806,3,True
96623,Richard Dawson,0.266,5,True
3013,Erland van Lidth,0.3909,3,True
13004,Gus Rethwisch,0.2825,3,True
13006,Professor Toru Tanaka,0.3984,3,True
13007,Mick Fleetwood,0.1577,6,True
120952,Dweezil Zappa,0.1414,4,True
6939,Edward Bunker,0.4265,3,True
51916,Bryan Kestner,0.1342,3,True
13010,Kate Maberly,0.5008,4,True
13011,Joe Prospero,0.7798,3,True
13012,Nick Roud,0.204,3,True
13013,Luke Spill,0.0281,2,True
52313,Eileen Essell,0.3756,3,True
79888,Tim Potter,0.1934,3,True
10920,Tobias Menzies,1.4848,6,True
13240,Mark Wahlberg,4.0574,9,True
10823,Kris Kristofferson,0.781,7,True
13241,Estella Warren,1.397,5,True
33521,Luke Eberl,0.1018,2,True
13243,Glenn Shadix,0.3904,4,True
51754,Freda Foh Shen,0.2042,3,True
13260,Linda Harrison,2.21,5,True
13307,Margaret Avery,0.4013,4,True
13309,Oprah Winfrey,0.3872,10,False
13310,Willard E. Pugh,0.2415,3,True
13308,Akosua Busia,0.425,3,True
13311,Desreta Jackson,0.2074,3,True
13313,Adolph Caesar,0.2421,4,True
13312,Rae Dawn Chong,0.9616,6,True
13315,Leonard Jackson,0.1243,3,True
13316,Bennet Guillory,0.1535,3,True
956838,John Patton Jr.,0.0286,2,True
72740,Carl Anderson,0.2153,3,True
162869,Susan Beaubian,0.5922,3,True
1119468,James Tillis,0.0557,3,True
13389,Charlie Korsmo,0.3057,4,True
13390,Amber Scott,0.586,3,True
199640,Laurel Cronin,0.9699,3,True
110001,Phil Collins,0.3303,9,True
13392,Arthur Malet,0.3293,3,True
13393,Isaiah Robinson,0.0622,2,True
55157,Jasen Fisher,0.2788,3,True
13391,Dante Basco,1.5334,4,True
65395,James Madio,0.4461,4,True
6717,James Marshall,0.4704,3,True
13524,Christopher Guest,0.8883,6,True
1352413,J.A. Preston,0.3324,3,True
13525,Matt Craven,0.6657,5,True
68672,Wolfgang Bodison,0.2913,3,True
116128,John M. Jackson,0.5745,4,True
13526,Noah Wyle,1.322,7,True
203898,Maud Winchester,2.0999,4,True
3635,Elizabeth Taylor,1.353,10,True
13591,Richard Moll,0.2746,4,True
13592,Irwin Keyes,0.1219,3,True
13593,Jonathan Winters,0.4504,7,True
13640,Harvey Korman,0.4391,7,True
2581975,Lainey Silver,0.0389,2,True
2694714,Melanie Silver,0.2174,3,True
2581976,Hlynur Sigurðsson,0.0737,2,True
2581977,Marinó Sigurðsson,0.0822,2,True
5251,Jack Warden,0.8238,6,True
1936,Martin Balsam,1.1849,6,True
13725,Meredith Baxter,0.6975,6,True
13726,Ned Beatty,0.8996,6,True
13727,Penny Fuller,0.4203,4,True
13728,John McMartin,0.1164,3,True
13729,Robert Walden,0.204,3,True
1701404,Frank Wills,0.0239,2,True
1106120,Anthony Mannino,1.0918,3,True
132875,Jamie Smith-Jackson,1.8336,4,True
14343,Rene Russo,1.5006,7,True
2366678,Esther Cañadas,0.6822,3,True
77155,James Saito,0.4157,5,True
13938,Michael Lombard,0.3117,3,True
6839,Fritz Weaver,0.3603,4,True
2931155,Bill Ambrozy,0.0214,2,True
2931156,Michael Bahr,0.0214,2,True
1171077,Robert D. Novak,0.0498,2,True
2931157,Joe H. Lamb,0.1339,3,True
3636,Paul Newman,1.7431,9,True
15897,Larry the Cable Guy,0.5177,7,True
15898,Guido Quaroni,0.3122,3,True
15899,Jenifer Lewis,0.6483,6,True
15902,Michael Wallis,0.4184,3,True
15903,George Carlin,0.558,9,True
381,Katherine Helmond,0.4763,6,True
1229705,Richard Petty,0.2496,6,True
14886,Craig Bierko,0.7938,5,True
14887,Paddy Considine,1.4928,6,True
14888,Bruce McGill,1.4893,6,True
5922,David Huband,0.2226,3,True
14889,Connor Price,0.93,4,True
14890,Ariel Waller,0.5783,4,True
14891,Patrick Louis,0.0409,2,True
14892,Rosemarie DeWitt,1.3297,6,True
14893,Linda Kash,0.323,4,True
14902,Nicholas Campbell,0.4663,4,True
14903,Gene Pyrz,0.1106,3,True
14905,Chuck Shamata,0.2605,3,True
85170,Ron Canada,0.323,4,True
38572,Gavin Grazer,2.3326,4,True
15069,David Emge,0.1649,3,True
15070,Ken Foree,0.3532,5,True
15071,Scott H. Reiniger,0.0939,4,True
15072,Gaylen Ross,0.2144,3,True
15073,David Crawford,0.0882,3,True
15074,David Early,0.1777,3,True
15075,Richard France,0.1633,3,True
15077,Daniel Dietrich,0.0297,2,True
15078,Fred Baker,0.0682,3,True
15079,James A. Baffico,0.4329,3,True
15080,Rod Stouffer,0.0404,2,True
1047720,Jese Del Gre,0.0789,2,True
1047721,Clayton McKinnon,0.0606,2,True
162074,John Rice,0.0261,2,True
1047722,Ted Bank,0.0286,2,True
829,William Russ,0.4861,5,True
828,Guy Torry,0.2675,4,True
830,Joe Cortese,0.2837,4,True
831,Jason Bose Smith,0.2269,3,True
832,Antonio David Lyons,0.1283,2,True
833,Alex Sol,0.2934,3,True
4134,Keram Malicki-Sánchez,0.1901,3,True
500,Tom Cruise,7.2019,10,True
501,Dakota Fanning,3.285,9,True
503,Justin Chatwin,1.4147,6,True
502,Miranda Otto,0.835,7,True
504,Tim Robbins,1.288,9,True
53184,Rick Gonzalez,0.7361,5,True
75604,Yul Vazquez,0.4777,6,True
37157,Lenny Venito,0.2852,5,True
4494,Lisa Ann Walter,0.9844,6,True
103079,Ann Robinson,0.3376,4,True
56442,Gene Barry,0.3879,6,True
59690,David Alan Basche,0.1958,4,True
1599519,Roz Abrams,0.0357,2,True
505,Camillia Monet,0.1864,3,True
2467491,Michael Brownlee,0.0143,2,True
167109,Marlon Young,0.3477,3,True
35029,David Harbour,1.4288,8,True
39388,Amy Ryan,1.7112,7,True
17181,Ty Simpkins,1.2643,6,True
514,Jack Nicholson,1.8495,10,True
515,Glenn Close,1.4026,9,True
517,Pierce Brosnan,4.6998,9,True
518,Danny DeVito,2.4005,9,True
519,Martin Short,1.3614,9,True
520,Sarah Jessica Parker,1.0975,9,True
521,Michael J. Fox,1.4619,9,True
522,Rod Steiger,0.7415,8,True
523,Tom Jones,0.3469,8,True
526,Lukas Haas,1.5697,7,True
524,Natalie Portman,2.8451,10,True
4774,Jim Brown,0.5078,8,True
4452,Lisa Marie,0.3507,5,True
528,Sylvia Sidney,0.6254,7,True
1818,Paul Winfield,0.4814,7,True
70851,Jack Black,3.4786,9,True
18979,Christina Applegate,1.0526,8,True
15831,Frank Welker,2.3329,7,True
529,Guy Pearce,2.1494,8,True
530,Carrie-Anne Moss,1.999,8,True
532,Joe Pantoliano,1.4455,8,True
534,Mark Boone Junior,0.7414,6,True
535,Russ Fega,0.1528,3,True
536,Jorja Fox,0.7148,7,True
537,Stephen Tobolowsky,1.0961,6,True
538,Harriet Sansom Harris,0.5588,6,True
539,Thomas Lennon,0.5888,6,True
540,Callum Keith Rennie,0.5004,6,True
542,Kimberly Campbell,0.4822,4,True
543,Marianne Muellerleile,0.3098,3,True
544,Larry Holden,0.2715,3,True
585,Rutger Hauer,1.0349,8,True
586,Sean Young,1.3677,8,True
587,Edward James Olmos,1.4187,8,True
588,M. Emmet Walsh,1.8782,7,True
590,William Sanderson,0.4138,6,True
591,Brion James,0.7049,6,True
592,Joe Turkel,0.4018,5,True
593,Joanna Cassidy,1.4367,7,True
20904,James Hong,1.2048,7,True
58495,Morgan Paull,0.2336,4,True
53760,Kevin Thompson,0.1746,3,True
107074,Hy Pyke,0.1108,2,True
951333,Kimiko Hiroshige,0.4376,4,True
569,Ethan Hawke,2.6434,9,True
1146,Julie Delpy,2.8524,8,True
649,Vernon Dobtcheff,0.6055,5,True
651,Louise Lemoine Torrès,0.1425,3,True
654,Rodolphe Pauly,0.4889,4,True
657,Mariane Plasteig,0.4494,4,True
3728,Diabolo,0.0673,2,True
3729,Denis Evrard,0.0336,2,True
3730,Albert Delpy,0.1794,3,True
3731,Marie Pillet,0.1916,3,True
72466,Colin Farrell,3.6673,9,True
643,Gong Li,1.8246,8,True
40543,John Ortiz,1.0115,7,True
8785,Ciarán Hinds,1.8728,8,True
15009,Justin Theroux,0.9643,8,True
8689,Barry Shabaka Henley,0.4264,5,True
65421,Elizabeth Rodriguez,0.6324,6,True
16861,John Hawkes,0.6975,7,True
1665,Eddie Marsan,1.588,7,True
16867,Luis Tosar,0.538,6,True
17941,Domenick Lombardozzi,0.8393,6,True
4812,Isaach de Bankolé,0.8103,5,True
27736,Tom Towles,0.2527,4,True
26651,Mario Ernesto Sánchez,0.1641,3,True
650,Karen Allen,1.8701,8,True
652,Paul Freeman,2.5445,6,True
655,John Rhys-Davies,1.1993,8,True
653,Ronald Lacey,0.528,5,True
659,Wolf Kahler,1.3122,5,True
660,Anthony Higgins,0.4817,5,True
98,Sarah Polley,0.7419,7,True
15232,Ty Burrell,0.5933,7,True
50217,Michael Kelly,1.3912,6,True
7431,Kevin Zegers,1.4497,6,True
2129037,Michael Barry,0.0555,2,True
51936,Lindy Booth,1.1725,5,True
4568,Jayne Eastwood,0.3769,4,True
20196,Boyd Banks,0.2626,3,True
101255,Inna Korobkina,0.1513,3,True
44183,R.D. Reid,0.1307,3,True
101250,Kim Poirier,0.5033,3,True
40009,Matt Frewer,1.233,6,True
15531,Ossie Davis,0.3914,5,True
15532,Ruby Dee,0.3261,5,True
15534,Paul Benjamin,0.318,3,True
15535,Robin Harris,0.426,4,True
13602,Joie Lee,0.2394,3,True
128597,Rick Aiello,0.3035,3,True
78029,Martin Lawrence,2.2415,8,True
15028,Daryl Mitchell,0.4107,5,True
15029,Enrico Colantoni,0.756,6,True
15030,Robin Sachs,0.3027,4,True
15032,Jed Rees,0.5146,3,True
15033,Justin Long,1.9082,7,True
15031,Patrick Breen,0.4008,4,True
15034,Jeremy Howard,0.4058,3,True
46920,Sam Lloyd,0.3061,4,True
88702,J.P. Manoux,0.5999,4,True
67602,Corbin Bleu,1.0193,6,True
138606,Todd Giebenhain,1.522,3,True
16170,Zach Galligan,0.4715,5,True
16171,Phoebe Cates,2.1286,7,True
16166,Hoyt Axton,0.2534,4,True
16103,Keye Luke,5.3217,4,True
16167,John Louie,0.7256,3,True
16182,Jackie Joseph,0.2605,4,True
29719,Edward Andrews,0.304,4,True
16173,Belinda Balaski,0.7746,4,True
14847,Scott Brady,0.7042,4,True
16169,Susan Burgess,0.0389,2,True
16181,Haviland Morris,0.7264,4,True
16183,Gedde Watanabe,0.2537,5,True
16186,Shawn Nelson,0.0598,2,True
41230,John Astin,2.1622,6,True
58650,Raymond Cruz,1.6402,6,True
14721,Kevin Dunn,0.8526,6,True
4250,Michael Lerner,0.4112,5,True
14722,Arabella Field,0.2568,4,True
14737,Doug Savant,0.8088,5,True
14739,Lorry Goldman,0.1714,3,True
14741,Philippe Bergeron,0.2184,3,True
14742,Frank Bruynbroek,0.1174,3,True
538321,François Giroday,0.0832,3,True
77092,Joseph Badalucco Jr.,1.2581,4,True
14312,Mitchell Ryan,0.6543,5,True
14313,Darlene Love,0.1648,5,True
14314,Traci Wolfe,0.6278,4,True
14315,Jackie Swanson,0.6395,4,True
14316,Damon Hines,1.0018,4,True
14317,Ebonie Smith,0.9137,4,True
157119,Bill Kalmenson,0.1386,3,True
14319,Lycia Naff,0.3289,3,True
14062,Don Gordon,0.7749,4,True
133771,Jimmie F. Skaggs,0.2808,3,True
66304,Jason Ronard,0.1996,3,True
14324,Joss Ackland,0.6146,5,True
14325,Derrick O'Connor,0.2183,3,True
14326,Patsy Kensit,0.8124,6,True
14331,Nestor Serrano,0.4881,5,True
14332,Philip Suriano,0.2263,3,True
14333,Grand L. Bush,0.6099,4,True
14344,Stuart Wilson,0.6414,4,True
23967,Mary Ellen Trainor,0.5911,5,True
2486787,Thomas A. Geas,0.0387,2,True
155875,Gregory Millar,0.5282,3,True
18461,Nick Chinlund,0.766,5,True
26075,Alan Scarfe,0.3191,4,True
1232201,Delores Hall,0.1914,3,True
1336,Jet Li,3.4664,9,True
8400,Kim Chan,0.4437,3,True
21631,Michael Chow,0.1972,3,True
33386,Danny Arroyo,0.3391,3,True
19861,Elizabeth Sung,0.1489,3,True
113506,Bob Jennings,0.3649,3,True
612216,Eddy Ko Hung,1.5254,3,True
9221,Donald Pleasence,0.8863,6,True
15500,P. J. Soles,0.4284,5,True
15503,Kyle Richards,0.4933,6,True
15505,Brian Andrews,0.4603,3,True
15506,John Michael Graham,0.2587,3,True
15508,Nancy Stephens,0.152,3,True
15510,Mickey Yablans,0.1197,3,True
15511,Brent Le Page,0.0658,2,True
15513,Adam Hollander,0.1324,3,True
15515,Robert Phalen,0.1864,3,True
15516,Tony Moran,0.1354,3,True
15517,Will Sandin,0.1286,3,True
15851,Amy Brenneman,1.0378,7,True
15852,Ashley Judd,1.829,8,True
34839,Kevin Gage,0.449,5,True
15758,Queen Latifah,0.8994,9,True
57599,Seann William Scott,4.6714,7,True
15760,Josh Peck,0.5882,7,True
14991,Jay Leno,0.5091,9,True
21200,Will Arnett,1.5151,8,True
1086503,Caitlin Rose Anderson,0.0281,2,True
1335105,Connor Anderson,0.0404,2,True
46946,Joseph Bologna,0.2829,4,True
1335106,Jack Crocicchia,0.042,2,True
42160,Ariel Winter,1.3261,7,True
14698,Penelope Ann Miller,0.9384,6,True
14699,Pamela Reed,0.7113,5,True
14701,Carroll Baker,0.669,5,True
14703,Joseph Cousins,0.8762,3,True
73961,Christian Cousins,1.0706,3,True
14702,Cathy Moriarty,0.8024,5,True
14704,Park Overall,0.7018,4,True
14706,Tom Kurlander,0.1895,3,True
14707,Alix Koromzay,0.5438,3,True
14708,Betty Lou Henson,0.7125,3,True
62551,Heidi Swedberg,0.7749,4,True
1918128,Jason Howard,1.4886,3,True
65300,Sarah Rose Karr,1.4413,3,True
51992,Odette Annable,1.6774,5,True
14409,David Schwimmer,1.2865,9,True
28637,Andy Richter,0.7369,6,True
18864,Tom McGrath,0.5661,4,True
60232,David Cowgill,0.1664,3,True
64445,Elisa Gabrielli,0.218,3,True
1340665,Stephen Apostolina,0.1919,3,True
582209,Devika Parikh,0.1799,3,True
4885,Emmanuelle Béart,1.5893,6,True
15319,Henry Czerny,1.0215,5,True
13333,Vanessa Redgrave,2.0442,8,True
14593,Ingeborga Dapkūnaitė,0.368,3,True
15322,Valentina Yakunina,0.1495,3,True
10849,Marek Vašut,0.8399,3,True
15323,Nathan Osgood,0.163,3,True
559766,John McLaughlin,0.0579,3,True
151438,Rolf Saxon,0.861,3,True
231246,Karel Dobrý,0.4425,3,True
1324518,Helen Lindsay,1.0418,3,True
15336,Dougray Scott,1.5224,6,True
15337,John Polson,0.4218,3,True
15338,William Mapother,0.8246,4,True
10862,Dominic Purcell,1.28,6,True
15339,Mathew Wilkinson,0.1477,3,True
15340,Nicholas Bell,0.3491,3,True
15341,Cristina Brogeras,0.0143,2,True
15342,Kee Chan,0.1944,3,True
15343,Kim Fleming,0.0362,2,True
1323376,Alan Lovell,0.0393,2,True
41292,Keri Russell,1.3594,8,True
21045,Maggie Q,1.86,7,True
56448,Jeff Chase,0.8683,3,True
54708,Carla Gallo,1.0203,5,True
87280,Bellamy Young,1.2204,6,True
64154,Sasha Alexander,2.2817,7,True
124627,Giorgio Marchesi,1.1569,3,True
14639,Mel Brooks,1.0126,9,True
14668,Daphne Zuniga,0.8215,6,True
14671,Dick Van Patten,0.2776,5,True
14669,George Wyner,0.7701,4,True
14672,Michael Winslow,0.5634,5,True
14670,Joan Rivers,0.4514,8,True
14673,Lorene Yarnell Jansson,0.1057,3,True
19136,Sal Viscuso,0.2457,3,True
14641,Ronny Graham,0.1401,3,True
85210,Jim J. Bullock,0.1698,3,True
63903,Leslie Bevis,0.3291,3,True
115032,Jim Jackman,0.2157,3,True
14541,Chris Sarandon,0.8616,5,True
14542,James Broderick,0.2476,3,True
14544,Penelope Allen,0.2868,3,True
14545,Sully Boyar,0.1835,3,True
14546,Beulah Garrick,0.1389,3,True
14547,Sandra Kazan,0.0143,2,True
14548,Marcia Jean Kurtz,0.2303,3,True
14549,Amy Levitt,0.0582,2,True
14550,John Marriott,0.0441,2,True
14551,Estelle Omens,2.0227,3,True
14553,Carmine Foresta,0.1567,3,True
58927,Floyd Levine,1.5589,3,True
14591,Jamyang Jamtsho Wangchuk,0.289,3,True
10134,Mako,0.6074,5,True
14594,Lhakpa Tsamchoe,0.4596,3,True
14595,Duncan Fraser,0.2487,3,True
14596,Danny Denzongpa,0.3728,4,True
2297555,Jetsun Pema,0.1306,3,True
2297556,Ama Ashe Dongtse,0.0143,2,True
2297557,Sonam Wangchuk,0.0143,2,True
2297558,Dorjee Tsering,0.0143,2,True
2297559,Ngawang Chojor,0.0143,2,True
14785,Harry Guardino,0.5415,4,True
14784,Reni Santoni,0.5295,4,True
17580,John Vernon,0.7774,5,True
14782,Andrew Robinson,0.837,5,True
95564,John Larch,0.4442,3,True
14786,John Mitchum,0.4281,3,True
14787,Mae Mercer,0.2447,3,True
14788,Lyn Edgington,0.146,2,True
14789,Ruth Kobart,0.2387,3,True
13263,Woodrow Parfrey,0.2415,3,True
14790,William Paterson,0.0362,2,True
14791,James Nolan,0.0903,3,True
1339265,Maurice Argent,0.0869,2,True
81898,Jo De Winter,0.2388,3,True
1768173,Craig Kelly,1.3487,3,True
15007,Laura Harring,0.8943,6,True
15008,Ann Miller,0.3456,6,True
15011,Brent Briscoe,0.3651,4,True
1172388,Michael Cooke,2.0197,3,True
30123,Lee Grant,0.9449,6,True
15013,Chad Everett,0.4917,5,True
27755,Melissa George,1.329,7,True
87287,Bonnie Aarons,1.0809,4,True
14821,Fernando Rey,0.4453,4,True
15183,Tony Lo Bianco,0.3327,4,True
15184,Marcel Bozzuffi,0.203,3,True
15185,Frédéric de Pasquale,0.2939,3,True
15186,Bill Hickman,0.2339,3,True
1904215,Ann Rebbot,0.101,2,True
15187,Harold Gary,0.0555,2,True
15188,Arlene Farber,0.3204,3,True
152680,Eddie Egan,0.1186,3,True
1233541,Sonny Grosso,0.1782,3,True
1904216,Benny Marino,0.0261,2,True
1182966,Patrick McDermott,0.0774,2,True
88344,Alan Weeks,0.7945,3,True
15251,Robert Gossett,0.283,4,True
945486,Lee Stringer,0.0889,2,True
97391,Darryl Cox,0.1342,3,True
941147,Viviane Vives,1.184,3,True
941607,Sid Hillman,0.082,2,True
955762,Auden Thornton,0.7076,3,True
950877,Mary Ashleigh Green,0.6232,3,True
1930916,Grant Garrison,0.1623,3,True
15309,Lori Petty,1.4357,6,True
6474,James Le Gros,0.5403,5,True
103011,John Philbin,0.3041,4,True
170231,BoJesse Christopher,0.3406,3,True
63934,Vincent Klyn,2.7236,3,True
170334,Julian Reyes,0.1186,3,True
107368,Daniel Beer,0.2115,3,True
15310,Anthony Kiedis,0.3911,8,True
1445331,Dave Olson,0.0286,2,True
15311,Christopher Pettiet,0.2129,3,True
15370,Gretchen Mol,0.8838,5,True
15371,Steven Schub,0.0863,2,True
15372,Jeremy Roberts,0.1866,3,True
15373,Rif Hutton,0.2853,3,True
15374,Leon Rippy,0.5552,4,True
15375,Janet MacLachlan,0.3627,3,True
15376,Brad William Henke,0.8327,4,True
15377,Burt Bulos,0.1286,3,True
1174009,Venessia Valentino,0.22,3,True
1497867,Howard S. Miller,0.0685,2,True
68430,Tia Texada,0.297,3,True
50346,Shiri Appleby,0.6803,6,True
11065,Wilford Brimley,0.7753,6,True
15411,T.K. Carter,0.3506,4,True
15412,David Clennon,0.3977,4,True
15414,Charles Hallahan,0.456,4,True
15415,Peter Maloney,0.2397,3,True
15416,Richard Masur,0.8783,5,True
15417,Donald Moffat,0.5918,4,True
15418,Joel Polis,0.1469,3,True
15419,Thomas G. Waites,0.175,3,True
2165957,William Zeman,0.0143,2,True
4078,Lee Van Cleef,1.1753,6,True
6542,Isaac Hayes,0.4631,7,True
47456,Season Hubley,0.4672,4,True
15449,Frank Doubleday,0.1175,3,True
15450,John Strobel,0.0789,2,True
9785,John Cothran,0.414,3,True
15555,Piper Perabo,5.287,7,True
15556,Rebecca Hall,1.6819,7,True
1580598,Samantha Mahurin,0.2263,3,True
7487,David Bowie,0.6484,10,False
177765,Daniel Davis,0.809,4,True
120560,Jim Piddock,0.2351,4,True
58860,Christopher Neame,0.2825,3,True
19541,Mark Ryan,0.2278,3,True
16407,Roger Rees,0.676,5,True
111195,Jamie Harris,0.2188,4,True
1476065,Monty Stuart,0.0885,2,True
15565,Jennifer Hudson,0.287,8,True
15563,Anika Noni Rose,0.635,6,True
15564,Keith D. Robinson,0.3246,3,True
15566,Sharon Leal,0.4151,5,True
15567,Hinton Battle,0.1122,3,True
15568,Mariah Iman Wilson,0.0773,2,True
15569,Yvette Cason,0.188,3,True
95758,Ken Page,0.1324,3,True
181080,Ralph Louis Harris,0.083,2,True
110884,Michael-Leon Wooley,0.235,3,True
18284,Loretta Devine,0.6581,6,True
111513,Yvette Nicole Brown,1.2215,6,True
18054,Rinko Kikuchi,1.2461,6,True
270,Adriana Barraza,0.3372,5,True
18061,Satoshi Nikaido,0.2416,2,True
18045,Said Tarchani,0.0929,1,True
18044,Boubker Ait El Caid,0.089,1,True
258,Gael García Bernal,1.1978,8,True
18052,Nathan Gamble,0.3272,4,True
18050,Elle Fanning,3.3469,8,True
17118,Mohamed Akhzam,0.0582,1,True
18057,Yuko Murata,0.0524,1,True
18056,Koji Yakusho,0.8544,5,True
18046,Mustapha Rachidi,0.0926,1,True
18048,Abdelkader Bara,0.0379,1,True
122306,Driss Roukhe,0.4139,1,True
15735,Helen Mirren,5.6125,9,True
15739,Alex Jennings,0.8324,5,True
15736,Sylvia Syms,0.352,4,True
15738,Paul Barrett,0.0856,1,True
15740,Tim McMullan,0.6488,1,True
994133,Douglas Reith,0.6493,1,True
124686,Mark Bazeley,0.8794,1,True
83550,Robin Soans,0.1122,1,True
16354,Lola Peploe,0.1146,1,True
188468,Pat Laffan,0.07,1,True
1598278,Amanda Hadingue,0.087,1,True
15915,Sergio Rubini,0.3038,4,True
15916,Fiorello,0.1384,5,True
15917,Stefania Rocca,0.3301,4,True
15918,Ivano Marescotti,0.1395,1,True
15919,Anna Longhi,1.0011,1,True
15920,Alessandro Fabrizi,0.097,1,True
28950,Lisa Eichhorn,1.0031,5,True
20006,Christopher Reeve,0.6851,9,True
386,Peter Vaughan,0.661,5,True
21343,Ben Chaplin,0.5176,5,True
1220068,Paula Jacobs,0.2232,1,True
3568,Patrick Godfrey,0.279,1,True
2479,Rupert Vansittart,0.7714,4,True
17286,Lena Headey,2.8218,8,True
116975,Paul Copley,0.2808,1,True
44419,Peter Cellier,0.3302,1,True
1430048,Brigitte Kahn,0.116,1,True
16483,Sylvester Stallone,5.2629,10,True
4521,Burt Young,0.6419,6,True
16507,Antonio Tarver,0.1224,3,True
16502,Geraldine Hughes,0.4983,1,True
16501,Milo Ventimiglia,1.2576,6,True
16505,A.J. Benza,0.0965,1,True
16503,James Francis Kelly III,0.063,1,True
80757,Mike Tyson,0.7777,9,True
16506,Henry G. Sanders,0.5366,1,True
16508,Pedro Lovell,0.1027,1,True
16509,Ana Gerena,0.1166,1,True
16511,Louis Giansante,0.0538,1,True
16512,Maureen Schilling,0.0214,1,True
98298,Lahmard J. Tate,0.3141,1,True
16859,Tammy Blanchard,0.4764,4,True
16327,Timothy Hutton,1.054,6,True
26860,John Sessions,0.2821,4,True
245,Keir Dullea,0.5582,5,True
678,Martina Gedeck,0.3868,5,True
16856,Gabriel Macht,0.7549,6,True
72095,Lee Pace,1.9313,6,True
37632,Eddie Redmayne,3.7169,8,True
27260,Laila Robins,1.0257,4,True
1422570,Sándor Técsy,1.0444,1,True
16790,Gaspard Ulliel,0.5618,6,True
16789,Aaran Thomas,0.0724,1,True
17287,Dominic West,1.0755,6,True
3901,Richard Brake,0.969,4,True
39681,Stephen Walters,0.8901,1,True
206721,Ivan Marevich,0.8122,1,True
16791,Helena-Lia Tachovská,0.0828,1,True
16792,Richard Leaf,0.2335,1,True
1054325,Martin Hub,0.2586,1,True
79648,Hugh Ross,0.3756,1,True
88392,Robbie Kay,0.5055,4,True
8949,Peter Fonda,0.5865,7,True
16839,Matt Long,0.6471,4,True
16840,Raquel Alessi,0.437,1,True
10825,Donal Logue,1.4594,5,True
1297400,Tony Ghosthawk,0.0887,1,True
211670,Hugh Sexton,0.1003,1,True
474842,Marcus Jones,0.0816,1,True
1297402,Lawrence Cameron Steele,0.0877,1,True
217046,Eddie Baroo,0.285,1,True
91400,Jessica Napier,0.1933,1,True
221581,Rebel Wilson,1.2323,8,True
33515,Kazunari Ninomiya,0.9413,5,True
33516,Tsuyoshi Ihara,0.929,4,True
33517,Ryo Kase,0.2762,4,True
72202,Shido Nakamura,0.5207,4,True
33519,Hiroshi Watanabe,0.2509,3,True
1011669,Takumi Bando,0.0837,1,True
77955,Yuki Matsuzaki,0.0558,1,True
1857018,Takashi Yamaguchi,0.0835,1,True
33520,Eijiro Ozaki,0.1961,3,True
142869,Nae Yuuki,0.2624,1,True
3814585,Nobumasa Sakagami,0.0143,1,True
33523,Sonny Saito,0.2316,1,True
33524,Steve Santa Sekiyoshi,0.0416,1,True
33522,Hiro Abe,0.0306,1,True
239955,Akiko Shima,2.0238,2,True
25147,Tony Hale,1.4262,7,True
36095,William Dick,0.0511,1,True
1921151,Guy Massey,0.2979,1,True
1925604,Martha Espinoza,0.0513,1,True
554395,T.J. Jagodowski,0.2143,1,True
1154221,Peter Grosz,0.0762,1,True
1154231,Tonray Ho,0.1046,1,True
1643072,Herb Lichtenstein,0.0214,1,True
4530562,Stacey Elaine Jackson,0.0071,1,True
36090,Ricky Adams,0.0409,1,True
36091,Christian Stolte,0.9232,4,True
27972,Josh Hutcherson,2.3247,9,True
54479,Bailee Madison,0.8737,6,True
54478,Kate Butler,0.3726,1,True
3522797,Devon Wood,0.0646,1,True
54481,Emma Fenton,0.0793,1,True
54480,Grace Brannigan,0.2182,1,True
54485,Latham Gaines,0.1142,1,True
54484,Patricia Aldersley,0.0959,1,True
54482,Lauren Clinton Clark,0.179,1,True
54483,Isabelle Rose Kircher,0.095,1,True
1239985,Cameron Wakefield,0.1755,1,True
1240893,Elliot Lawless,0.0636,1,True
16828,Chris Evans,3.4773,10,True
41419,Hugh Laurie,1.4883,9,True
55392,Martha Higareda,0.8871,5,True
12217,Jay Mohr,0.607,5,True
38405,John Corbett,1.1036,6,True
55394,Cle Sloan,0.517,1,True
55395,Game,0.1398,6,True
53249,Michael Monks,0.2775,1,True
155988,Daniel Hansen,0.2263,1,True
124665,Wesley Singerman,0.1566,1,True
61428,Matthew Josten,0.3596,1,True
15112,Tom Selleck,2.9549,8,True
78798,Tom Kenny,1.1151,7,True
16845,Nicole Sullivan,0.732,5,True
16846,Harland Williams,0.8652,5,True
1077827,John H. H. Ford,0.0327,1,True
33706,Paul Butcher,0.6236,1,True
963233,Tracey Miller-Zarneke,0.0505,1,True
61304,Jessie Flower,0.3768,1,True
16373,Maxim Baldry,0.7275,5,True
10841,Karel Roden,0.3772,4,True
4286,Emma de Caunes,0.4927,4,True
28485,Steve Pemberton,0.8259,4,True
24421,Jean Rochefort,0.4597,7,True
204675,Michel Winogradoff,0.0802,1,True
2058135,Adrien Rodrigue,0.0524,1,True
2058136,Bams Betga-Tchouni,0.0379,1,True
64012,Julie Fournier,0.1321,1,True
54292,Julie Ferrier,0.2566,4,True
2619178,Lily Atkinson,0.1128,1,True
1251835,Preston Nyman,0.3292,1,True
2081336,Sharlit Deyzac,0.051,1,True
2932563,Francois Touch,0.0817,1,True
157826,Philippe Spall,1.5797,1,True
17288,Michael Fassbender,2.592,9,True
17292,Tom Wisdom,0.4282,4,True
17291,Andrew Pleavin,0.3469,1,True
17290,Andrew Tiernan,0.3612,4,True
17293,Giovani Cimmino,0.0812,1,True
306574,Greg Kramer,0.4295,1,True
96594,Alex Ivanovici,0.39,3,True
1089919,Kelly Craig,0.2777,1,True
1330754,Charles Papasoff,1.5381,1,True
119250,Mercedes Leggett,1.179,1,True
31711,Troy Garity,0.7193,4,True
30082,Benedict Wong,2.2744,7,True
24618,Paloma Baeza,0.7834,4,True
1414389,Archie Macdonald,0.0143,1,True
2002163,Sylvie Macdonald,0.0071,1,True
59151,Chipo Chung,0.2151,4,True
19506,James Arnold Taylor,0.4469,5,True
19505,Mitchell Whitfield,0.4024,4,True
19508,Nolan North,1.1115,6,True
19507,Mikey Kelley,0.1956,1,True
1339,Zhang Ziyi,2.0893,8,True
31531,John DiMaggio,1.1182,6,True
1356270,Paula Mattioli,0.0071,1,True
60279,Fred Tatasciore,0.7566,5,True
23680,Dee Bradley Baker,1.0645,6,True
34982,Jeff Bennett,1.1371,6,True
15761,Grey DeLisle,1.1652,6,True
100231,Paul Michael Robinson,1.2604,1,True
16269,Louis Garrel,0.8091,5,True
16349,Robin Renucci,0.2814,3,True
16350,Jean-Pierre Kalfon,0.1842,3,True
1653,Jean-Pierre Léaud,0.3732,6,True
16351,Florian Cadiou,0.1024,1,True
16352,Pierre Hancisse,0.1177,1,True
16353,Valentin Merlet,0.1335,1,True
16355,Ingy Fillion,0.0528,1,True
12688,Peter MacNicol,0.8625,5,True
39596,Tricia Vessey,0.3322,3,True
16479,Andrew Lawrence,0.4076,4,True
16475,Burt Reynolds,1.1796,9,True
16662,Richard Gant,0.5551,4,True
77338,Tom McGowan,0.4135,1,True
25540,Sandra Oh,0.9629,9,True
16480,Peter Egan,0.4249,4,True
1380112,Scott Charles,0.0666,1,True
2749757,Alison Goldie,0.0239,1,True
156788,Julia Pearlstein,0.1107,1,True
32029,Bill Sage,0.7687,4,True
20767,Samantha Mathis,1.4624,5,True
32030,Guinevere Turner,2.0869,4,True
32031,Stephen Bogaert,0.8459,3,True
32032,Monika Meier,0.0382,1,True
1860410,Blair Williams,1.131,1,True
1147823,Marie Dame,1.2363,1,True
16406,Patricia Reyes Spíndola,0.3,4,True
16408,Margarita Sanz,0.1143,3,True
16409,Omar Rodríguez,0.0683,1,True
991946,Lila Downs,0.3049,4,True
2256615,Karine Plantadit,0.0757,1,True
1318723,Amelia Zapata,1.0261,1,True
16450,Sean Combs,0.5107,8,True
4239,Yasiin Bey,0.6554,7,True
16451,Coronji Calhoun,0.0495,1,True
16452,Taylor Simpson,0.0499,1,True
16453,Gabrielle Witcher,0.0311,1,True
16454,Amber Rules,0.0621,1,True
16456,Charles Cowan Jr.,0.0168,1,True
16455,Taylor LaGrange,0.0143,1,True
16457,Anthony Bean,0.0143,1,True
60877,Carol Sutton,1.0722,1,True
16523,Burgess Meredith,0.6308,8,True
16524,Thayer David,0.237,3,True
16525,Joe Spinell,0.5921,4,True
16526,Jimmy Gambina,0.1699,2,True
16527,Bill Baldwin,0.3109,2,True
16528,Al Silvani,0.1974,2,True
2563,George Memmoli,0.1395,2,True
16529,Jodi Letizia,0.132,2,True
16530,Diana Lewis,0.0327,2,True
16531,George O'Hanlon,0.2725,3,True
16532,Larry Carroll,0.1296,2,True
16936,Stan Shaw,0.5821,4,True
16540,Leonard Gaines,0.1414,2,True
16541,Sylvia Meals,0.3383,2,True
16554,Richard Crenna,0.7109,6,True
16555,Bill McKinney,0.9983,4,True
16557,Michael Talbott,0.2625,2,True
15824,Chris Mulkey,0.6627,4,True
16558,John McLiam,0.3585,3,True
16559,Alf Humphreys,0.2667,2,True
16560,David Caruso,0.7774,7,True
16561,David L. Crowley,0.1369,2,True
16562,Don MacKay,0.0838,2,True
16564,David Petersen,0.1859,2,True
1213777,Patrick Stack,0.1217,2,True
16578,Julia Nickson,0.8727,3,True
56117,Martin Kove,0.7829,5,True
16581,Andy Wood,0.2848,2,True
16582,William Ghent,0.2505,2,True
16583,Vojislav Govedarica,0.3668,2,True
16584,Dana Lee,0.8075,2,True
16585,Baoan Coleman,0.1468,2,True
16586,Steve Williams,0.0214,2,True
16587,Don Collins,0.0214,2,True
16588,Christopher Grant,0.0214,2,True
2175999,John Sterlini,0.0899,2,True
255923,Marc de Jonge,0.4662,2,True
6783,Spiros Focás,0.2487,3,True
16604,Sasson Gabai,0.3354,3,True
16605,Doudi Shoua,0.2736,1,True
16606,Randy Raney,0.1561,1,True
16607,Alon Aboutboul,0.9094,3,True
16608,Mahmoud Assadollahi,0.0143,1,True
16609,Yosef Shiloach,0.4734,3,True
16610,Harold Diamond,0.3514,1,True
16611,Mati Seri,0.0786,1,True
2176017,Hany Said El Deen,0.0071,1,True
16612,Shaby Ben-Aroya,0.0569,1,True
16619,Mr. T,0.8928,9,True
16620,Hulk Hogan,0.9058,9,True
16621,Ina Fried,0.269,1,True
6771,Wally Taylor,0.2019,1,True
16622,Jim Hill,0.061,1,True
16623,Don Sherman,0.1205,1,True
16624,Dennis James,0.0701,4,True
16625,Jim Healy,0.0596,1,True
2571086,Ray Gedeon,0.0214,1,True
16742,Kagiso Kuypers,0.1491,1,True
16744,Antony Coleman,0.115,1,True
16746,Benu Mabhena,0.0585,1,True
16749,Anointing Lukola,0.0528,1,True
16752,David Harewood,0.5004,5,True
16754,Basil Wallace,0.2983,1,True
16756,Jimi Mistry,0.4446,4,True
16758,Marius Weyers,0.418,3,True
16760,Ntare Guma Mbaho Mwine,0.5848,3,True
15993,Michael Pataki,0.3616,3,True
16543,Stu Nahan,0.1,2,True
16645,R.J. Adams,0.0648,2,True
16646,Al Bandiero,0.0613,2,True
16647,Dominic Barto,0.3443,2,True
16648,Danial Brown,0.0429,2,True
16649,Rose Mary Campos,0.0214,1,True
16661,Tommy Morrison,0.2512,5,True
16660,Sage Stallone,0.5157,4,True
16663,Delia Sheppard,0.2373,2,True
16664,Mike Girard Sheehan,0.9489,2,True
1347338,Michael Anthony Williams,0.5621,1,True
16666,Kevin Connolly,0.4307,6,True
16667,Elisebeth Peters,0.7258,1,True
16668,Hayes Swope,0.0143,1,True
16669,Nicky Blair,0.146,2,True
9560,Ellen Burstyn,1.3434,8,True
20194,Fernando Hernández,0.0575,1,True
20195,Lorne Brass,0.1273,2,True
1081122,Abraham Aronofsky,0.3508,1,True
4224473,Renee Asofsky,0.0286,1,True
4224475,Anish Majumdar,0.0071,1,True
16866,Jennifer Lopez,1.4971,10,True
18324,Steve Zahn,2.7162,7,True
21353,Isaiah Washington,0.4985,6,True
44038,Nancy Allen,0.6032,6,True
2813432,Jim Robinson,0.0,1,True
1199564,Mike Malone,0.241,1,True
2813434,Donna Frenzel,0.0286,1,True
943990,Manny Suárez,0.1071,1,True
1450276,Paul Soileau,2.2283,1,True
120724,Jaden Smith,0.7408,8,True
29685,Kurt Fuller,0.7071,5,True
33500,Takayo Fischer,0.2371,2,True
57869,Kevin West,0.25,2,True
1074169,David Michael Silverman,0.0214,1,True
33502,Domenic Bove,0.0387,1,True
1233979,Geoff Callan,0.0739,1,True
3880879,Joyful Raven,0.0379,1,True
1215395,Scott Klace,0.4047,2,True
1293034,Rashida Clendening,0.0741,1,True
19981,David Fine,2.6594,1,True
21657,Vera Farmiga,3.4707,9,True
18471,Anthony Anderson,0.9235,8,True
18472,Kevin Corrigan,0.8464,5,True
18473,James Badge Dale,1.03,5,True
18475,Kristen Dalton,0.641,2,True
18476,Thomas B. Duffy,0.0214,1,True
17064,Ben Whishaw,1.7165,7,True
129050,Rachel Hurd-Wood,0.9571,5,True
17067,Karoline Herfurth,0.8133,4,True
10779,David Calder,0.4763,4,True
16273,Simon Chandler,0.2533,2,True
17069,Sian Thomas,0.1994,3,True
17068,Jessica Schwarz,0.3087,4,True
680,Corinna Harfouch,0.4039,4,True
17070,Paul Berrondo,0.114,1,True
17071,Timothy Davies,0.0983,1,True
17072,Sam Douglas,0.2906,4,True
17073,Harris Gordon,0.169,1,True
17074,Sara Forestier,0.381,4,True
1062016,Albert Pérez,1.1739,1,True
30352,Ariadna Cabrol,1.3093,3,True
20231,Enrique Iglesias,0.3659,8,True
27643,Marco Leonardi,0.5767,4,True
1367499,Troy Robinson,0.3948,1,True
941566,Gerardo Vigil,0.063,1,True
53763,Tito Larriva,0.7701,3,True
17490,"Isiah Whitlock, Jr.",0.7046,5,True
27036,Tony Siragusa,0.115,4,True
27037,Levan Uchaneishvili,0.564,1,True
80167,Tony Devon,1.0594,3,True
1255887,Misha Kuznetsov,0.2069,1,True
51865,Michael Genet,0.0959,2,True
543256,Patrice O'Neal,0.2144,4,True
122546,Al Palagonia,0.1397,1,True
11022,Aaron Stanford,0.4557,4,True
17178,Patrick Wilson,3.3229,7,True
17179,Gregg Edelman,0.1877,4,True
17180,Sadie Goldstein,0.1175,1,True
11315,Noah Emmerich,0.8766,5,True
17183,Jackie Earle Haley,1.0684,6,True
17184,Phyllis Somerville,0.3488,4,True
17185,Helen Carey,0.3288,3,True
17214,Catherine Wolf,0.1648,1,True
17186,Mary B. McCann,0.1133,3,True
17187,Trini Alvarado,0.5091,4,True
17188,Marsha Dietlein,0.1682,3,True
67099,Crystal Field,1.0583,3,True
60650,Michael Paré,0.9221,5,True
17236,A. J. Cook,1.1403,6,True
17238,Leslie Hayman,0.3202,3,True
17239,Chelse Swain,0.5111,3,True
17240,Anthony DeSimone,0.0071,1,True
17241,Lee Kagan,0.0214,1,True
17242,Robert Schwartzman,0.4257,4,True
1239453,FourTee,0.0596,1,True
17244,Hayden Christensen,2.1408,8,True
17271,Brandon Routh,1.5935,6,True
11006,James Marsden,3.0401,7,True
7489,Parker Posey,1.5722,6,True
8924,Frank Langella,0.9919,7,True
53492,Sam Huntington,0.5458,4,True
2639,Eva Marie Saint,0.5776,7,True
53493,Kal Penn,1.5445,6,True
53494,Tristan Lake Leabu,0.2502,2,True
41318,David Fabrizio,0.3774,1,True
1224391,Ian Roberts,1.204,4,True
1272955,Vincent Stone,0.0902,1,True
193763,Jack Larson,0.257,4,True
243805,Noel Neill,0.4195,5,True
17005,Doug Jones,0.843,6,True
17283,Rupert Evans,0.3484,4,True
66268,Ladislav Beran,0.2564,1,True
66269,Bridget Hodson,0.3572,2,True
1661791,Kevin Trainor,0.1096,2,True
25730,Brian Caspe,0.3255,2,True
25659,James Babson,0.1883,2,True
141493,Stephen Fisher,0.0751,2,True
1773789,Garth Cooper,0.0143,1,True
10860,Jessica Biel,2.4492,9,True
17328,Rufus Sewell,1.4628,6,True
27428,Aaron Taylor-Johnson,2.2585,7,True
73357,Eleanor Tomlinson,1.604,5,True
162489,Jake Wood,4.385,1,True
27678,Tom Fisher,0.3448,1,True
39186,Karl Johnson,0.4418,4,True
43024,Vincent Franklin,0.2133,3,True
133031,Nicholas Blane,0.2647,3,True
147425,Philip McGough,0.1506,3,True
1048648,Erich Redman,0.1415,3,True
199055,Michael Carter,0.7219,3,True
1315985,Andreas Grothusen,0.0585,1,True
18277,Sandra Bullock,3.2839,10,True
141484,John DiResta,0.2257,3,True
26716,Heather Burns,1.3052,4,True
75696,Melissa De Sousa,0.2135,3,True
131125,Steve Monroe,0.2675,3,True
34247,Deirdre Quinn,0.2687,3,True
52116,Wendy Raquel Robinson,0.3822,4,True
141485,Asia De Marcos,0.2284,3,True
59456,Ken Thomas,0.2707,3,True
141486,Gabriel Folse,0.1704,3,True
988370,Leeanne Locken Emberlin,0.1848,3,True
1386304,Deborah Abbott,1.0022,3,True
16940,Jeremy Irons,2.4216,9,True
230705,Khaled El Nabawy,0.2912,3,True
34515,Velibor Topic,0.398,3,True
8223,Jon Finch,0.2355,4,True
4455,Ulrich Thomsen,0.6791,5,True
17337,Nathalie Cox,1.6767,3,True
20508,Iain Glen,2.0188,7,True
16060,Brian Tochi,0.4126,4,True
1214184,Laurie Faso,0.1245,3,True
77157,Robbie Rist,0.2736,4,True
179566,Adam Carl,0.2832,3,True
74932,Paige Turco,0.8859,5,True
77156,Kevin Clash,0.3313,5,True
60851,François Chau,0.2822,4,True
952996,David McCharen,0.1948,3,True
77152,Michelan Sisti,0.1618,3,True
77153,Leif Tilden,0.2469,3,True
105174,Kenn Scott,0.3013,3,True
953728,Toshishiro Obata,0.1935,3,True
81381,Michael McConnohie,0.1877,4,True
78214,Mark Caso,0.0997,3,True
6181,Josh Pais,0.5878,5,True
45041,Judith Hoag,0.6776,4,True
226789,Martin P. Robinson,0.1544,4,True
1921352,David Greenaway,0.0658,3,True
192632,David Rudman,0.1698,4,True
58210,Ernie Reyes Jr.,0.7275,5,True
4710810,Reggie Barnes,0.0261,3,True
16358,Simon McBurney,0.6259,5,True
35013,David Oyelowo,0.6953,6,True
35014,Abby Mukiibi Nkaaga,0.0595,1,True
35015,Adam Kotz,0.3875,3,True
35018,Barbara Rafferty,0.2114,3,True
35017,David Ashton,0.0327,3,True
1033153,Sarah Nagayi,0.0281,1,True
962605,Stephen Rwangyezi,0.0429,1,True
984315,Sam Okelo,0.0357,1,True
1296173,Dick Stockley,0.0675,3,True
1719834,Chris Wilson,0.0698,3,True
2199494,Daniel Ssettaba,0.0143,1,True
17351,Larry Bryggman,0.6496,4,True
17352,Marianne Jean-Baptiste,0.9186,5,True
17353,Matthew Marsh,0.4026,4,True
17354,Todd Boyce,0.6874,3,True
17355,Michael Paul Chan,0.4582,4,True
17356,Garrick Hagon,0.2603,4,True
17357,Andrew Grainger,0.1237,3,True
76764,Bill Buell,0.248,3,True
23608,Colin Stinton,0.4604,4,True
730454,Ted Maynard,0.1592,3,True
191747,Tom Hodgkins,0.3191,3,True
1299719,Rufus Wright,0.101,3,True
17358,Kim Staunton,0.1711,3,True
21179,John Benjamin Hickey,0.3895,5,True
96672,Michael McGrath,0.0404,3,True
27545,Bruce Altman,0.7282,4,True
167120,Jennifer Dundas,0.217,3,True
28030,Tina Sloan,0.3513,3,True
2957469,Akil Walker,0.0168,1,True
3810,Javier Bardem,4.1098,9,True
155283,Klea Scott,0.3223,4,True
43853,Irma P. Hall,0.2643,5,True
55755,Richard T. Jones,2.2052,5,True
18053,Jamie McBride,0.5421,1,True
154742,Troy Blendell,0.142,3,True
53257,Emilio Rivera,0.5592,4,True
154883,Bodhi Elfman,0.3531,4,True
17342,Paul Adelstein,1.3084,6,True
16935,Geena Davis,1.0697,9,True
37203,Jason Beghe,0.9435,5,True
63214,Sonny Carl Davis,0.4054,3,True
45308,Ken Swofford,0.1953,4,True
174906,Shelly Desai,0.4176,3,True
172271,Carol Mansell,0.2054,3,True
616377,Stephen Polk,0.6419,3,True
941194,Rob Roy Fitzgerald,0.1635,3,True
17402,Ron Livingston,1.3808,7,True
52794,David Herman,0.4283,5,True
21163,Gary Cole,1.8703,6,True
18262,Richard Riehle,0.6915,5,True
104998,Ali Wentworth,0.3293,5,True
105701,Joe Bays,0.3235,3,True
15099,Paul Willson,0.1779,3,True
102309,Kinna McInroe,0.1106,3,True
116428,Todd Duffey,0.3917,3,True
84816,Greg Pitts,0.2025,3,True
8316,Michael McShane,0.3397,4,True
17444,Corey Haim,0.51,8,True
52995,Edward Herrmann,0.5914,6,True
134800,Jamison Newlander,0.1249,3,True
114149,Brooke McCarter,0.0416,3,True
39112,Billy Wirth,0.4404,4,True
18355,Alex Winter,9.4668,7,True
134801,Chance Michael Corbitt,0.1752,3,True
1077770,Alexander Bacan Chapman,0.0466,1,True
368784,Nori Morgan,0.0539,1,True
63046,Kelly Jo Minter,0.5819,4,True
13021,William Baldwin,1.2687,6,True
17485,Oliver Platt,1.1882,7,True
56510,Joshua Rudoy,1.1087,3,True
51215,Aeryk Egan,0.4854,3,True
1075041,Kesha Reed,0.0724,1,True
159394,Jim Ortlieb,0.1708,3,True
949848,John Duda,0.0286,1,True
1075042,Megan Stewart,0.0143,1,True
1075043,Tressa Thomas,0.0815,1,True
1303226,Sanna Vraa,0.2518,1,True
56358,Patricia Belcher,1.0316,5,True
63681,Julie Warner,1.0036,5,True
17607,Mackintosh Muggleton,0.4692,3,True
17604,Jeremy Renner,2.527,9,True
17605,Idris Elba,2.937,10,True
108620,Amanda Walker,0.3794,3,True
2972,Shahid Ahmed,0.1085,1,True
170257,Garfield Morgan,0.1666,4,True
130414,Emily Beecham,1.323,5,True
58913,Jordan El-Balawi,0.2275,1,True
1102065,Meghan Popiel,0.0571,1,True
165359,Stewart Alexander,0.2034,3,True
1128854,Philip Bulcock,0.1058,3,True
1052209,Andrew Byron,1.0746,3,True
18082,Timothy Olyphant,2.9744,7,True
17628,Mary Elizabeth Winstead,2.5257,7,True
21047,Jonathan Sadowski,0.3085,4,True
74124,Andrew Friedman,0.2677,3,True
21051,Yorgo Constantine,0.1122,3,True
21946,Cyril Raffaelli,0.3709,3,True
61697,Sung Kang,0.7892,5,True
1215689,Christina Chang,1.1012,4,True
94791,Jake McDorman,1.1494,5,True
141747,Anthony Peck,0.5253,3,True
91421,Nicholas Wyman,0.3908,3,True
141749,Michael Alexander Jackson,0.2136,3,True
83860,Aldis Hodge,1.2551,5,True
141748,Sharon Washington,0.1425,3,True
6438,Stephen Pearlman,0.1242,3,True
19902,Mischa Hausserman,0.2009,3,True
56679,Edwin Hodge,0.4805,4,True
22384,John Amos,0.9092,6,True
22383,Franco Nero,1.3178,6,True
56183,Art Evans,0.281,4,True
17874,Fred Thompson,0.3322,5,True
19453,Tom Bower,0.3253,3,True
29384,Sheila McCarthy,0.3609,4,True
3010,Tony Ganios,0.2766,4,True
58161,Peter Nelson,0.3407,3,True
17782,Colm Meaney,1.1277,6,True
17644,Ekaterina Chtchelkanova,0.0825,1,True
17637,Taye Diggs,0.9104,6,True
17643,Mya,0.1856,6,True
17642,Deidre Goodwin,0.1484,3,True
17641,Denise Faye,1.571,3,True
17640,Susan Misner,0.687,4,True
17638,Cliff Saunders,0.4801,3,True
63,Milla Jovovich,2.4726,9,True
17647,Michelle Rodriguez,1.1616,7,True
17648,James Purefoy,1.4093,6,True
557323,Martin Crewes,1.1116,3,True
47779,Pasquale Aleardi,0.3026,3,True
146784,Ryan McCluskey,0.4981,3,True
232174,Indra Ové,0.279,4,True
1104994,Oscar Pearce,1.2774,3,True
195535,Anna Bolt,1.1622,4,True
72100,Joseph May,0.142,3,True
947006,Robert Tannion,0.0905,3,True
74225,Jaymes Butler,0.4195,3,True
2477,Stephen Billington,0.5586,4,True
96787,Sophie Vavasseur,0.6591,3,True
12801,Razaaq Adoti,0.2859,3,True
51944,Mike Epps,0.7628,6,True
65345,Sandrine Holt,0.8962,5,True
59198,Matthew G. Taylor,0.3753,3,True
185183,Dave Nichols,0.1728,3,True
1282733,Stefen Hayes,0.2686,3,True
108892,Geoffrey Pounsett,0.2494,3,True
181010,Shaun Austin-Olsen,0.0785,3,True
17651,Nicholas Colasanto,0.216,5,True
17652,Theresa Saldana,0.1989,4,True
17653,Mario Gallo,0.1434,3,True
4692,Frank Adonis,0.277,4,True
1888773,Joseph Bono,0.5344,3,True
3872579,Frank Topham,0.0143,1,True
3872580,Lori Anne Flax,0.0573,1,True
3353077,Don Dunphy,0.053,3,True
2548126,Bill Hanrahan,0.0261,3,True
559279,Rita Bennett,0.1626,3,True
2568316,James V. Christy,0.0466,3,True
17678,Rudy Youngblood,0.855,4,True
17688,Raoul Max Trujillo,0.8046,4,True
17689,Gerardo Taracena,0.4558,4,True
42009,Iazua Larios,0.6622,3,True
62477,Antonio Monroy,0.1655,3,True
4364,María Isabel Díaz Lago,0.5046,3,True
17679,Dalia Hernández,0.8653,3,True
17680,Jonathan Brewer,0.5299,3,True
17681,Morris Birdyellowhead,0.3942,3,True
17682,Carlos Emilio Báez,0.1107,3,True
17683,Amilcar Ramírez,0.1122,3,True
17684,Israel Contreras,0.0536,3,True
17685,Israel Ríos,0.0454,3,True
17686,Espiridion Acosta Cache,0.0828,3,True
17687,Mayra Sérbulo,0.2173,3,True
17690,Rodolfo Palacios,0.0557,3,True
17691,Miffy Englefield,0.1813,3,True
17692,Emma Pritchard,0.0857,3,True
17693,Sarah Parish,1.0078,5,True
27855,Shannyn Sossamon,0.8057,5,True
17695,Bill Macy,0.3111,5,True
17696,Kathryn Hahn,1.5204,7,True
41297,Alex O'Loughlin,0.7143,6,True
86467,Jay Simpson,1.1933,3,True
49265,Lindsay Lohan,1.6228,9,True
17743,Miranda Cosgrove,1.3152,8,True
17739,Joey Gaydos Jr.,0.2872,3,True
17744,Kevin Alexander Clark,0.168,3,True
1583107,Rivkah Reyes,0.2944,3,True
17745,Robert Tsai,0.1638,3,True
17746,Maryam Hassan,0.2549,3,True
64064,Aleisha Allen,0.4339,4,True
1583104,Caitlin Hale,0.2734,3,True
1583105,Brian Falduto,0.0563,3,True
1481236,Z Infante,0.0803,3,True
1583106,James Hosey,0.153,3,True
17747,Angelo Massagli,0.5311,3,True
17764,Charles S. Dutton,0.7351,6,True
41247,Len Cariou,0.5544,5,True
59199,Joan Heney,0.8109,3,True
218899,John Dunn-Hill,0.1756,3,True
58169,Vlasta Vrana,0.2628,4,True
108302,Matt Holland,0.1486,3,True
1233017,Gillian Ferrabee,0.081,3,True
141789,Bronwen Mantel,1.8613,3,True
206652,Elizabeth Marleau,0.8755,3,True
1321651,Kyle Allatt,0.0454,3,True
1225492,Richard Jutras,0.3245,3,True
237041,Sarah Allen,0.8653,3,True
17768,Darlene Cates,0.1766,4,True
17769,Laura Harrington,1.8513,4,True
8184,Mary Kate Schellhardt,0.422,3,True
17770,Kevin Tighe,1.1894,5,True
172680,Penelope Branning,0.246,3,True
1376033,Tim Green,0.1266,3,True
1376035,Susan Loughran,0.1271,3,True
1375991,Robert B. Hedges,0.0637,3,True
1376047,Mark Jordan,0.0286,3,True
215830,Cameron Finley,0.2136,3,True
13446,Eliza Dushku,1.7972,7,True
17773,Gabrielle Union,1.0139,7,True
1225571,Sherry Hursey,0.1443,3,True
1578,Holmes Osborne,0.3773,4,True
17774,Clare Kramer,0.3294,4,True
17775,Nicole Bilderback,0.2996,4,True
168014,Tsianina Joelson,0.1952,3,True
1155676,Shamari DeVoe,0.0908,3,True
1155677,Natina Reed,0.0794,3,True
1695841,Brandi Williams,0.0664,3,True
73700,Richard Hillman,2.1008,3,True
41662,Lindsay Sloane,0.6307,5,True
55115,Nathan West,0.2366,3,True
656,Denholm Elliott,0.814,8,True
658,Alfred Molina,1.8366,8,True
661,Vic Tablian,0.3472,3,True
662,Don Fellows,0.1786,3,True
663,William Hootkins,0.2812,4,True
2247,George Harris,0.2353,3,True
1402695,Fred Sorenson,0.0389,2,True
1211876,Anthony Chinn,0.1035,3,True
55909,Eddie Tagoe,0.1199,3,True
689,Kate Capshaw,0.8466,7,True
690,Ke Huy Quan,1.0224,7,True
691,Amrish Puri,0.5782,6,True
693,Roshan Seth,0.3947,5,True
694,Philip Stone,0.5002,4,True
695,Roy Chiao,0.4682,5,True
696,David Yip,0.355,4,True
11397,Ric Young,0.4561,5,True
699,Chua Kah Joo,0.1121,2,True
701,Rex Ngui,0.0596,2,True
702,Philip Tan,0.5291,4,True
707,Dan Aykroyd,1.0713,9,True
1402218,Akio Mitamura,0.0423,2,True
80123,Michael Yama,0.2075,3,True
1055317,D.R. Nanayakkara,0.2963,3,True
722,Jennifer Grey,0.6933,8,True
723,Patrick Swayze,1.0837,9,True
724,Cynthia Rhodes,0.9283,6,True
4199,Neal Jones,0.2773,4,True
725,Jerry Orbach,0.5984,7,True
728,Kelly Bishop,0.5569,6,True
727,Jane Brucker,0.4734,4,True
730,Max Cantor,0.4416,4,True
726,Jack Weston,0.4933,6,True
4201,Wayne Knight,1.045,7,True
4198,"Charles ""Honi"" Coles",1.7702,5,True
4200,"""Cousin Brucie"" Morrow",0.0409,3,True
734,Paula Trueman,0.252,3,True
733,Alvin Myerovich,0.1234,2,True
4202,Miranda Garrison,1.023,4,True
738,Sean Connery,1.7203,10,True
739,Alison Doody,0.54,6,True
740,Julian Glover,0.6984,6,True
741,River Phoenix,1.6548,9,True
742,Michael Byrne,0.6995,5,True
743,Kevork Malikyan,0.3523,4,True
744,Robert Eddison,0.2302,4,True
745,Richard Young,0.2374,3,True
746,Alexei Sayle,0.3762,5,True
747,Alex Hyde-White,0.3517,5,True
748,Paul Maxwell,0.1144,3,True
749,Isla Blair,0.2387,4,True
776,Eddie Murphy,2.4673,10,True
777,Judge Reinhold,0.7582,7,True
778,John Ashton,0.4611,6,True
779,Lisa Eilbacher,0.66,6,True
780,Ronny Cox,0.9071,6,True
782,Steven Berkoff,0.6219,6,True
785,James Russo,0.7734,6,True
783,Jonathan Banks,2.7527,7,True
786,Stephen Elliott,0.4107,4,True
787,Gilbert R. Hill,0.135,3,True
788,Art Kimbro,0.0945,2,True
789,Joel Bailey,0.0481,2,True
4689,Bronson Pinchot,0.5314,6,True
781,Paul Reiser,0.9072,7,True
790,Michael Champion,0.1698,3,True
101615,Frank Pesce,0.1656,3,True
879,Billy Bob Thornton,2.2295,9,True
880,Ben Affleck,10.8173,10,True
882,Liv Tyler,1.8627,9,True
883,Will Patton,2.524,7,True
884,Steve Buscemi,3.3122,9,True
886,William Fichtner,2.244,8,True
887,Owen Wilson,2.3261,9,True
61981,Michael Clarke Duncan,1.4064,8,True
53,Peter Stormare,13.2678,7,True
236327,Ken Hudson Campbell,0.3637,4,True
42707,Jessica Steen,0.9437,5,True
65827,Keith David,1.8446,8,True
8191,Chris Ellis,0.3225,4,True
11355,Jason Isaacs,1.9753,8,True
42373,Grayson McCouch,0.1408,3,True
2138,Shawnee Smith,1.3287,7,True
10017,Charlton Heston,1.531,9,True
920,Jürgen Prochnow,0.8281,7,True
921,Brigitte Nielsen,0.7594,7,True
922,Allen Garfield,0.4783,5,True
923,Dean Stockwell,1.3068,7,True
925,Paul Guilfoyle,0.8532,6,True
25626,Robert Ridgely,0.4394,4,True
101279,Brian O'Connor,0.0759,2,True
1590786,Alice Adair,0.2799,3,True
87479,Eugene Butler,0.087,2,True
2881,Glenn Withrow,1.2222,4,True
2632,Chris Rock,1.1198,10,True
1229,Jeff Bridges,2.2474,9,True
2547,Bruce Boxleitner,0.9639,6,True
2076,David Warner,0.8149,8,True
2548,Cindy Morgan,0.3219,5,True
2549,Barnard Hughes,0.3099,6,True
69616,Bianca Kajlich,1.0041,5,True
4251,John Mahoney,0.61,6,True
41737,Tony Plana,0.6637,4,True
129759,Reg Rogers,0.2787,3,True
87128,Kenneth Tigar,0.3477,3,True
88033,Azalea Davila,1.3167,3,True
61303,Dick Van Dyke,0.9253,9,True
1937,Mickey Rooney,1.0539,9,True
17834,Jake Cherry,0.7259,4,True
17835,Ricky Gervais,1.1334,7,True
17836,Kim Raver,1.0684,5,True
17837,Patrick Gallagher,0.2499,3,True
17838,Rami Malek,3.5994,10,True
17839,Pierfrancesco Favino,0.5522,5,True
4581,Steve Coogan,0.9798,6,True
17841,Mizuo Peck,0.5814,3,True
1660831,Kerry van der Griend,0.2136,1,True
17865,Nicole DeHuff,0.1716,4,True
17867,Tom McCarthy,0.5906,4,True
17868,Phyllis George,0.1275,4,True
164083,Bernie Sheredy,0.5378,3,True
52860,Judah Friedlander,0.2319,5,True
163711,Peter Bartlett,0.0684,3,True
122243,John Elsen,0.1174,3,True
116056,Mark Hammer,0.0915,3,True
10158,Robert Mitchum,0.8398,9,True
7796,Illeana Douglas,0.7291,5,True
17875,Zully Montero,0.2298,3,True
1402410,Craig Henne,0.0286,1,True
3313440,Forest Burton,0.0214,1,True
1135628,Edgar Allan Poe IV,0.1443,1,True
1750452,Rod Ball,0.1767,1,True
1694770,W. Paul Bodie,1.688,1,True
17917,Lillo Brancato,0.5545,4,True
17918,Francis Capra,0.6801,4,True
17919,Taral Hicks,0.4945,4,True
17920,Kathrine Narducci,0.4832,4,True
17921,Clem Caserta,0.2988,3,True
17922,"Alfred Sauchelli, Jr.",0.136,3,True
17923,Frank Pietrangolare,0.2705,3,True
17924,Robert D'Andrea,0.0239,1,True
17925,Eddie Montanaro,0.084,3,True
17926,Fred Fischer,0.0995,3,True
17927,Dave Salerno,0.1543,3,True
17928,Joseph D'Onofrio,0.4222,3,True
17929,Luigi D'Angelo,0.0286,1,True
18182,Olga Kurylenko,2.5766,7,True
17343,Robert Knepper,1.9672,6,True
31166,Henry Ian Cusick,0.7809,6,True
18183,Michael Offei,0.1933,3,True
45849,Christian Erickson,0.1802,3,True
25078,Ériq Ebouaney,0.2882,4,True
1450075,Jean-Marc Bellu,0.7919,3,True
370383,Nicky Naudé,0.115,3,True
2101586,Abdou Sagna,0.0306,1,True
2101587,Loïc Molla,0.0528,1,True
18156,Don Ameche,0.3488,5,True
18160,Kristin Holby,0.1846,3,True
940155,Alfred Drake,0.045,3,True
22863,Bo Diddley,0.0564,5,True
26485,Jim Belushi,1.3244,7,True
65348,Al Franken,0.1164,6,True
2496513,Maurice Woods,0.0281,1,True
2496514,"Richard D. Fisher, Jr.",0.0143,1,True
18190,Justin Cooper,0.6724,4,True
18191,Amanda Donohoe,0.5225,4,True
18192,Jason Bernard,0.2471,4,True
21858,Krista Allen,1.5974,5,True
18193,Christopher Mayer,0.2614,3,True
155996,Eric Pierpoint,0.2191,3,True
2477982,SW Fisher,0.0071,1,True
60072,Sara Paxton,1.1,5,True
7621,Courtney Love,0.2868,7,True
18235,Brett Harrelson,0.2585,3,True
18236,Donna Hanover,0.122,3,True
104418,Miles Chapin,0.1571,3,True
60093,James Carville,0.1102,5,True
44161,Richard Paul,0.2716,3,True
2114273,Burt Neuborne,0.0286,1,True
61151,Jan Tříska,0.198,3,True
1967658,Cody Block,0.0441,1,True
2114274,Ryan Post,0.0071,1,True
3954886,Robert Davis,0.0071,1,True
107009,Badja Djola,0.2714,3,True
3901578,Thomas B. Mason,0.0168,1,True
212797,Geoffrey Nauffts,0.1325,3,True
149500,Rick Zieff,0.1684,3,True
1725924,Christopher White,0.0143,1,True
136906,Marc Clement,2.527,3,True
18248,Mary-Louise Parker,2.4633,7,True
31140,Mary Stuart Masterson,1.5648,6,True
18249,Cicely Tyson,0.432,6,True
83411,Timothy Scott,0.6454,3,True
96228,Gary Basaraba,0.2707,4,True
71561,Jo Harvey Allen,3.3469,3,True
18251,Fannie Flagg,0.3258,4,True
1448835,Suzi Bass,0.2457,3,True
1448920,Tom Even,0.0571,1,True
1448921,Afton Smith,0.3675,3,True
84683,Danny Nelson,1.5094,3,True
86812,Ted Manson,1.5641,3,True
18259,Jason James Richter,0.7776,5,True
2983400,Keiko,0.0465,1,True
18260,August Schellenberg,0.3994,4,True
18261,Jayne Atkinson,0.4685,5,True
58744,Michael Bacall,0.3629,3,True
21320,Danielle Harris,0.8265,5,True
1075075,Isaiah Malone,0.0416,1,True
1075076,Betsy Toll,0.0388,1,True
1075077,Rob Sample,0.0362,1,True
1075078,Merrilyn Jones,0.0311,1,True
1075079,Mickey Gaines,0.0256,1,True
29445,Ethan Phillips,0.5773,4,True
146391,Brian Stepanek,0.7554,4,True
154968,Noa Tishby,0.2803,4,True
154684,Siobhan Flynn,0.1463,3,True
91658,Kevin McCorkle,0.1057,3,True
1286657,Gary Nickens,0.1391,3,True
149334,Kathleen Rose Perkins,0.3889,3,True
155931,Katy Boyer,0.1877,3,True
18273,Miriam Shor,0.5153,4,True
18270,Orlando Jones,0.8516,6,True
18271,Toby Huss,0.7365,4,True
18272,Gabriel Casseus,0.2781,3,True
35367,Jeff Doucette,0.3038,4,True
140237,Aaron Lustig,0.227,3,True
25848,Rudolf Martin,0.6276,3,True
93848,Julian Firth,0.7286,3,True
218133,Iain Rogerson,0.5118,3,True
27660,Roger Hammond,0.2105,3,True
33712,Carlos Carrasco,0.2916,3,True
52418,David Kriegel,0.1675,3,True
157048,Natsuko Ohama,0.1634,3,True
2119353,Daniel Villarreal,0.1959,3,True
1872781,Simone Gad,0.0468,1,True
1734769,Loretta Jean,0.4435,3,True
7242,Temuera Morrison,0.999,5,True
18280,Brian McCardie,0.4495,3,True
15105,Mike Hagerty,0.5204,4,True
30044,Bo Svenson,0.6529,4,True
190572,Jeremy Hotz,0.2712,3,True
18279,Christine Firkins,0.1685,3,True
1226523,Tamia,0.0256,5,True
6727,Kimmy Robertson,0.4695,4,True
167736,Allison Dean,1.0556,3,True
18285,Jennifer Esposito,2.1232,6,True
18288,Terrence Howard,1.2208,7,True
18290,Ashlyn Sanchez,0.5949,4,True
18291,Larenz Tate,0.4183,5,True
18292,Beverly Todd,0.2911,4,True
18293,Kathleen York,0.2631,3,True
18297,Sean Cory,1.1298,3,True
18325,Jeremy Northam,0.61,5,True
18326,Dennis Miller,0.2189,6,True
18327,Wendy Gazelle,0.1563,3,True
18328,Ken Howard,0.2385,4,True
553720,Daniel Schorr,0.1016,3,True
29051,L. Scott Caldwell,0.4221,4,True
196493,Kristina Krofft,0.4665,3,True
78498,Tony Perez,0.1091,3,True
1066358,Juan Garcia,0.1011,3,True
1079544,Margo Winkler,0.2383,3,True
75923,Christopher Darga,0.3714,3,True
18346,Rae'Ven Larrymore Kelly,0.2964,3,True
18347,Tonea Stewart,0.1198,3,True
1193431,Wayne Dehart,1.5438,3,True
18352,Patrick Dempsey,1.8298,8,True
18353,April Hernandez Castillo,0.6532,3,True
58961,Mario,0.1933,3,True
35229,Kristin Herrera,0.2334,3,True
35238,Jaclyn Ngan,0.197,3,True
35239,Sergio Montalvo,0.0352,1,True
994886,Jason Finn,0.0573,1,True
35230,Deance Wyatt,0.0214,1,True
35237,Vanetta Smith,0.0744,3,True
35231,Gabriel Chavarria,0.2753,3,True
35236,Hunter Parrish,0.6896,4,True
1700551,Antonio García,0.0716,3,True
35235,Giovonnie Samuels,0.5108,3,True
18354,Bridget Moynahan,0.915,6,True
28870,Karl Pruner,0.1409,3,True
28871,Eugene Lipinski,0.3451,3,True
180933,Domenico Fiore,0.0947,3,True
44248,Ron Lea,0.4734,4,True
62525,Jeanie Calleja,0.097,3,True
87573,Jessica Greco,0.2579,3,True
285269,Angelo Tsarouchas,0.0826,3,True
1582110,Veronica Hurnick,0.0143,1,True
44103,Richard Fitzpatrick,0.313,3,True
124365,John Watson,0.0558,3,True
201733,Janet Bailey,1.0117,3,True
18359,Terry Camilleri,0.2005,3,True
18360,Tony Steedman,0.2468,3,True
18361,Rod Loomis,0.125,3,True
61704,Al Leong,0.3384,4,True
35157,Jane Wiedlin,0.1682,4,True
157502,Robert V. Barron,0.2156,3,True
28048,Clifford David,0.1779,3,True
14801,Hal Landon Jr.,0.5605,3,True
10939,Bernie Casey,0.298,4,True
18386,Amy Stoch,0.4936,3,True
1080213,Frazier Bain,0.081,1,True
549532,Jim Martin,0.1078,3,True
192492,Annette Azcuy,0.2107,3,True
5601,Sarah Trigger,0.4978,3,True
94511,Taj Mahal,0.0971,5,True
125845,Robert Noble,0.2878,3,True
2674372,Hal Landon Sr.,0.0714,1,True
183972,Eleni Kelakos,0.0306,1,True
18460,Adrian Alonso,0.8433,3,True
18462,Alexa Benedetti,0.0931,3,True
18463,Raúl Méndez,0.4076,4,True
18464,Brandon Wood,0.0143,1,True
18465,Mary Crosby,0.6577,4,True
18466,Giovanna Zacarías,0.1463,3,True
18467,Alberto Reyes,0.0363,3,True
18468,Gustavo Sánchez Parra,0.1168,3,True
18469,Carlos Cobos,0.124,3,True
15152,James Earl Jones,1.1615,10,True
22109,Peter Firth,0.6514,5,True
24047,Courtney B. Vance,0.7333,6,True
2672490,Herman Sinitzyn,1.0869,1,True
58924,Clifton Powell,0.62,3,True
71913,Bokeem Woodbine,1.1674,5,True
1192675,Sharon Warren,0.0286,1,True
1192676,C.J. Sanders,0.0875,1,True
87003,Curtis Armstrong,0.85,5,True
38582,David Krumholtz,1.3657,6,True
53923,Aunjanue Ellis-Taylor,0.704,4,True
18643,James Franciscus,0.3936,4,True
10539,Kim Hunter,0.5169,5,True
12023,Maurice Evans,0.267,4,True
18645,Paul Richards,0.2555,3,True
24811,Victor Buono,0.3634,4,True
14732,James Gregory,0.3264,4,True
1213154,David Watson,0.1315,3,True
9596,Jeff Corey,0.5144,4,True
18648,Natalie Trundy,0.2344,3,True
18646,Thomas Gomez,0.1812,4,True
9222,Don Pedro Colley,0.1649,3,True
99890,Tod Andrews,0.1408,3,True
1404408,Eldon Burke,0.1178,3,True
18914,Gregory Sierra,0.3953,4,True
7505,Roddy McDowall,0.7212,6,True
18647,Bradford Dillman,0.6526,4,True
8544,Eric Braeden,0.3009,5,True
8499,William Windom,1.1196,5,True
2770,Sal Mineo,0.3866,6,True
12692,Albert Salmi,0.2963,4,True
16089,Jason Evers,0.3175,4,True
18649,John Randolph,0.3216,4,True
40577,Harry Lauter,0.2666,3,True
151864,Roy Glenn,0.1347,3,True
160595,Peter Forster,0.0938,3,True
153322,William Woodson,0.8488,3,True
19487,Jay Hernandez,1.3498,6,True
33934,Derek Richardson,0.4637,4,True
33935,Eythor Gudjonsson,0.1693,3,True
33936,Barbara Nedeljakova,0.2838,3,True
33937,Jana Kaderabkova,0.3897,3,True
3208465,Jennifer Lim,0.0805,1,True
33938,Jan Vlasák,0.5022,3,True
1265217,Jana Havlickova,0.206,3,True
1265216,Keiko Seiko,0.1992,3,True
33939,Ľubomír Bukový,0.2631,3,True
47838,Miroslav Táborský,0.1639,3,True
1265218,Petr Janiš,0.0785,3,True
3386181,Patrik Zigo,0.0261,1,True
37014,Lauren German,2.2373,6,True
33656,Heather Matarazzo,1.075,5,True
11671,Bijou Phillips,0.3986,5,True
37015,Vera Jordanova,0.0753,3,True
45566,Roger Bart,0.3545,4,True
25849,Richard Burgi,0.4437,4,True
37018,Petr Vančura,0.1077,3,True
20492,Jordan Ladd,0.6076,4,True
37016,Zuzana Geislerová,0.2288,3,True
37017,Milan Kňažko,0.0698,3,True
37019,Roman Janečka,0.0797,3,True
37020,Davide Dominici,0.0434,3,True
44434,Edwige Fenech,1.6082,4,True
36913,Luc Merenda,0.3065,3,True
27737,Bill Moseley,0.4332,4,True
21319,Sheri Moon Zombie,0.5744,4,True
22252,Leslie Easterbrook,1.1066,4,True
18071,Geoffrey Lewis,0.6363,5,True
35701,Dave Sheridan,1.4416,3,True
37026,Kate Norby,0.1877,3,True
37027,Lew Temple,0.4419,3,True
86903,Page Falkinburg Jr.,0.1308,3,True
15274,E. G. Daily,0.7531,4,True
5605,Richard Farnsworth,0.6908,5,True
36926,Frances Sternhagen,0.3873,4,True
36927,Graham Jarvis,0.2282,4,True
137910,Jerry Potter,0.6803,3,True
1357507,Thomas Brunelle,1.3686,3,True
172696,June Christopher,0.3995,3,True
78620,Julie Payne,0.6846,3,True
93670,Archie Hahn,0.2119,1,True
1327719,Wendy Bowers,0.0598,1,True
4169,Dave Chappelle,0.4196,10,True
28864,Landry Allbright,0.5194,3,True
28863,Renoly Santiago,0.2455,3,True
116774,David Ramsey,1.2169,4,True
20212,Dermot Mulroney,4.1471,6,True
18687,William McNamara,0.7892,4,True
18688,Harry Connick Jr.,0.4609,6,True
60205,John Rothman,0.2697,4,True
1235964,Shannon O'Hurley,0.0815,1,True
95838,Bob Greene,0.0614,3,True
215904,Tony Haney,0.0596,1,True
1074167,Danny Kovacs,0.1408,1,True
167781,Tahmus Rounds,0.2656,3,True
1074168,Scott Devenney,0.3747,1,True
19982,Diane Amos,0.1004,1,True
18792,Delroy Lindo,1.1993,6,True
4237,Erykah Badu,0.2398,7,True
18793,Kieran Culkin,0.9707,7,True
18794,Kate Nelligan,0.8125,5,True
18795,Heavy D,0.1987,5,True
17190,Erik Per Sullivan,0.7934,5,True
59882,Paz de la Huerta,0.6607,4,True
143328,K. Todd Freeman,0.5187,4,True
68278,Peter Mensah,0.8233,4,True
19137,Lou Ferrigno,0.6176,7,True
1215283,Paul Soles,0.1036,3,True
964764,Débora Nascimento,0.4375,3,True
158459,Chris Owens,0.1582,3,True
41089,Martin Starr,1.0919,5,True
57451,Leslie Bibb,1.159,6,True
17857,Shaun Toub,0.4874,4,True
57452,Faran Tahir,0.5213,4,True
17200,Bill Smitrovich,0.7661,4,True
173810,Sayed Badreya,0.1629,3,True
40275,Tim Guinee,0.5308,4,True
163671,Will Lyman,0.1673,3,True
78299,Tom Morello,0.0925,7,True
18897,Jackie Chan,13.9667,10,True
122503,Liu Yifei,4.3168,7,True
109432,Li Bingbing,0.8003,6,True
122504,Morgan Benoit,0.0985,1,True
122515,Jack Posobiec,0.153,4,True
234984,Thomas McDonell,0.4876,4,True
122514,Juana Collignon,0.1102,1,True
1075061,Zhi Ma Gui,0.0744,1,True
1075063,Shen Shou He,0.0143,1,True
1075065,Bin Jiang,0.0613,1,True
1075067,Shaohua Yang,0.0239,1,True
1075068,Yu Yuan Zeng,0.0239,1,True
1155485,David Will No,0.4341,1,True
18919,Freddie Boath,0.4739,3,True
18918,Dwayne Johnson,4.1118,10,True
2629,Alun Armstrong,0.8227,4,True
31164,Adewale Akinnuoye-Agbaje,0.7091,5,True
30316,Shaun Parkes,0.3246,3,True
25675,Bruce Byron,0.2023,3,True
1010264,Joe Dixon,0.257,3,True
178631,Quill Roberts,0.0557,1,True
55900,Luke Ford,0.2912,3,True
72040,Isabella Leong Lok-Sze,0.5596,3,True
66717,Anthony Wong Chau-Sang,1.6362,4,True
21354,Russell Wong,0.5576,5,True
15498,Liam Cunningham,2.5185,6,True
554085,Jessey Meng,0.3058,1,True
1172006,Liang Tian,0.1167,3,True
450628,Albert Kwan,0.0871,3,True
78871,Wu Jing,1.272,5,True
1917688,Wei Binghua,0.0848,1,True
29862,Jim Beaver,0.8708,5,True
62645,Tory Kittles,0.3763,4,True
2314,Peter Falk,1.5756,8,True
91494,Enzo Cilenti,0.7536,4,True
142294,Jason Butler Harner,0.9135,4,True
66027,Sergej Trifunović,0.1745,3,True
208056,Nicolas Pajon,0.1463,3,True
83456,Michael Trucco,0.8472,4,True
62833,Charles Rahi Chun,0.1914,3,True
97464,Patricia Miller,0.0286,1,True
1582752,Jon Hughes,0.0214,1,True
39459,Hayley Atwell,3.8867,7,True
60898,Sebastian Stan,3.225,8,True
30315,Richard Armitage,1.8448,6,True
15543,Derek Luke,0.6546,5,True
41561,Kenneth Choi,0.7923,4,True
30710,JJ Feild,0.7908,4,True
145161,Bruno Ricci,0.1797,3,True
55583,Lex Shrapnel,0.2726,3,True
58502,Natalie Dormer,2.6394,8,True
1080542,Jenna Coleman,2.107,7,True
1463197,Rosanna Hoult,1.3556,3,True
209578,Laura Haddock,1.2479,4,True
85828,Peter Stark,1.0722,3,True
74289,Amanda Righetti,1.2779,5,True
26456,Lori Singer,0.864,5,True
104342,John Laughlin,0.512,3,True
119894,Elizabeth Gorcey,0.2542,3,True
3009,Jim Youngs,0.5243,3,True
162155,Douglas Dirkson,0.1357,3,True
154287,Lynne Marta,0.1654,1,True
129220,Arthur Rosenberg,0.3225,1,True
152897,Alan Haufrect,0.0628,1,True
1956197,Linda MacEwen,0.6406,3,True
19195,Alex Frost,0.2556,4,True
19196,Eric Deulen,0.2514,3,True
19197,John Robinson,0.5775,4,True
19198,Elias McConnell,0.1231,3,True
19199,Jordan Taylor,0.07,3,True
19200,Carrie Finklea,0.5909,3,True
19201,Nicole George,0.0143,1,True
19202,Brittany Mountain,0.0239,1,True
19203,Alicia Miles,0.0407,3,True
19204,Kristen Hicks,0.0071,1,True
19205,Bennie Dixon,0.0143,1,True
19206,Nathan Tyson,0.0214,1,True
19207,Timothy Bottoms,0.7436,5,True
19208,Matt Malloy,0.3881,4,True
19209,Chantelle Chriestenson Nelson,0.0214,1,True
106142,Larry Laverty,0.0688,1,True
19239,Judith Ivey,0.3957,5,True
42694,Tamara Tunie,0.9698,4,True
61216,Vyto Ruginis,0.3754,4,True
1207046,Pamela Gray,0.7322,3,True
1089390,Connie Embesi,0.0404,1,True
18315,Monica Keena,1.1198,5,True
1218055,E. Katherine Kerr,1.0491,3,True
45245,Paula Jai Parker,0.4119,4,True
174223,Arian Ash,0.2986,3,True
42557,John Enos III,0.4227,4,True
120255,Keith Nobbs,0.246,3,True
149526,Dell Yount,0.1109,3,True
1188456,James MacDonald,0.2239,3,True
56459,Colin Patrick Lynch,0.2403,3,True
19275,Amanda Detmer,0.5958,4,True
19276,Ralph Ting,0.0286,1,True
19277,Todd Stashwick,0.4662,4,True
19278,Bill Hader,1.539,8,True
19279,Lance Armstrong,0.1548,6,True
143208,Sidney S. Liufau,0.1399,1,True
64344,Billy Gardell,0.4145,5,True
1653759,Eli Vargas,0.0869,1,True
2895724,Houston Mack,0.0,1,True
1341638,Bob Larkin,0.2007,3,True
19292,Adam Sandler,2.5766,10,True
19293,Lusia Strus,0.5843,3,True
59401,Amy Hill,1.2172,3,True
20818,Allen Covert,0.8251,4,True
21485,Blake Clark,0.9718,4,True
1080056,Pomaika'i Brown,0.0838,1,True
1080057,Joe Nakashima,0.0975,1,True
20819,Peter Dante,0.3335,4,True
116271,Dom Magwili,0.084,1,True
963298,J.D. Donaruma,0.967,3,True
21044,Lynn Collins,2.0967,6,True
60959,Jackie Sandler,4.3034,5,True
26723,Katheryn Winnick,4.7837,7,True
32895,Kevin James,1.6084,8,True
22553,Susan Blakely,0.5307,5,True
33012,David Mendenhall,1.1978,4,True
33015,Chris McCarty,0.1714,3,True
33016,Terry Funk,0.121,4,True
1998308,Bob Beattie,0.0286,1,True
87406,Magic Schwarz,0.2998,1,True
33013,Bruce Way,0.0637,1,True
192989,Jimmy Keegan,0.1251,1,True
157497,John Braden,0.0861,1,True
61232,Tony Munafo,0.4516,3,True
1998318,Paul Sullivan,0.0168,1,True
19299,Eamonn Walker,0.8625,5,True
19300,Sammi Rotibi,0.2708,3,True
37769,Tanit Phoenix,0.6705,4,True
1127469,Shake Tukhmanyan,0.2732,1,True
1315801,Weston Cage,0.3282,3,True
20304,Jeremy Crutchley,0.1541,3,True
1329526,Jean-Pierre Nshanian,0.1391,1,True
1329528,Eric Uys,0.0453,1,True
1329531,Stewart Morgan,0.0143,1,True
19302,Jason Mewes,0.4293,6,True
131024,Alanis Morissette,0.258,8,True
23630,Jeff Anderson,0.2109,4,True
23629,Brian O'Halloran,0.276,5,True
21197,Janeane Garofalo,0.9706,6,True
140881,Betty Aberlin,0.7251,3,True
20283,Dwight Ewell,0.1486,3,True
82410,Terry O'Neill,0.1065,3,True
152281,Madhav Sharma,0.4268,3,True
933883,Eric Meyers,0.6646,3,True
185399,Aaron Swartz,0.144,4,True
183930,William Marsh,0.1841,3,True
1089911,Tony Xu,0.0968,1,True
1089912,Tom Clarke Hill,0.1366,3,True
238321,Jerry Lawler,0.235,5,True
19469,Leslie Lyles,0.1899,3,True
19470,Greyson Erik Pendry,0.0517,1,True
3819285,Brittany Colonna,0.0,1,True
1507100,Bobby Boriello,0.2466,3,True
552242,Budd Friedman,0.0382,3,True
180649,Tom Dreesen,0.1174,4,True
3819286,Thomas Armbruster,0.0,1,True
4738,Connor Paolo,0.829,4,True
19494,Anthony Piccininni,0.0993,1,True
19495,Alexa Gerasimovich,0.1284,1,True
19496,Morgan Flynn,0.0654,3,True
1083807,Joe Starr,0.0377,3,True
19498,Jon Bernthal,4.0576,7,True
2302468,William Jimeno,0.0071,1,True
67580,Nick Damici,0.1752,3,True
189756,Martin Pfefferkorn,0.2574,3,True
2302470,Razame de la Crackers,0.0168,1,True
10822,Stephen Dorff,1.523,6,True
20284,Gary Stretch,1.3332,4,True
19537,Megan Fox,2.781,9,True
19540,Peter Cullen,0.8815,6,True
19536,Josh Duhamel,1.5153,7,True
19538,Rachael Taylor,1.4813,6,True
21710,Michael O'Neill,0.9273,5,True
24305,Julie White,0.8094,5,True
955,Penélope Cruz,1.8125,10,True
237455,Sam Claflin,3.0838,7,True
469759,Astrid Bergès-Frisbey,0.7439,5,True
1430,Keith Richards,0.322,9,True
4031,Greg Ellis,0.4989,4,True
59129,Óscar Jaenada,0.5157,4,True
27397,Anton Lesser,0.8836,4,True
1331023,Emilia Jones,1.6062,5,True
52273,Michael Lee Gogin,0.1642,1,True
2544322,Brian Le Baron,0.0922,1,True
1500222,Tyde Kierney,0.2109,1,True
29712,Tim Thomerson,0.3591,4,True
1133072,Frank Romano,0.0143,1,True
1180931,Gil Boccaccio,0.0214,1,True
23915,Pat Morita,1.0646,7,True
56124,William Zabka,1.1687,6,True
23916,Randee Heller,0.5051,4,True
23918,Ron Thomas,0.2577,3,True
23919,Rob Garrison,0.205,3,True
23920,Chad McQueen,0.2106,3,True
102435,Tony O'Dell,0.2942,3,True
157488,Israel Juarbe,0.2729,3,True
83978,William Bassett,0.1438,3,True
67893,Larry B. Scott,0.3211,3,True
2111934,Juli Fields,0.5204,3,True
163011,Dana Andersen,0.4642,3,True
1073811,Frank Burt Avalon,0.1395,1,True
17881,Jason Schwartzman,1.4436,6,True
18514,Asia Argento,2.451,6,True
28640,Molly Shannon,0.7261,6,True
19995,Marianne Faithfull,0.3134,5,True
1254583,Jamie Dornan,1.0028,7,True
1015830,Al Weaver,0.5485,3,True
229634,Sebastian Armesto,0.1815,4,True
19775,James Lance,1.0156,4,True
55047,Sarah Adler,1.6887,4,True
33185,Jeremy Bulloch,0.1473,5,True
151529,Jason Wingreen,0.1631,3,True
27165,John Hollis,0.4094,3,True
132539,Des Webb,0.1049,3,True
70772,Kathryn Mullen,0.2796,3,True
28235,Sebastian Shaw,0.2103,5,True
27762,Ian McDiarmid,0.6035,7,True
1230989,Michael Pennington,0.1998,3,True
33196,Jake Lloyd,0.3595,5,True
33190,Pernilla August,0.6461,5,True
31923,Oliver Ford Davies,0.2647,4,True
31925,Hugh Quarshie,0.4202,4,True
33197,Ahmed Best,0.1592,5,True
28641,Terence Stamp,2.2993,7,True
8318,Brian Blessed,0.6272,5,True
33198,Andy Secombe,0.0541,3,True
11007,Ray Park,0.796,6,True
33181,Jimmy Smits,2.0946,7,True
12536,Jack Thompson,0.7847,5,True
93114,Leeanna Walsman,0.4388,4,True
33188,Ron Falk,0.1352,3,True
33192,Joel Edgerton,1.3559,7,True
15293,Keisha Castle-Hughes,0.7599,6,True
20806,Silas Carson,0.333,4,True
33182,Jay Laga'aia,0.1864,3,True
82434,Wayne Pygram,0.131,3,True
1167087,David Bowers,0.0311,1,True
21711,Erika Christensen,1.0618,6,True
16429,Jacob Vargas,0.4452,5,True
15860,Miguel Ferrer,0.9064,6,True
21708,Tomas Milian,0.5935,4,True
27563,Amy Irving,0.9008,6,True
87956,D.W. Moffett,0.4881,4,True
34248,Rena Sofer,1.2368,5,True
1197519,Delaina Mitchell,0.1321,1,True
92857,Shalom Harlow,0.5325,4,True
2114466,Oona Hart,0.111,1,True
16478,Johnny Galecki,0.8913,8,True
1952286,Jhaemi Willens,0.0286,1,True
19851,Armand Schultz,0.1344,3,True
42279,Laura Fraser,1.3723,5,True
19855,Suzuka Ohgo,0.8433,4,True
19857,Kaori Momoi,1.2416,4,True
16145,Youki Kudoh,0.6599,4,True
19859,Samantha Futerman,0.2046,3,True
90200,Thomas Ikeda,0.1491,3,True
10075,Tsai Chin,0.2115,5,True
19858,Zoe Weizenbaum,0.0815,1,True
2739402,David Okihiro,0.0214,1,True
1046145,Steve Terada,1.3437,3,True
19163,Virginie Ledoyen,0.9753,5,True
19866,Guillaume Canet,0.7221,5,True
19867,Staffan Kihlbom,0.0544,1,True
19868,Paterson Joseph,0.5505,4,True
19869,Peter Youngblood Hills,0.2298,4,True
19870,Jerry Swindall,0.4984,3,True
19871,Lars Arentz-Hansen,0.1212,1,True
2063,Jukka Hiltunen,0.1141,3,True
19873,Magnus Lindgren,0.0297,1,True
19874,Daniel York Loh,1.418,3,True
19875,Daniel Caltagirone,0.4433,3,True
19876,Zelda Tinska,0.0735,1,True
57577,Saskia Mulder,0.2374,3,True
19899,Dennis Storhøi,0.613,4,True
19898,Vladimir Kulich,0.3852,4,True
5004,Omar Sharif,1.0652,9,True
71180,Anders T. Andersen,0.2549,3,True
19903,Richard Bremmer,0.1827,4,True
156000,Neil Maffin,0.1434,3,True
1378405,Asbjørn 'Bear' Riis,0.3706,3,True
19901,Clive Russell,1.4159,4,True
19900,Daniel Southern,0.063,1,True
1378404,Oliver Sveinall,0.076,1,True
67003,Sven Wollter,0.1517,3,True
53353,Albie Woodington,0.4663,3,True
43299,John DeSantis,1.1231,4,True
19974,Greg Germann,0.8823,5,True
16858,Lauren Graham,1.4777,8,True
19975,Michael Rosenbaum,0.7235,6,True
19977,Liam Aiken,0.6725,5,True
19978,Jason Kravits,0.436,4,True
19979,June Carryl,0.2204,3,True
19980,Kelvin Han Yee,0.2114,3,True
1580344,Chuck Isen,0.0143,1,True
20011,Margot Kidder,0.731,7,True
55278,Jackie Cooper,0.489,5,True
3381,Glenn Ford,0.8652,7,True
41224,Jack O'Halloran,0.3602,5,True
26483,Valerie Perrine,0.7069,5,True
40954,Maria Schell,0.4539,5,True
85042,Phyllis Thaxter,0.2662,4,True
13326,Susannah York,0.3676,5,True
53088,Jeff East,0.3341,4,True
61940,Miquel Brown,1.1969,3,True
20048,Paul Kersey,0.2102,3,True
155873,Todd Tesen,0.6376,3,True
20047,Cara Buono,1.4595,6,True
114000,Kevin Rankin,0.5975,4,True
164618,Mike Erwin,0.3267,3,True
169615,Regi Davis,0.3139,3,True
177018,Craig Damon,0.0533,1,True
157485,Geoffrey Scott,0.5612,3,True
37625,Andrew Garfield,3.029,8,True
54693,Emma Stone,3.6252,10,True
76793,Irrfan Khan,0.7365,7,True
55152,Campbell Scott,1.0553,5,True
231547,Chris Zylka,0.4771,4,True
558928,Max Charles,0.6643,4,True
1315833,Jake Keiffer,0.0404,1,True
156989,Kari Coleman,0.16,3,True
1338023,Michael Barra,0.1119,1,True
1111328,Leif Gantvoort,0.169,3,True
205976,Kelsey Asbille,2.2518,4,True
61263,Skyler Gisondo,2.1264,4,True
20051,Alakina Mann,0.7659,3,True
58068,Fionnula Flanagan,1.1205,5,True
20052,James Bentley,0.4753,3,True
20053,Eric Sykes,0.2019,4,True
20054,Elaine Cassidy,0.4194,4,True
20055,Renée Asherson,0.3005,4,True
20059,Gordon Reid,0.3588,3,True
20057,Michelle Fairley,1.0209,6,True
20058,Alexander Vince,0.0536,1,True
20060,Ricardo López,0.0239,1,True
1500757,Aldo Grilo,0.0286,1,True
20069,Steven Beard,0.2136,3,True
20070,Jim Carter,1.1116,5,True
22159,Martin Clunes,0.5292,5,True
1125580,Joe Roberts,0.1427,3,True
77637,Antony Sher,0.255,4,True
73947,Barnaby Kay,1.3174,3,True
20191,Jose Pablo Cantillo,0.7958,4,True
20190,Efren Ramirez,0.5582,5,True
20309,Dwight Yoakam,0.37,6,True
171136,Carlos Sanz,0.1815,3,True
117187,Reno Wilson,0.5778,4,True
39391,Edi Gathegi,2.124,5,True
77870,Glenn Howerton,0.6419,6,True
962169,Jay Xcala,0.0261,1,True
91387,Keone Young,0.331,4,True
1212687,Valarie Rae Miller,0.3479,3,True
123102,Yousuf Azami,0.2596,3,True
1310647,Laurent Schwaar,0.0398,1,True
1260146,David Brown,0.0902,3,True
62735,Dorian Kingi,0.3111,3,True
17449,Bob Stephenson,0.3158,3,True
22125,Jimmi Simpson,1.6673,5,True
1163066,Stanley B. Herman,1.3226,3,True
18976,Ashton Kutcher,2.0818,9,True
33235,Logan Lerman,1.6271,7,True
43464,John Patrick Amedori,0.5235,4,True
946171,Irina Gorovaia,0.1068,1,True
85140,Kevin G. Schmidt,0.6901,4,True
10135,Jesse James,0.3949,4,True
20221,Nathaniel DeVeaux,0.2645,3,True
52414,Cameron Bright,0.8009,4,True
84270,Tara Wilson,1.2986,3,True
10774,Anne Bancroft,1.4156,7,True
13325,Wendy Hiller,0.4305,5,True
1821,Michael Elphick,0.5615,4,True
159159,Hannah Gordon,0.569,3,True
643171,Helen Ryan,0.124,3,True
47864,Lesley Dunlop,0.226,3,True
3930,Phoebe Nicholls,1.0341,4,True
1230584,Pat Gorman,0.4416,3,True
692664,Claire Davenport,0.0914,1,True
912036,Orla Pederson,0.0962,1,True
20215,Billy Campbell,1.2635,6,True
20216,Tessa Allen,0.4919,3,True
5346,Dan Futterman,0.647,4,True
10430,Fred Ward,1.1176,6,True
1219530,Christopher Maher,0.177,1,True
20217,Janet Carroll,0.6648,4,True
2323952,Ruben Madera,0.1079,1,True
157582,Bruce French,0.1944,3,True
54865,Jeff Kober,1.3685,4,True
95796,Dan Martin,0.241,3,True
159261,Brent Sexton,0.874,4,True
20277,David Suchet,0.9217,8,True
20275,Sarita Choudhury,1.1619,5,True
55272,Novella Nelson,0.1715,4,True
20276,Constance Towers,0.464,4,True
1217963,Maeve McGuire,0.0643,1,True
25214,Stephen Singer,0.1278,3,True
88449,Laurinda Barrett,0.2561,3,True
1217573,Aideen O'Kelly,0.0586,1,True
163774,Reed Birney,0.1737,4,True
2221656,Robert Vincent Smith,0.1948,1,True
20278,Jessie Kamm,0.0834,1,True
1650058,Patrick Carroll,0.0168,1,True
20281,Peter Williamson,0.0311,1,True
1650067,Morgan Christopher Ferris,0.0256,1,True
1650963,Rob Earley,0.0505,1,True
1650965,Aleczander Gordon,0.0327,1,True
20282,John Kavanagh,0.365,3,True
79505,Joseph Morgan,1.4018,5,True
39678,Rab Affleck,1.1282,3,True
20386,Jason Behr,0.3575,5,True
20329,Takako Fuji,0.6511,4,True
552504,Yuya Ozeki,0.0964,1,True
20388,KaDee Strickland,0.4848,5,True
20389,Rosa Blasi,0.5039,4,True
4994,Ryo Ishibashi,0.4777,4,True
592147,Yoko Maki,1.862,3,True
216330,Takashi Matsuyama,0.6264,3,True
107110,Hiroshi Matsunaga,0.1005,1,True
1190018,Hajime Okayama,0.5151,3,True
20378,Ohga Tanaka,0.1236,1,True
20373,Arielle Kebbel,1.4126,5,True
20374,Teresa Palmer,1.8223,7,True
20375,Misako Uno,0.5714,3,True
20377,Matthew Knight,0.7544,4,True
20376,Sarah Roemer,1.0413,5,True
20379,Christopher Cousins,1.1936,4,True
20381,Jenna Dewan,1.6277,6,True
23706,Eve Gordon,0.4866,4,True
56182,Kim Miyori,0.2551,4,True
19654,Michael Chiklis,0.7748,7,True
20402,Julian McMahon,1.3095,6,True
20403,Beau Garrett,1.2182,5,True
20405,Brian Posehn,0.3734,5,True
27111,Kevin McNulty,0.2969,4,True
21083,Andy Stahl,0.1955,3,True
1366472,Debbie Timuss,0.2433,3,True
20425,Donald Sumpter,0.6013,4,True
18066,Juliet Aubrey,0.9877,5,True
5418,Hubert Koundé,0.3195,3,True
43131,Gerard McSorley,0.1142,3,True
17818,Sidede Onyulo,0.0572,1,True
19911,Anneke Kim Sarnau,0.1103,3,True
20426,Daniele Harford,0.0239,1,True
3599502,Packson Ngugi,0.0071,1,True
20428,Damaris Itenyo Agweyu,0.0214,1,True
20494,Zoë Bell,0.7846,5,True
20493,Sydney Tamiia Poitier,0.9324,4,True
16850,Rose McGowan,0.6062,7,True
1237611,Marcy Harriell,0.1599,3,True
23286,Omar Doom,0.4857,3,True
1230008,Monica Staggs,0.1456,3,True
20495,Jeff Fahey,1.4638,6,True
20499,Rebel Rodriguez,0.2387,3,True
20498,Carlos Gallardo,0.2173,3,True
4397809,Skip Reissig,0.0143,1,True
20511,Chris Barrie,0.366,4,True
20510,Richard Johnson,0.4659,5,True
20512,Rachel Appleton,0.0551,1,True
1371446,Henry Wyndham,0.0214,1,True
1371452,David Cheung,0.173,1,True
1013950,David K.S. Tse,0.0837,1,True
1371450,Ayla Amiral,0.0311,1,True
1227314,Ozzie Yue,0.1204,1,True
1844,Til Schweiger,1.0261,6,True
20519,Simon Yam,0.9164,5,True
74196,Terence Yin Chi-Wai,0.9651,3,True
20520,Fabiano Martell,0.1028,1,True
1323612,Jonny Coyne,0.2521,3,True
20522,Robert Cavanah,0.246,4,True
20523,Ronan Vibert,0.418,4,True
1442911,Lenny Juma,0.7448,3,True
2256551,Raymond Ofula,0.0581,1,True
20563,Alex Veadov,0.4048,4,True
58535,Paul Herman,0.1952,4,True
20562,Antoni Corone,0.2904,3,True
20564,Tony Musante,0.2609,4,True
20566,Katie Condidorio,0.1363,1,True
124909,Danny Hoch,0.1469,4,True
77351,Oleg Taktarov,0.3066,4,True
72988,Dominic Colón,0.1935,3,True
143978,Yelena Solovey,0.2774,3,True
562949,Moni Moshonov,0.1626,3,True
20623,Wendy Makkena,0.7334,5,True
20624,Mary Wickes,0.5714,5,True
20625,Robert Miranda,0.4036,4,True
85171,Ellen Albertini Dow,0.4404,4,True
152716,Carmen Zapata,0.1184,4,True
58928,Pat Crawford Brown,0.4692,4,True
951387,Prudence Wright Holmes,0.1448,1,True
1211979,Susan Browning,0.5678,3,True
132300,Edith Diaz,0.2576,3,True
171440,Skye Bassett,2.4361,3,True
20746,Justin Chambers,1.1094,6,True
20747,Joanna Gleason,0.463,5,True
20748,Lou Myers,0.1107,3,True
20749,Charles Kimbrough,0.1108,4,True
20750,Judy Greer,2.2459,7,True
20751,Bridgette Wilson-Sampras,1.2605,5,True
20752,Alex Rocco,0.6578,5,True
20753,Fred Willard,0.6809,6,True
11794,Frances Bay,0.5874,4,True
62065,Bree Turner,0.7758,5,True
20754,Philip Pavel,0.4913,3,True
15111,Jean-Claude Van Damme,3.3466,9,True
20759,Yancy Butler,0.8869,5,True
20760,Willie C. Carpenter,0.3168,3,True
20762,Robert Apisa,0.1841,3,True
20763,Douglas Forsythe Rye,0.0168,1,True
20764,Mike Leinert,0.0256,1,True
20765,Lenore Banks,0.1767,3,True
1484155,Barbara Tasker,0.1186,1,True
63238,Brandon Molale,0.2213,3,True
215157,John McEnroe,0.2251,7,True
65920,JB Smoove,0.3539,6,True
552139,George Wallace,0.1925,3,True
20803,Zuleikha Robinson,1.0978,5,True
20805,Louise Lombard,0.7918,5,True
20808,Adoni Maropis,0.1689,4,True
26999,Chris Owen,2.158,4,True
1479,Frank Collison,0.4058,4,True
1240492,Victor Talmadge,0.0852,1,True
20804,Adam Alexi-Malle,0.1595,4,True
20809,Joshua Wolf Coleman,0.0758,3,True
5419,Saïd Taghmaoui,1.6934,6,True
20810,Joely Richardson,1.9473,6,True
20811,Lisa Brenner,0.721,4,True
20812,Jay Arlen Jones,0.1274,3,True
20813,Joey D. Vieira,0.1729,3,True
20814,Gregory Smith,1.1518,5,True
21027,Mika Boorem,0.4993,5,True
11107,Ben Foster,0.6853,7,True
20847,Michelle Horn,0.3318,4,True
17347,Marshall Allman,0.9924,4,True
20848,Rumer Willis,1.0966,5,True
12797,Glenn Morshower,0.8056,5,True
10780,Serena Scott Thomas,0.297,4,True
106728,Marjean Holden,0.4065,4,True
106935,Kathryn Joosten,0.3697,5,True
44792,Art LaFleur,0.3385,4,True
3126,Ione Skye,0.9391,6,True
21063,Pamela Adlon,1.7456,6,True
21064,Jason Gould,0.3657,4,True
21065,Johnny Green,0.2397,3,True
21066,Patrick O'Neill,0.0448,3,True
106745,Don Wilson,0.9514,3,True
10739,Bebe Neuwirth,0.7754,6,True
2041,Dr. Dre,0.2835,9,True
19767,Snoop Dogg,0.7762,9,True
60560,Macy Gray,0.1787,6,True
6281,Charlotte Ayanna,0.5095,4,True
113387,Jaime Gomez,0.3419,3,True
53252,Noel Gugliemi,0.9651,4,True
38225,Cher,0.4695,10,True
14830,Vincent Gardenia,0.3685,5,True
3019,Olympia Dukakis,0.4354,6,True
20972,Julie Bovasso,0.2564,4,True
20973,Louis Guss,0.4256,4,True
2371,Feodor Chaliapin Jr.,0.168,3,True
20974,Anita Gillette,0.2715,4,True
12514,Leonardo Cimino,0.1617,4,True
20975,Nada Despotovich,0.4638,3,True
1161047,Gina DeAngeles,0.1593,1,True
7486,Michael Wincott,0.9874,5,True
116575,Kim Hawthorne,0.4703,4,True
21029,Billy Burke,1.8118,6,True
21030,Michael Moriarty,2.2885,6,True
54800,Anna Maria Horsford,0.4455,5,True
10869,Scott Heindl,0.3908,3,True
83777,Christopher Shyer,0.313,4,True
21214,Jill Teed,0.4797,3,True
1491604,Ian Marsh,0.0404,1,True
21042,Ebon Moss-Bachrach,1.4085,5,True
13506,Willeke van Ammelrooy,0.2157,4,True
21043,Dylan Walsh,1.4476,6,True
21041,Shohreh Aghdashloo,1.7843,6,True
141417,Mike Bacarella,0.8348,3,True
1288335,Kevin M. Brennan,0.0377,1,True
1229774,Frank Caeti,0.0817,1,True
1477263,Aliyah Carr,0.0286,1,True
1477264,Jennifer Clark,0.0071,1,True
1477265,Jacob D. Dumelle,0.0239,1,True
1088586,Lori Ann Gerdisch,0.048,1,True
21165,Kim Dickens,1.4388,6,True
38571,John Beasley,0.4248,5,True
71888,Lynnsee Provence,0.0214,1,True
1286022,Hunter McGilvray,0.0453,1,True
2809429,Nathan Lee Lewis,0.0286,1,True
61164,Craig March,0.2047,3,True
21090,Adrian Ricard,0.2124,3,True
21091,Jerry Wasserman,0.2559,4,True
172994,Peter Shinkoda,0.4283,4,True
21092,Fiona Hogan,0.3633,3,True
189001,David Haysom,0.2212,3,True
59181,Emily Tennant,0.6674,4,True
21132,Abraham Benrubi,0.8948,5,True
65771,Dean McDermott,0.2513,4,True
1371163,Herb Kohler,0.0368,1,True
1371164,Patricia Stutz,0.0214,1,True
2320,Julian Richings,0.7672,4,True
25386,Ian Tracey,0.8165,4,True
21180,Justin Bartha,0.887,7,True
21182,David Dayan Fisher,0.2787,3,True
60461,Stewart Finlay-McLennan,0.1256,3,True
24291,Annie Parisse,0.9802,5,True
154759,Erik King,1.0101,4,True
79025,Don McManus,0.5334,4,True
10872,Patton Oswalt,0.8849,7,True
7962,Lou Romano,0.6112,4,True
32536,Julius Callahan,0.1433,3,True
59357,Teddy Newton,0.2345,3,True
1260745,Tony Fucile,0.2694,3,True
21199,Jake Steinfeld,0.1122,3,True
5826,Glynis Johns,0.412,6,True
18313,Michael Rispoli,0.4537,5,True
18316,Ally Walker,1.1866,6,True
2100335,Ruth Rudnick,0.1486,1,True
1631215,Marcia Wright,0.0921,1,True
933416,Dick Cusack,0.2858,3,True
1484867,Thomas Q. Morris,0.0327,1,True
1084573,Bernie Landis,0.0327,1,True
21213,Kavan Smith,0.6328,4,True
21215,Elise Neal,0.2936,5,True
21216,Kim Delaney,0.9061,6,True
143307,Marilyn Norry,1.0752,3,True
1234925,Freda Perry,0.144,3,True
20188,Lynda Boyd,0.8104,4,True
175221,Patricia Harras,0.323,3,True
55426,Robert Bailey Jr.,0.4708,4,True
74365,Britt McKillip,0.5411,4,True
14408,Matthew Perry,1.1783,9,True
57395,Natasha Henstridge,1.4283,6,True
938316,Carmen Ferlan,0.3549,3,True
1091239,Serge Christianssens,0.0822,1,True
1497361,Renee Madeline Le Guerrier,0.0931,1,True
142770,Jean-Guy Bouchard,0.2012,3,True
1504466,Howard Bilerman,0.2051,3,True
548035,Deano Clavet,0.0958,3,True
237541,Stephanie Biddle,0.1661,3,True
82093,Daniel Henney,0.7822,5,True
10859,Ryan Reynolds,2.8464,10,True
82092,will.i.am,0.3432,7,True
82094,Tim Pocock,0.3344,4,True
77561,Julia Blake,0.2154,4,True
38665,Max Cullen,0.2396,4,True
1003248,Troye Sivan,0.4735,6,True
1353634,Michael-James Olsen,0.0816,1,True
63295,Peter O'Brien,0.6801,4,True
79351,Alison Araya,2.4681,3,True
78110,Scott Adkins,2.4933,6,True
9832,Tyler Mane,0.3598,5,True
21318,Scout Taylor-Compton,0.7277,5,True
21317,Daeg Faerch,0.4621,4,True
21321,Kristina Klebe,0.3788,4,True
1646,Udo Kier,0.8678,5,True
29541,Sybil Danning,1.1512,5,True
21352,Aaliyah,0.2882,8,True
21355,DMX,0.2713,8,True
21356,D.B. Woodside,1.778,5,True
2550,Dan Shor,0.2937,2,True
12876,Peter Jurasik,0.2659,5,True
12877,Tony Stephano,0.1437,1,True
12878,Craig Chudy,0.0728,1,True
12880,Sam Schatz,0.0338,1,True
21259,Michael Dudikoff,0.4164,4,True
102235,Jackson Bostwick,0.0363,1,True
15850,Tony Brubaker,0.524,1,True
934,Russell Crowe,2.138,10,True
935,Connie Nielsen,5.4986,8,True
936,Oliver Reed,0.7063,7,True
937,Derek Jacobi,0.9136,8,True
938,Djimon Hounsou,1.1226,8,True
940,John Shrapnel,0.5056,4,True
941,Tomas Arana,0.7806,2,True
942,Ralf Moeller,0.7454,5,True
4012,Spencer Treat Clark,0.8845,1,True
15196,David Hemmings,0.5223,4,True
2478,Tommy Flanagan,1.8222,6,True
20761,Sven-Ole Thorsen,0.4103,3,True
41379,Omid Djalili,0.6329,5,True
9236,Giorgio Cantarini,1.0815,4,True
980,Vinnie Jones,0.965,7,True
973,Jason Flemyng,1.2262,5,True
974,Dexter Fletcher,0.7406,5,True
975,Nick Moran,0.6244,4,True
976,Jason Statham,9.6303,10,True
978,Steven Mackintosh,0.8226,4,True
984,Nicholas Rowe,0.4442,2,True
985,Nick Marcq,0.1262,1,True
986,Charles Forbes,0.2372,1,True
987,Lenny McLean,0.2195,3,True
988,Peter McNicholl,0.0431,1,True
989,P.H. Moriarty,0.2037,1,True
990,Frank Harper,0.1657,4,True
2638789,Steve Sweeney,0.1679,1,True
992,Huggy Leaver,0.1779,1,True
76945,Ronnie Fox,0.3283,1,True
995,Vas Blackwood,1.0158,4,True
4318,Victor McGuire,1.2153,4,True
380,Robert De Niro,4.0071,10,True
1038,Jodie Foster,2.7365,10,True
1036,Cybill Shepherd,1.4494,7,True
1037,Harvey Keitel,1.8382,8,True
1039,Peter Boyle,1.127,7,True
1040,Leonard Harris,0.2409,1,True
1041,Diahnne Abbott,0.5002,1,True
1042,Frank Adu,0.8859,1,True
2561,Victor Argo,0.345,4,True
1043,Gino Ardito,0.0733,1,True
2340530,Garth Avery,0.0786,1,True
2147740,Harry Cohn,0.0071,1,True
1946280,Cooper Cunningham,0.5628,1,True
101977,Brenda Dickson,0.1749,1,True
3727638,Harry Fischler,0.0388,1,True
1062,Christopher Lloyd,2.8298,9,True
1064,Crispin Glover,1.1501,7,True
1063,Lea Thompson,0.9992,7,True
1066,Claudia Wells,0.6653,4,True
1065,Thomas F. Wilson,1.0685,7,True
1067,Marc McClure,0.4832,4,True
1068,Wendie Jo Sperber,0.223,4,True
1069,George DiCenzo,0.3531,4,True
1070,Frances Lee McCain,0.3354,1,True
1072,James Tolkan,0.6231,4,True
11673,J.J. Cohen,0.3517,1,True
1953,Casey Siemaszko,0.5016,4,True
1954,Billy Zane,1.9405,7,True
1074,"Harry Waters, Jr.",0.0937,1,True
84494,Donald Fullilove,0.195,1,True
7139,Norman Alden,7.7546,3,True
1100,Arnold Schwarzenegger,2.3946,10,True
1101,Carl Weathers,0.8607,7,True
1109,Kevin Peter Hall,0.7602,4,True
1102,Elpidia Carrillo,0.9569,4,True
1103,Bill Duke,0.7129,5,True
1104,Jesse Ventura,0.6346,7,True
1106,Richard Chaves,0.3679,3,True
1107,R.G. Armstrong,0.4523,4,True
1116,Alan Ford,0.6833,1,True
1115,Stephen Graham,1.9239,5,True
1117,Dennis Farina,0.3941,5,True
1119,Robbie Gee,0.4195,1,True
1120,Lennie James,0.567,5,True
1121,Benicio del Toro,1.5637,9,True
1118,Rade Šerbedžija,0.7814,5,True
2627,Ade,0.0431,1,True
1122,Mike Reid,0.1785,1,True
1125,Ewen Bremner,1.436,5,True
1123,Andy Beckwith,0.3599,1,True
40651,Charles Cork,0.8561,1,True
1158,Al Pacino,3.3306,10,True
1159,Steven Bauer,1.7537,5,True
1160,Michelle Pfeiffer,2.1334,10,True
1161,Mary Elizabeth Mastrantonio,1.4813,6,True
1162,Robert Loggia,0.8039,5,True
1163,Miriam Colon,0.3386,4,True
1164,F. Murray Abraham,1.448,8,True
1165,Paul Shenar,0.8206,4,True
1166,Harris Yulin,0.6391,4,True
21358,Jon Kit Lee,0.1487,2,True
21359,Edoardo Ballerini,0.3227,4,True
77209,Grace Park,0.9327,7,True
52507,Kandyse McClure,0.748,6,True
21360,Matthew Harrison,0.2192,2,True
39829,Henry O,0.2203,1,True
80380,Kristen Shaw,1.2016,1,True
3137,Paul Calderon,0.6907,3,True
80978,Brian Goodman,0.321,5,True
21530,Steve Burton,0.1817,4,True
21532,Sam Ball,0.3784,1,True
21533,Jeremy Childs,0.9363,1,True
21535,George W. Scott,0.0753,1,True
1931758,Steve Sandfort,0.0143,1,True
124304,Michael Irby,0.5404,3,True
11317,Natascha McElhone,2.2406,7,True
8198,Ulrich Tukur,0.3438,5,True
155295,Morgan Rusler,0.1445,1,True
1393682,Shane Skelton,0.0338,1,True
1247688,Donna Kimball,0.1638,1,True
41506,Lauren Cohn,0.0807,1,True
21593,Jason Biggs,2.1822,9,True
21594,Chris Klein,1.3845,8,True
21403,Thomas Ian Nicholas,1.2121,7,True
21595,Alyson Hannigan,1.2088,9,True
21596,Shannon Elizabeth,0.7958,7,True
52480,Eddie Kaye Thomas,3.4401,7,True
26510,Eugene Levy,5.5512,10,True
10871,Natasha Lyonne,1.7951,8,True
53116,Eric Lively,0.5604,5,True
54586,Molly Cheek,0.8214,4,True
116027,Eli Marienthal,0.3153,4,True
21624,Judd Nelson,1.2674,8,True
21625,Molly Ringwald,1.3698,8,True
55554,John Kapelos,0.3887,5,True
1073863,Perry Crawford,0.0617,1,True
1073864,Mary Christian,0.2199,1,True
987357,Tim Gamble,0.3436,1,True
1073865,Fran Gargano,0.0286,1,True
1073866,Mercedes Hall,0.7433,1,True
7430,Elizabeth Peña,1.0512,6,True
21629,Tzi Ma,0.786,6,True
16937,Rex Linn,0.9325,5,True
21630,Robert Littman,0.0168,1,True
21632,Julia Hsu,0.2606,1,True
21633,Kai Lennox,0.3436,1,True
117087,Larry Sullivan,0.237,1,True
1937249,Yang Lin,0.0505,1,True
70690,Ken Lo Wai-Kwong,1.379,1,True
552393,Nicky Li Chung-Chi,1.0102,1,True
19839,David Paymer,0.6526,6,True
21416,William Devane,1.6655,7,True
21675,Jack Conley,0.5647,4,True
2140915,Mark Alfa,0.0505,1,True
86579,Kwame Amoaku,0.0932,1,True
20545,Justin Ashforth,0.1782,1,True
86580,Len Bajenski,0.2182,1,True
21703,Peri Gilpin,0.5257,7,True
21702,Ming-Na Wen,1.9449,8,True
14500,Jean Simmons,0.906,8,True
29797,Matt McKenzie,0.172,1,True
56348,John DeMita,0.2869,3,True
217777,Steve Alterman,0.4383,2,True
57910,David Arnott,0.2655,1,True
64948,Cathy Cavadini,0.1692,3,True
206202,Lanei Chapman,0.1528,1,True
21722,John Billingsley,0.97,5,True
21721,Dean Cain,1.894,7,True
21724,Alex Carter,0.4609,4,True
21723,Robert Baker,0.6105,1,True
1286269,Ron Madoff,0.1368,1,True
74587,Terry Loughlin,0.3479,1,True
955065,Peggy Sheffield,0.1613,1,True
2650949,Evelyn Brooks,0.0143,1,True
200427,Elena Maria Garcia,0.0928,1,True
11064,David Strathairn,1.1364,7,True
12122,Ron Rifkin,0.6718,5,True
42715,Amber Smith,0.4235,1,True
43978,John Mahon,0.1572,1,True
42206,Matt McCoy,0.5897,5,True
156294,Paolo Seganti,0.2427,1,True
184250,Elisabeth Granli,0.0814,1,True
21757,J.C. Quinn,0.3241,1,True
86923,Caroline Williams,0.412,4,True
1401994,Michael Burgess,0.2273,1,True
52925,Donna W. Scott,0.5275,1,True
60672,Zen Gesner,0.7714,4,True
21802,Mongo Brownlee,0.3879,1,True
21804,Jerod Mixon,0.2299,4,True
184180,Cam Neely,0.6877,3,True
81287,Shannon Whirry,1.0784,4,True
54826,Traylor Howard,0.9827,6,True
1395904,Nikki Tyler-Flynn,0.2465,1,True
207671,Steve Tyler,0.0773,1,True
32486,Allen Payne,0.2279,4,True
31532,Josh Hopkins,0.3813,5,True
170805,Todd Kimsey,0.1176,1,True
97049,Samantha Mumba,0.1159,5,True
1470328,Omero Mumba,0.1085,1,True
13633,Mark Addy,1.4573,7,True
17787,Phyllida Law,0.4207,5,True
21881,Laura Kirk,0.1177,1,True
21882,Josh Stamberg,0.6255,4,True
1470323,John W. Momrow,0.0311,1,True
21874,Alan Young,0.4933,8,True
156875,Myndy Crist,0.4956,1,True
35517,Connie Ray,0.3375,1,True
21944,Burt Kwouk,0.4796,6,True
21945,Laurence Ashley,1.0831,1,True
1847200,Didier Azoulay,0.4583,1,True
61584,John Forgeham,0.1487,1,True
21942,Max Ryan,0.2471,1,True
1847201,Colin Prince,0.0689,1,True
1847202,Vincent Glo,0.0261,1,True
1257821,Vincent Wong,0.6143,1,True
554599,Kentaro,0.0486,1,True
1370577,Stéphane Jacquot,0.0566,1,True
18750,Annabella Sciorra,1.6025,7,True
34691,John Spencer,0.304,7,True
28033,Arthur J. Nascarella,0.2277,4,True
36190,Edie Falco,1.0294,9,True
1601540,Europe Harmon,2.2961,1,True
14407,Matt LeBlanc,0.8318,10,True
22082,Lacey Chabert,1.7023,7,True
135526,Jack Johnson,0.1837,1,True
161433,Mark Goddard,0.4783,5,True
148605,Marta Kristen,0.5959,5,True
13997,June Lockhart,1.2178,6,True
1077780,Adam Sims,0.0214,1,True
121640,Angela Cartwright,0.8074,5,True
36900,John Sharian,0.5061,1,True
1077781,Abigail Canton,0.1279,1,True
22133,Jack Noseworthy,0.8567,4,True
22134,Ritch Brinkley,0.2388,1,True
83209,Vincent Berry,0.426,1,True
162059,Helen Duffy,0.093,1,True
1217135,Ancel Cook,0.1156,1,True
2987732,Steve Waddington,0.0143,1,True
13548,James Spader,2.8642,9,True
228173,Jaye Davidson,0.4221,6,True
22137,Viveca Lindfors,0.5314,1,True
22138,Alexis Cruz,0.4226,1,True
15441,Mili Avital,0.4177,5,True
22139,Carlos Lauchu,0.155,1,True
157029,Derek Webster,0.6618,1,True
1179059,Gianin Loffler,0.1389,1,True
38026,Chris Noth,0.7144,9,True
38085,Michael O'Keefe,0.7911,6,True
43903,Carly Pope,0.7255,6,True
235848,China Shavers,0.3199,1,True
51536,Agnes Bruckner,0.4073,4,True
87020,Rachel Wilson,0.2503,1,True
80135,Rutanya Alda,0.2182,5,True
22297,Kyle Gass,0.3391,5,True
938432,JR Reed,0.1112,1,True
22304,Ronnie James Dio,0.2362,4,True
1219029,Paul F. Tompkins,0.3929,4,True
55673,Troy Gentile,0.3864,5,True
61110,Fred Armisen,0.9314,8,True
154697,Kirk Ward,0.4379,1,True
533061,Dave Grohl,0.2604,4,True
203264,Lara Everly,0.1081,1,True
1217884,Brittany Eldridge,0.0357,1,True
15576,Matthew Macfadyen,1.5874,7,True
22970,Peter Dinklage,2.8391,10,True
22809,Keeley Hawes,1.3616,7,True
22810,Andy Nyman,0.2534,5,True
22811,Daisy Donovan,0.4976,1,True
22969,Jane Asher,0.736,5,True
7058,Kris Marshall,0.8931,5,True
1529894,Brendan O'Hea,0.1797,1,True
4261677,Jeremy Booth,0.0453,1,True
174700,Angela Curran,0.2809,1,True
22820,Jenna Stern,0.3278,1,True
42141,Casey Sander,0.6683,5,True
56040,Cylk Cozart,0.2842,1,True
190961,Patrick Garrow,1.2828,5,True
21291,Conrad Pla,0.3203,1,True
243333,Hechter Ubarry,0.2962,1,True
574368,Michael F. Keenan,0.0628,1,True
15533,Olivier Martinez,1.2737,7,True
20879,Kate Burton,0.9099,6,True
21549,Chad Lowe,0.8164,6,True
68186,Dominic Chianese,0.5037,7,True
20318,Myra Lucretia Taylor,0.1145,1,True
59201,Lisa Emery,1.0387,6,True
43554,Josef Altin,0.2584,5,True
43555,Mina E. Mina,0.2829,1,True
43556,Aleksandar Mikic,0.1104,1,True
79610,Sarah-Jeanne Labrosse,0.161,1,True
1031118,Lalita Ahmed,0.2769,1,True
61134,Tatiana Maslany,1.3663,8,True
230178,Tereza Srbova,0.1818,1,True
1684513,David Papava,0.0379,1,True
39660,Tamer Hassan,0.4201,4,True
23229,Carice van Houten,1.3889,8,True
26258,Kenneth Cranham,0.7488,6,True
26657,David Bamber,0.9913,5,True
7803,Christian Berkel,0.3042,6,True
40633,Jamie Parker,0.1205,1,True
16808,Matthias Schweighöfer,1.6124,6,True
16484,Joey Lauren Adams,0.5517,6,True
143963,Carmen Llywelyn,0.1432,1,True
93620,Welker White,0.5306,1,True
45589,Dakota Blue Richards,0.8459,6,True
45585,Ben Walker,1.0059,5,True
14011,Tom Courtenay,0.7074,6,True
23458,Charlie Cox,0.934,8,True
23459,Sienna Miller,1.5587,8,True
84035,Sarah Alexander,0.7045,5,True
33450,Joanna Scanlan,0.4973,5,True
207295,Melanie Hill,0.409,4,True
47712,Mark Heap,0.3671,5,True
80536,David Walliams,0.9294,8,True
155532,Adam Buxton,0.3001,4,True
73968,Henry Cavill,5.3479,10,True
25130,Ben Barnes,1.5859,7,True
23504,Kiersten Warren,0.5694,5,True
19957,Wendy Crewson,1.9269,6,True
15674,Hallie Eisenberg,0.5056,5,True
90423,Lindze Letherman,0.3958,1,True
156933,Angela Landis,0.2537,1,True
8265,John Michael Higgins,0.5501,6,True
11367,Bradley Whitford,1.0568,8,True
981910,Igor Hiller,0.0336,1,True
60081,Brett Wagner,0.2193,1,True
57422,Jared Rushton,0.5852,5,True
62123,David Moscow,0.6156,5,True
16165,Jon Lovitz,0.6724,7,True
143205,Josh Clark,0.1731,1,True
1073814,Kimberlee M. Davis,0.0682,1,True
1073816,Oliver Block,0.0362,1,True
80138,Erika Katz,0.0439,1,True
123728,Allan Wasserman,0.3249,1,True
166788,Mark Ballou,0.1367,1,True
994134,Gary Klar,0.7695,1,True
2059660,Alec Von Sommer,0.0143,1,True
1444795,Susan Wilder,1.0764,1,True
23532,Jason Bateman,2.5528,9,True
23533,Zach Mills,0.3469,1,True
23534,Jonathan Potts,0.4553,1,True
23535,Rebecca Northan,0.3151,1,True
23536,David Rendall,0.0621,1,True
23538,Jade Cohen,0.0261,1,True
40385,Marcia Bennett,0.4097,1,True
40386,Ted Ludzik,0.2954,1,True
1077854,Madalena Brancatella,0.0143,1,True
204964,Paula Boudreau,0.5038,1,True
64180,Steve Whitmire,0.2602,4,True
1077855,Liam Powley-Webster,0.0535,1,True
1077856,Oliver Masuda,0.0362,1,True
31168,Kiele Sanchez,1.1825,6,True
20300,Eileen Atkins,0.6113,6,True
56365,Charlie Hunnam,2.8038,8,True
13611,Jack White,0.2636,4,True
23627,Patricia Kalember,0.7386,1,True
23628,Eriq La Salle,0.7821,6,True
4890,Brian Tarantina,0.2465,1,True
166890,Anthony Alessandro,0.4452,1,True
7134,Brent Hinkley,0.7325,1,True
85566,Doug Barron,0.0683,1,True
1555594,Jan Saint,0.1073,1,True
170948,Billie Neal,1.1241,1,True
17303,Ali Larter,3.9242,8,True
23658,Jennifer Schwalbach Smith,0.2852,1,True
19144,Shannen Doherty,1.0499,8,True
46772,Marc Blucas,1.4339,6,True
23740,Trevor Fehrman,0.1309,1,True
177165,Jake Richardson,0.2431,1,True
576173,Harley Quinn Smith,0.337,1,True
149670,Kevin Weisman,0.3602,5,True
27102,Wanda Sykes,0.5148,7,True
23678,Michael Jordan,1.247,4,True
4604,Theresa Randle,0.4784,5,True
2657652,Manner Washington,0.0851,1,True
2657653,Eric Gordon,0.0856,1,True
1219097,Penny Bae Bridges,0.2164,1,True
23681,Brandon Hammond,0.3862,1,True
23682,Larry Bird,0.4489,4,True
1211812,Charles Barkley,0.1531,4,True
1231141,Patrick Ewing,0.2303,4,True
1232432,Muggsy Bogues,0.1356,3,True
1225517,Larry Johnson,0.0701,3,True
1234833,Shawn Bradley,0.0881,3,True
1251369,Del Harris,0.0539,1,True
26996,Patricia Heaton,1.1917,8,True
23775,Eliza Bennett,0.7109,5,True
23776,Matt King,0.3229,1,True
21660,Rafi Gavron,0.6657,5,True
56475,Marnix Van Den Broeke,0.1106,1,True
25441,Steve Speirs,0.5135,1,True
983695,Mirabel O'Keefe,0.0416,1,True
2795429,Paul Baker,0.0143,1,True
1504584,John Bilezikjian,0.053,1,True
1504585,Rod D. Harbour,0.0286,1,True
42284,Sonje Fortag,0.1112,1,True
42285,Sharisse Baker-Bernard,0.111,1,True
42216,Charlotte Salt,0.542,1,True
42286,Julene Renee,0.29,1,True
23882,Amy Madigan,2.6712,6,True
23881,Timothy Busfield,0.4348,6,True
13784,Burt Lancaster,1.4425,9,True
23974,Dwier Brown,0.351,5,True
111594,James Andelin,0.2365,1,True
2800993,Mary Anne Kean,0.0,1,True
44850,Fern Persons,0.1544,1,True
944116,Kelly Coffield Park,0.2801,1,True
154295,Michael Milhoan,0.1779,1,True
152780,Charles Hoyes,0.2472,1,True
26715,Robert Klein,0.219,6,True
170348,Rae Allen,0.3154,1,True
17420,Paula Newsome,0.6071,1,True
11077,John de Lancie,0.5547,7,True
167220,Camille LaChe Smith,0.0286,1,True
202850,Imani Hakim,0.4502,1,True
107770,B.J. Novak,1.2352,8,True
14528,Yul Brynner,0.8527,9,True
24318,Richard Benjamin,0.8201,7,True
24319,Norman Bartold,0.3127,1,True
24320,Alan Oppenheimer,0.5143,1,True
24321,Victoria Shaw,0.1258,1,True
24322,Linda Gaye Scott,0.4253,1,True
24323,Steve Franken,0.2808,1,True
24324,Michael T. Mikler,0.2024,1,True
24325,Terry Wilson,0.2044,1,True
24326,Anne Randall,0.3544,1,True
2455882,Julie Marcus,0.0071,1,True
2420471,Sharyn Wynters,0.0664,1,True
154181,Anne Bellamy,0.2933,1,True
2166,Sergio Castellitto,0.6872,6,True
25133,Vincent Grass,0.164,1,True
25135,Cornell John,0.2007,1,True
25136,Ken Stott,0.9501,7,True
7370,Damián Alcázar,0.4853,1,True
25438,Ed Speleers,1.3677,6,True
25442,Joss Stone,0.4082,7,True
1312315,Christopher Egan,0.4822,6,True
25448,Caroline Chikezie,0.2872,1,True
25440,Richard Rifkin,0.1523,1,True
25443,Michael Mehlmann,0.0461,1,True
25503,Mandy Patinkin,0.5487,8,True
25504,André Roussimoff,0.2998,7,True
18266,Peter Cook,0.2678,6,True
141450,Mel Smith,0.5072,1,True
1504602,Anne Dyson,0.0616,1,True
213222,Margery Mason,0.3361,1,True
129346,Malcolm Storry,0.2978,1,True
679,Franka Potente,1.4613,8,True
32458,Gabriel Mann,0.5573,1,True
27740,Walton Goggins,2.3166,8,True
27198,Orso Maria Guerrini,0.3727,1,True
49965,Tim Dutton,0.2711,1,True
271623,Denis Braccini,0.091,1,True
153938,David Selburg,0.3204,1,True
20471,Demetri Goritsas,0.1933,1,True
146635,Thierry René,1.2008,1,True
60118,John Bedford Lloyd,0.4,1,True
166654,Ethan Sandler,0.3797,1,True
77667,Oksana Akinshina,0.8651,1,True
13737,Yevgeni Sitokhin,0.1713,1,True
25616,Edgar Ramírez,0.964,7,True
3872,Daniel Brühl,1.6225,8,True
29406,Joey Ansah,0.2371,1,True
175400,Dan Fredenburgh,0.2423,1,True
204167,Lucy Liemann,0.4712,1,True
122296,Bryan Reents,0.051,1,True
3627,Paz Vega,1.1477,7,True
9599,Cloris Leachman,1.0222,8,True
25907,Shelbie Bruce,0.2569,1,True
25908,Sarah Steele,0.4612,1,True
25909,Ian Hyland,1.2826,1,True
25910,Victoria Luna,0.0286,1,True
25911,Cecilia Suárez,0.6508,1,True
25912,Ricardo Molina,0.1116,1,True
198797,Eddy Martin,0.3608,1,True
153945,Nicole Nieth,0.2205,1,True
154331,Jamie Kaler,0.2561,1,True
178557,James Lancaster,0.2494,1,True
56457,Aimee Garcia,1.7926,7,True
91351,Sarah Hyland,1.5443,8,True
21278,Alan Alda,0.6311,9,True
77070,Gwen Stefani,0.3323,9,True
17442,Kelli Garner,0.6485,1,True
4171,Stanley DeSantis,0.1528,1,True
26466,Caroline Kava,0.8706,1,True
26467,Kyra Sedgwick,0.8823,8,True
26468,Rob Camilletti,0.3488,1,True
162003,Tony Frank,0.2417,1,True
26469,Holly Marie Combs,0.5529,8,True
48012,Jason Gedrick,1.3159,6,True
928480,Ken Osborne,1.3465,1,True
26472,Steve Guttenberg,0.8573,8,True
26473,Fisher Stevens,1.9781,7,True
27237,G.W. Bailey,0.8702,6,True
27238,Brian McNamara,0.5842,1,True
1036563,Tim Blaney,0.3207,1,True
950548,John Garber,0.1397,1,True
80599,Penny Santon,0.2474,1,True
119782,Vernon Weddle,0.0814,1,True
31391,Barbara Tarbuck,0.3229,1,True
2462333,Tom Lawrence,0.384,1,True
1769353,Fred Slyter,0.0286,1,True
95682,Billy Ray Sharkey,0.115,1,True
160343,Robert Krantz,0.4228,1,True
67773,Steve Martin,1.243,10,True
21731,Michael McKean,1.3651,7,True
27261,Olivia Burnette,0.3463,1,True
27262,Carol Bruce,0.1143,1,True
27263,Diana Douglas,0.17,1,True
13732,Richard Herd,0.4408,6,True
27264,Susan Kellermann,0.2754,1,True
108635,Susan Isaacs,0.1959,1,True
34597,Kevin McCarthy,0.5018,7,True
26490,Fiona Lewis,0.2767,1,True
26491,Vernon Wells,0.3685,6,True
37600,Wendy Schaal,0.763,6,True
27540,Harold Sylvester,0.2556,1,True
15992,William Schallert,1.062,6,True
78003,Mark L. Taylor,0.4313,1,True
26495,Jean Louisa Kelly,0.5615,6,True
27491,Elaine Bromka,0.1044,1,True
27492,Garrett M. Brown,0.3048,1,True
27493,Jay Underwood,0.524,1,True
155825,Dennis Cockrum,0.5086,1,True
218589,Joel Robinson,0.1165,1,True
3155741,Colin Baumgartner,0.0214,1,True
34612,Anna Chlumsky,1.333,7,True
8903,Dody Goodman,0.2078,1,True
27514,Shecky Greene,0.212,1,True
27515,Richard B. Shull,0.1941,1,True
27516,Bobby Di Cicco,0.2962,1,True
27517,Howard Morris,0.4676,1,True
138116,Tony DiBenedetto,0.3728,1,True
154338,Patrick Cronin,0.1013,1,True
13644,Tony Longo,0.3133,1,True
26513,Debra Winger,1.1232,8,True
20959,Louis Gossett Jr.,0.8268,8,True
18181,David Keith,0.913,6,True
27539,Lisa Blount,0.3199,1,True
83453,Victor French,0.9309,6,True
1077916,Tommy Petersen,0.044,1,True
1077917,Mara Scott-Wood,0.0634,1,True
1077918,David Greenfield,0.0143,1,True
194383,Dennis Rucker,0.2838,1,True
26652,Sergio Doré Jr.,0.0648,1,True
26653,Chase Randolph,0.0534,1,True
26654,Jeana Bell,0.0545,1,True
26655,Brittany Paige Bouck,0.1311,1,True
26656,Emilio Estefan Jr.,0.0389,1,True
1176261,LaGaylia Frazier,0.1367,1,True
1766991,Ramón González Cuevas,0.0256,1,True
2569104,Cheito Quinonez,0.0143,1,True
2569105,Tony Tatis,0.0143,1,True
23959,Debra Messing,1.1971,9,True
27552,David Eigenberg,0.9743,6,True
27554,Alan Bates,0.6558,7,True
27553,Bill Laing,0.1737,1,True
27682,Yvonne Erickson,0.0634,1,True
27551,Tom Stoviak,0.1394,1,True
27683,Scott Nunnally,0.0143,1,True
27684,Harris Mackenzie,0.0143,1,True
27685,Zachary Mott,0.1028,1,True
27686,Ann McDonough,0.1962,1,True
26717,David Haig,0.587,1,True
1571038,Jonathan Dokuchitz,0.0409,1,True
26720,Janine LaManna,0.0311,1,True
26721,Iraida Polanco,0.2211,1,True
26722,Charlotte Maier,0.2595,1,True
52947,Tim Kang,1.6407,7,True
176340,Charles Martinet,0.104,5,True
1075080,Scott Hunter McGuire,0.0538,1,True
1075081,Florentine Mocanu,0.0239,1,True
178446,Caroline Barclay,1.7437,1,True
104504,John Aprea,0.3352,1,True
51931,Harrison Young,0.4208,1,True
2958,Diana Scarwid,0.678,6,True
38425,Amber Valletta,0.6677,6,True
15012,Katharine Towne,0.7355,1,True
1066283,Victoria Bidewell,0.27,1,True
1428151,Sloane Shelton,0.4095,1,True
108074,Jennifer Tung,0.3465,1,True
27726,Don Knotts,0.4375,9,True
27725,Jane Kaczmarek,0.4723,8,True
91415,Jenny Lewis,0.4382,1,True
27727,Marissa Ribisi,0.3427,1,True
148632,McNally Sagal,0.2791,1,True
1914802,Paul Morgan Stetler,0.045,1,True
51873,Maggie Lawson,1.0474,7,True
8963,Karen Black,0.5877,7,True
18662,Erin Daniels,0.3983,1,True
27738,Chris Hardwick,0.2216,6,True
27739,Jennifer Jostyn,0.2768,1,True
27741,Robert Allen Mukes,0.1397,1,True
27742,Dennis Fimple,0.3691,1,True
555328,Jake McKinnon,0.1146,1,True
7685,Raymond Burr,0.8929,9,True
27747,Chuck Connors,0.5399,8,True
82863,John Dehner,0.8494,1,True
27748,"James A. Watson, Jr",0.1963,1,True
73337,Al White,0.0916,1,True
67949,Sonny Bono,0.2281,7,True
45378,Sandahl Bergman,1.1375,6,True
13474,Richard O'Brien,0.4613,8,True
27753,Colin Friels,0.5611,1,True
8398,John Bluthal,0.3345,1,True
27754,Mitchell Butel,0.0911,1,True
40046,Frank Gallacher,0.2068,1,True
1040112,Ritchie Singer,0.2448,1,True
1121516,Satya Gumbert,0.0828,1,True
75712,Jeanette Cronin,1.606,1,True
26851,Rei Hance,0.2982,1,True
26852,Joshua Leonard,0.4277,1,True
26853,Michael C. Williams,0.1196,1,True
3653054,Bob Griffin,0.0976,1,True
1724341,Sandra Sánchez,0.0605,1,True
3653055,Patricia DeCou,0.0837,1,True
73528,Marc Pickering,0.4787,1,True
27764,Steven Waddington,0.6599,1,True
42641,Claire Skinner,0.9795,1,True
28042,Rory Culkin,1.89,1,True
28043,Ted Sutton,0.1829,1,True
28044,Merritt Wever,1.1726,7,True
28046,Marion McCorry,0.1577,1,True
28047,Kevin Pires,0.0193,1,True
28049,Rhonda Overby,0.1052,1,True
27104,Johnny Simmons,0.7078,1,True
27103,Graham Phillips,0.6405,1,True
21007,Jonah Hill,1.7357,9,True
1211946,P.J. Byrne,0.5558,1,True
120244,Arden Myrin,0.3072,1,True
27105,Ed Helms,1.2704,9,True
46074,Rachael Harris,1.7681,1,True
53863,Simon Helberg,1.3032,9,True
57133,Paulo Costanzo,0.517,1,True
27858,Adam Trese,0.487,1,True
1498692,Lorin Heath,0.1809,1,True
1573611,Aaron Trainor,0.3459,1,True
27860,Barry Newman,0.6306,1,True
27862,Mary Gross,0.3555,1,True
153818,Christine Chatelain,0.4249,1,True
42710,Keegan Connor Tracy,1.0361,1,True
35516,Howard Hesseman,0.5563,8,True
35518,Harry Groener,0.3744,1,True
35519,Mark Venhuizen,0.0478,1,True
35520,Cheryl Hamada,0.1151,1,True
58741,Phil Reeves,0.3367,1,True
79344,James M. Connor,0.2142,1,True
1631958,Jill Anderson,0.0214,1,True
4515777,Vaughan Wenzel,0.0071,1,True
30151,Leo Burmester,0.2932,1,True
18342,Todd Graff,0.2734,1,True
948563,"Pierce Oliver Brewer, Jr.",0.1046,1,True
951985,George Robert Klek,0.0497,1,True
551894,Christopher Murphy,0.0482,1,True
14663,Dick Warlock,0.244,1,True
15442,Jimmie Ray Weeks,1.0241,1,True
97944,J. Kenneth Campbell,0.1439,1,True
29861,Jay Tavare,0.3691,1,True
69302,Litefoot,0.243,1,True
1635972,Roger Willie,0.2334,1,True
15439,Gary Farmer,0.5988,1,True
6916,Peter Jason,0.4288,1,True
21142,Gregory Itzin,0.5456,1,True
3667901,Agnes NaDene Baddoo,0.0168,1,True
3667900,Paul Fortune,0.0261,1,True
27888,Raúl Juliá,0.6263,8,True
119866,Jimmy Workman,0.3285,1,True
50400,Christopher Hart,0.1011,1,True
2436216,Kaitlyn Hooper,0.2818,1,True
2436217,Kristen Hooper,0.6157,1,True
123149,Mercedes McNab,0.4902,1,True
1888072,Darlene Levin,1.0879,1,True
55619,Lisa Arturo,0.7787,1,True
28099,Lewis Fitz-Gerald,0.2665,1,True
26054,Claudia Black,0.9372,7,True
28098,Rhiana Griffith,0.1799,1,True
1235730,John Moore,0.1258,1,True
28100,Simon Burke,0.1092,1,True
230602,Les Chantery,0.0527,1,True
1357177,Sam Sari,0.0143,1,True
56450,Firass Dirani,0.4107,1,True
1357179,Vic Wilson,0.0297,1,True
28109,Alexa Davalos,1.2889,1,True
31387,Yorick van Wageningen,0.4804,1,True
25877,Roger Cross,0.5343,1,True
118459,Mark Gibbon,0.1689,1,True
28110,Christina Cox,1.7463,1,True
172880,Nigel Vonas,0.1139,1,True
4090,Shirley MacLaine,1.3241,9,True
28634,Steve Sandvoss,0.1867,1,True
530040,Rob Lanza,0.504,1,True
2895755,Trevor Stock,0.0409,1,True
1230871,Marcia Ann Burrs,0.1085,1,True
156744,Lynn Wanlass,0.2175,1,True
167115,Mary Anne McGarry,0.1294,1,True
28412,Rebecca De Mornay,1.9762,8,True
28413,Carmen Argenziano,0.515,1,True
15044,Leila Kenzle,0.5589,1,True
28414,Matt Letscher,0.386,1,True
28415,Bret Loehr,0.1646,1,True
28778,Shirley Knight,0.6274,1,True
28779,Lupe Ontiveros,0.3367,1,True
22108,Skeet Ulrich,1.7154,8,True
161439,Bibi Osterwald,0.164,1,True
1080069,Ross Bleckner,0.0327,1,True
239061,Bernadette Balagtas,0.0988,1,True
1080070,Jaffe Cohen,0.0998,1,True
1080071,Laurie Kilpatrick,0.0214,1,True
41420,Lisa Edelstein,1.5194,8,True
35551,Julie Benz,2.4425,8,True
10776,Elizabeth Wilson,0.4721,1,True
119864,Judith Malina,0.3623,1,True
41243,Paul Benedict,0.4748,1,True
66986,John Franklin,0.3503,1,True
119867,Tony Azito,0.5275,1,True
119868,Douglas Brian Martin,0.7603,1,True
10431,Jennifer Jason Leigh,2.0883,8,True
83197,Anthony Mockus Sr.,0.0861,1,True
156598,Cedric Young,0.1175,1,True
148306,Juan Ramírez,0.506,1,True
987107,Kevin Casey,0.0762,1,True
152718,Mark Wheeler,0.3473,1,True
1376090,Richard Lexsee,0.0641,1,True
29224,Nikki Blonsky,0.4163,7,True
29220,Amanda Bynes,0.8976,8,True
29221,Brittany Snow,3.6513,8,True
29222,Zac Efron,3.0503,10,True
29223,Elijah Kelley,0.5827,6,True
29225,Tayla Parx,0.2238,1,True
26042,Jerry Stiller,0.5862,8,True
1212301,Darren Frost,0.0987,1,True
29234,Joe Anderson,0.578,1,True
29235,Lucy Cohu,0.7277,1,True
6366,Laurence Fox,0.6547,1,True
29236,Anna Maxwell Martin,0.8769,1,True
29238,Jessica Ashworth,0.2173,1,True
29239,Michael James Ford,0.2593,1,True
29240,Tom Vaughan-Lawlor,0.4214,1,True
33452,Chris McHallem,0.1735,1,True
27585,Wilhelm von Homburg,0.3462,1,True
3196077,William T. Deutschendorf,0.084,1,True
3196087,Henry J. Deutschendorf II,0.0468,1,True
29612,Jasmine Jessica Anthony,0.2954,1,True
29613,Alexandra Silber,0.1749,1,True
29615,Noah Lee Margetts,0.6052,1,True
29616,William Armstrong,0.4487,1,True
192933,Margot Leicester,0.0851,1,True
60573,Angel Oquendo,0.0286,1,True
1781739,Walter Lewis,0.1872,1,True
1781741,Holly Hayes,0.1546,1,True
101017,Johann Urb,0.4048,1,True
35863,Andrew-Lee Potts,0.3374,1,True
87841,Benny Urquidez,1.6826,1,True
3460,Gene Wilder,0.5862,9,True
29802,Marty Feldman,0.5583,7,True
29803,Madeline Kahn,0.6009,8,True
9601,Kenneth Mars,0.62,6,True
29283,Richard Haydn,0.4651,1,True
152711,Liam Dunn,0.4944,1,True
111383,Danny Goldman,0.2044,1,True
213641,Oscar Beregi Jr.,0.2769,1,True
44823,Monte Landis,0.4012,1,True
1068895,Rusty Blitz,0.0673,1,True
1068894,Anne Beesley,0.0766,1,True
18992,Aidan Quinn,1.0526,7,True
29859,Richard Briers,0.4298,1,True
23076,Robert Hardy,0.4669,1,True
20768,Cherie Lunghi,0.6295,1,True
29860,Trevyn McDowell,0.0969,1,True
195309,Mark Hadfield,0.2333,1,True
56101,Gerard Horan,0.5216,1,True
195471,Joanna Roth,0.23,1,True
938577,Alfred Bell,0.0533,1,True
14405,Courteney Cox,1.5488,10,True
31004,Tone Loc,0.2556,6,True
1223629,Dan Marino,0.115,1,True
31006,Troy Evans,0.6129,1,True
21082,Raynor Scheine,0.5021,1,True
98579,Tiny Ron,0.4275,1,True
31007,John Capodice,0.2228,1,True
116902,Judy Clayton,0.1374,1,True
16070,Bill Zuckert,0.2233,1,True
31029,Kristen Wilson,0.4417,1,True
31031,Kyla Pratt,0.7096,1,True
66896,Raven-Symoné,0.9189,8,True
31032,Steven Gilborn,0.2285,1,True
1607841,Erik Dellums,0.1536,1,True
158777,Cherie Franklin,0.2495,1,True
77075,Norm Macdonald,0.5848,7,True
40279,Jenna Elfman,1.046,8,True
8224,Alec McCowen,0.1656,1,True
37947,Lawrence Gilliard Jr.,0.4556,1,True
20243,Roger Ashton-Griffiths,0.3146,1,True
126925,Bill Barclay,1.5593,1,True
16021,Barbara Bouchet,1.0649,1,True
31712,William Converse-Roberts,0.2944,1,True
31714,Stacey Travis,0.3506,1,True
31715,Azura Skye,0.5102,1,True
31716,Peggy Miley,0.3542,1,True
2088693,Scout LaRue Willis,0.2173,5,True
2088694,Tallulah Willis,0.8806,5,True
40122,John Evans,0.0655,1,True
53601,Bobby Slayton,0.1301,1,True
31070,Ryan O'Neal,0.666,8,True
31071,Marisa Berenson,0.5028,6,True
37777,Hardy Krüger,0.5144,1,True
31720,Gay Hamilton,0.2549,1,True
31721,Marie Kean,0.1168,1,True
22703,Diana Körner,0.1878,1,True
31722,Murray Melvin,0.2055,1,True
31718,Frank Middlemass,0.2601,1,True
5020,Leon Vitali,0.2426,1,True
31719,Arthur O'Sullivan,0.9273,1,True
2279,Godfrey Quigley,0.2838,1,True
249,Leonard Rossiter,0.2301,1,True
10029,André Morell,0.3701,1,True
6719,Ray Wise,1.1533,7,True
31508,Reed Diamond,0.9522,1,True
15455,Tate Donovan,0.6443,1,True
31511,Grant Heslov,0.4097,1,True
31507,Rose Abdoo,0.4199,1,True
31514,Peter Jacobson,0.8094,1,True
31837,Dane Cook,0.6259,1,True
31838,Danielle Panabaker,1.9125,1,True
31841,Matt Schulze,0.6646,1,True
31842,Yasmine Delawari,0.0886,1,True
32224,Jason Lewis,0.7229,1,True
32225,Lindsay Crouse,0.9064,1,True
1169284,Megan Brown,0.8641,1,True
568536,Michael Cole,0.2975,1,True
1684121,Ross Francis,0.0311,1,True
51734,Kit Gwin,0.156,1,True
62076,Marcus Hester,1.0706,1,True
79079,Jamie McShane,1.091,1,True
17245,Ben McKenzie,0.8864,7,True
32202,Leah Cairns,0.46,1,True
32203,Stephen Moyer,0.7655,8,True
32204,Christopher Redman,0.2765,1,True
32205,Brendan Fletcher,1.067,1,True
62713,Tim Perez,0.1481,1,True
64674,Mike Dopud,0.3873,1,True
29369,Melanie Griffith,2.894,9,True
32493,James Lally,0.1116,1,True
32494,Robert Easton,0.4144,1,True
33457,Amy Aquino,0.9573,1,True
24048,Jeffrey Nordling,0.6712,1,True
64245,Maggie Wagner,0.1037,1,True
32362,Jon Bon Jovi,0.3901,1,True
32363,Will Estes,0.5461,1,True
233191,Terrence 'T.C.' Carson,0.4532,1,True
43902,Erik Palladino,1.493,1,True
78598,Dave Power,0.1336,1,True
1219574,Derk Cheetwood,0.0794,1,True
33286,Matthew Settle,0.6756,1,True
69503,Rebecca Tilney,0.3377,1,True
32798,Elisabeth Moss,1.8661,9,True
32799,Angela Bettis,0.4986,1,True
20469,Jillian Armenante,0.2574,1,True
32800,Drucie McDaniel,0.1869,1,True
4843204,Alison Claire,0.0071,1,True
32801,Christina Myers,0.0306,1,True
87038,Joanna Kerns,0.473,1,True
32802,Travis Fine,0.2708,1,True
32897,Nicholas Turturro,0.8336,1,True
32905,Rachel Dratch,0.5328,1,True
32907,Nick Swardson,0.9271,1,True
28906,Richard Chamberlain,1.0709,8,True
446351,Becky O'Donohue,1.1944,1,True
215772,Shelby Adamowsky,0.1747,1,True
212691,Jessie O'Donohue,0.2939,1,True
54634,Chandra West,0.6835,1,True
25879,Geoff Pierson,0.6787,1,True
52021,Frank Wood,0.1751,1,True
117885,Gattlin Griffith,0.51,1,True
85101,Michelle Gunn,0.1825,1,True
162878,Jan Devereaux,0.1837,1,True
1569711,Erica Grant,0.1422,1,True
1278393,Jim Nieb,1.3746,1,True
25702,Rhona Mitra,2.8535,7,True
21523,Ed Lauter,0.4713,1,True
33707,David Stifel,0.0909,1,True
29054,Michelle Arthur,0.2221,1,True
1571661,Troy Kotsur,0.3712,1,True
1279471,Shannon Gayle,0.0823,1,True
33239,Brawley Nolte,0.5851,1,True
33240,Nancy Ticotin,0.122,1,True
33241,Michael Gaston,0.9649,1,True
33242,Kevin Neil McCready,0.0604,1,True
33243,Allen Bernstein,0.0362,1,True
142261,Mike Hodge,1.6601,1,True
33259,Jennifer Love Hewitt,3.0187,9,True
33260,Freddie Prinze Jr.,1.6538,9,True
8256,Anne Heche,1.3531,8,True
33262,Stuart Greer,0.1421,1,True
33269,Dan Albright,0.0887,1,True
33271,Rasool J'Han,0.186,1,True
95941,J. Don Ferguson,0.4269,1,True
174125,Deborah Hobart,0.8485,1,True
215344,Mary McMillan,0.1413,1,True
2332563,Lynda Clark,0.0357,1,True
1535324,Shea Broom,0.1043,1,True
33285,Brandy Norwood,0.7815,8,True
27993,Jeffrey Combs,1.0177,7,True
2536771,Ellerine Harding,0.7507,1,True
1219523,Benjamin Brown,0.074,1,True
60508,Red West,0.3554,5,True
1886578,Michael P. Byrne,0.1852,1,True
1224374,Michael Bryan French,0.1496,1,True
100971,Dee Anne Helsel,0.0645,1,True
33321,Sam J. Jones,0.5612,6,True
33322,Melody Anderson,0.5711,5,True
27163,Ornella Muti,2.7838,7,True
22529,Peter Wyngarde,0.3097,1,True
25810,Mariangela Melato,0.1941,1,True
12690,John Hallam,0.6272,1,True
115705,Suzanne Danielle,0.1419,1,True
1214678,Bobbie Brown,0.0429,1,True
1278124,Paul Bentall,1.0411,1,True
33448,Judy Parfitt,0.5298,1,True
33451,Gabrielle Reidy,0.2089,1,True
33453,Rollo Weeks,0.7708,1,True
54275,Claire Johnston,0.4373,1,True
24498,John McEnery,0.2495,1,True
1389925,Gintare Parulyte,0.1115,1,True
33430,Jenny Wade,0.2735,1,True
4888,Lily Rabe,1.0804,8,True
33431,Eric Silver,0.1701,1,True
33432,Arija Bareikis,0.3072,1,True
37153,Zoë Kravitz,1.9472,9,True
111116,Matthew Rauch,0.7419,1,True
33395,Dearbhla Molloy,0.6464,1,True
33527,Adam Beach,1.3016,6,True
15091,Melanie Lynskey,1.3094,8,True
1219610,Myra Turley,0.1276,1,True
33528,Joseph Cross,0.5898,5,True
928572,Scott Eastwood,1.6257,7,True
34195,Jayma Mays,1.1103,8,True
35090,Billy Green Bush,0.2815,1,True
35091,Scott Grimes,1.0832,7,True
35875,Nadine Van der Velde,0.488,1,True
35092,Don Keith Opper,0.187,1,True
19260,Terrence Mann,0.2732,1,True
1529324,Jeremy Lawrence,0.0922,1,True
154821,Art Frankel,0.0634,1,True
1687945,Douglas Koth,0.0869,1,True
154041,Montrose Hagins,0.1572,1,True
103814,Roger Hampton,0.0639,1,True
3141,Marisa Tomei,2.3963,9,True
34486,Ashley Johnson,2.8363,7,True
11365,Mark Feuerstein,0.4734,6,True
34485,Lauren Holly,2.0117,8,True
34487,Delta Burke,0.3863,7,True
34490,Sarah Paulson,2.1516,9,True
86267,Ana Gasteyer,0.4244,7,True
34488,Diana Maria Riva,0.2203,1,True
34489,Eric Balfour,1.2225,6,True
34518,Matt Stone,0.4984,8,True
34519,Kristen Miller,0.8491,1,True
2702004,Chelsea Marguerite,0.0404,1,True
34520,Masasa Moyo,0.1817,1,True
31162,Daran Norris,0.6684,1,True
181234,Phil Hendrie,0.1724,1,True
204131,Jeremy Shada,0.3381,1,True
34521,Maurice LaMarche,0.7003,6,True
54813,Patrice Martinez,0.3504,1,True
10565,Dick Cavett,0.2241,6,True
128621,Robert Goulet,0.33,6,True
114604,Maree Cheatham,0.3293,1,True
154073,Carmen Filpi,0.1601,1,True
34535,Annie McEnroe,0.2337,1,True
34538,Rachel Mittelman,0.0698,1,True
1073806,Mark Ettlinger,1.6632,1,True
20906,Peter Michael Goetz,0.2942,1,True
184793,Jane Hallaren,0.1185,1,True
106247,Tom Villard,0.2831,1,True
35168,Lara Steinick,0.3202,1,True
980746,Kristian Truelsen,0.1142,1,True
1686464,David Caprita,0.0519,1,True
1507163,Jody Wilson,0.0645,1,True
73427,Ken Takakura,1.4799,5,True
34689,Yūsaku Matsuda,0.2715,1,True
34690,Shigeru Kōyama,0.7043,1,True
124221,Yuya Uchida,0.2699,1,True
553969,Guts Ishimatsu,0.3845,1,True
73428,Tomisaburō Wakayama,0.903,1,True
144419,Miyuki Ono,0.8671,1,True
171747,John Costelloe,0.1976,1,True
1454501,Bruce Katzman,0.1578,1,True
136879,Rikiya Yasuoka,1.184,1,True
21911,Shu Qi,1.6898,7,True
7693,François Berléand,0.2933,1,True
61609,Doug Rand,0.7448,1,True
1090711,Didier Saint Melin,0.1515,1,True
61623,Tonio Descanvelle,0.3914,1,True
1710010,Laurent Desponds,0.0387,1,True
2637265,Matthieu Albertini,0.0549,1,True
230078,Vincent Nemeth,0.1691,1,True
1291809,Jean-Marie Paris,0.2206,1,True
1906246,Adrian Dearnell,0.0214,1,True
1888850,Audrey Hamm,0.2821,1,True
3052,Rachel Griffiths,1.1497,8,True
31384,Jordi Mollà,0.9068,6,True
5129,Paul Reubens,0.6561,8,True
7268,Max Perlich,0.4134,1,True
34842,Tony Amendola,0.5521,6,True
34847,Emma Roberts,2.2564,9,True
34841,Dan Ferro,0.1278,1,True
34845,Lola Glaudini,1.2283,7,True
34971,Daniel Pilon,0.1382,1,True
963600,Sidney Mende-Gibson,0.0665,1,True
963601,Lucas Mende-Gibson,0.0704,1,True
963602,Kaylyn Yellowlees,0.0286,1,True
219393,Ramona Pringle,0.0671,1,True
5927,Tony Munch,0.1713,1,True
124315,Scott McCord,0.5646,1,True
104191,Wiley M. Pickett,0.264,1,True
224723,Stephen R. Hart,0.3627,1,True
78198,Tyler Hoechlin,1.3556,8,True
35022,David Darlow,0.1675,1,True
35024,Doug Spinuzza,0.1355,1,True
35025,Kurt Naebig,0.1475,1,True
35026,Duane Sharp,0.0311,1,True
1018310,Michael Sassone,0.1297,1,True
35028,Zoe Kazan,0.8132,7,True
7133,Max Casella,0.6543,6,True
186311,Christopher Fitzgerald,0.1787,1,True
1495825,Jonathan Roumie,0.921,7,True
210818,Neal Bledsoe,0.271,1,True
164094,Marin Ireland,1.7157,7,True
210824,Kristen Connolly,1.4549,7,True
4111,Ingrid Bergman,0.7115,10,True
7301,Anthony Perkins,0.8078,9,True
19162,Jean-Pierre Cassel,0.416,1,True
14061,Jacqueline Bisset,2.0599,8,True
12149,Richard Widmark,0.815,8,True
13329,Colin Blakely,0.2915,1,True
11028,George Coulouris,0.1651,1,True
15234,David Arquette,1.0276,9,True
26457,Matthew Lillard,2.477,9,True
6213,Jamie Kennedy,0.7458,8,True
51957,Roger L. Jackson,0.4372,6,True
10827,Kevin Patrick Walls,0.196,1,True
101312,David Booth,0.0404,1,True
2939426,Carla Hatley,0.0357,1,True
101313,Lawrence Hecht,0.1555,1,True
4987,Omar Epps,1.3212,8,True
84077,Duane Martin,0.2114,1,True
75465,Lewis Arquette,0.2971,1,True
59967,Rebecca Gayheart,0.5054,6,True
62010,Portia de Rossi,0.5114,8,True
36422,Luke Wilson,1.0778,8,True
35595,Scott Foley,1.0045,7,True
35598,Matt Keeslar,0.2778,1,True
35597,Jenny McCarthy-Wahlberg,0.6355,8,True
35596,Deon Richmond,0.4076,1,True
53924,Kelly Rutherford,0.4847,7,True
35654,Spencer Breslin,0.5186,6,True
10437,Lily Tomlin,0.4975,8,True
35658,Juanita Moore,0.1442,1,True
35656,Susan Dalian,0.1357,1,True
154224,Esther Scott,0.2252,1,True
160292,Deborah May,0.1887,1,True
157085,Vernee Watson-Johnson,0.7806,1,True
143204,Jan Hoag,0.3701,1,True
55536,Melissa McCarthy,1.0799,10,True
87186,Alexandra Barreto,4.6732,1,True
1213613,Jeri Ryan,3.1118,8,True
9562,Marlon Wayans,2.3231,9,True
35690,Shawn Wayans,0.7598,8,True
35705,Regina Hall,1.7379,8,True
28639,Carmen Electra,1.4049,8,True
68634,Tanja Reichert,0.4298,1,True
35689,Keenen Ivory Wayans,0.6322,7,True
76742,Marissa Jaret Winokur,0.247,6,True
61264,Dan Joffre,0.1689,1,True
35769,Christopher Masterson,0.8296,7,True
33676,Kathleen Robertson,1.1427,7,True
19149,Tori Spelling,0.4825,8,True
35768,James DeBello,0.2792,1,True
35548,Simon Rex,0.5464,1,True
55638,Kevin Hart,2.5937,10,True
1213128,Elaine Klimaszewski,0.1204,1,True
1213127,Diane Klimaszewski,0.1035,1,True
2104785,Drew Mikuska,0.3743,1,True
35800,Jianna Ballard,0.185,1,True
35806,Shaquille O'Neal,0.3848,10,False
1217327,Phil McGraw,0.2735,8,True
178860,Conchita Campbell,0.4483,1,True
117525,Beau Mirchoff,0.4855,6,True
67600,Ashley Tisdale,0.7658,9,True
558903,Gracie Whitton,0.2046,1,True
1508532,Ava Kolker,0.3571,1,True
58691,Heather Locklear,0.5919,8,True
1852993,Josh Robert Thompson,0.1683,1,True
58954,Darrell Hammond,0.2951,7,True
1167,Ángel Salazar,0.0913,1,True
1169,Pepe Serna,0.2771,4,True
1170,Michael P. Moran,0.1579,1,True
1171,Al Israel,0.1386,1,True
1172,Dennis Holahan,0.4083,1,True
12411,Manuel Padilla Jr.,1.2867,4,True
1205,Richard Gere,2.8897,10,True
1204,Julia Roberts,1.9434,10,True
1208,Ralph Bellamy,0.6704,5,True
1206,Jason Alexander,1.0369,8,True
1212,Laura San Giacomo,0.9895,5,True
1210,Héctor Elizondo,1.3026,5,True
1219,Amy Yasbeck,0.7534,4,True
1209,Elinor Donahue,0.3789,4,True
1220,Judith Baldwin,0.4664,1,True
2414049,Jason Randal,0.0517,1,True
1214024,Bill Applebaum,0.2259,1,True
2414051,Tracy Bjork,0.0975,1,True
2414055,Gary Greene,0.0256,1,True
18304,Billy Gallo,0.1461,1,True
193048,Abdul Salaam El Razzac,0.2112,1,True
11519,Larry Hankin,1.0521,4,True
303542,Kathleen Marshall,1.0846,1,True
1230,John Goodman,2.1978,10,True
1231,Julianne Moore,2.9342,10,True
1232,David Huddleston,0.5238,4,True
1233,Philip Seymour Hoffman,1.702,9,True
1234,Tara Reid,1.6044,7,True
1235,Philip Moon,0.2968,1,True
1236,Mark Pellegrino,1.2044,5,True
1237,Flea,0.6504,7,True
1238,Torsten Voges,0.4927,1,True
1239,Jimmie Dale Gilmore,0.094,3,True
1240,Jack Kehler,0.3034,4,True
1241,John Turturro,1.6069,8,True
1242,James G. Hoosier,0.0679,1,True
58565,Carlos Leon,1.0534,4,True
11207,David Thewlis,3.2218,8,True
16431,Sam Elliott,2.645,8,True
1244,Jonathan Rhys Meyers,2.0569,8,True
1245,Scarlett Johansson,7.9395,10,True
1246,Emily Mortimer,1.6952,8,True
1247,Matthew Goode,2.6603,7,True
1248,Brian Cox,1.8205,8,True
1249,Penelope Wilton,1.1626,6,True
34715,James Nesbitt,0.642,5,True
195525,Miranda Raison,0.9065,4,True
250,Margaret Tyzack,0.6157,4,True
42276,Rupert Penry-Jones,0.9688,5,True
20286,Toby Kebbell,0.8608,5,True
1250,Alexander Armstrong,0.1784,4,True
71281,Paul Kaye,0.6903,4,True
34546,Mark Gatiss,1.2802,5,True
10701,Simon Kunz,0.694,4,True
1269,Kevin Costner,2.9258,10,True
1270,Charles Martin Smith,0.7129,5,True
1271,Andy García,2.3717,8,True
1272,Richard Bradford,0.1962,4,True
1273,Jack Kehoe,0.254,4,True
1274,Brad Sullivan,0.4175,4,True
1275,Billy Drago,0.7969,4,True
1276,Patricia Clarkson,1.0455,8,True
1277,Vito D'Ambrosio,0.2147,1,True
1278,Steven Goldstein,0.0555,1,True
1279,Peter Aylward,0.2385,1,True
1280,Don Harvey,0.3352,4,True
3217,Robert Swan,0.189,1,True
1886571,John J. Walsh,0.0214,1,True
1281,Freddie Highmore,2.3748,8,True
1282,David Kelly,0.4239,4,True
1283,Helena Bonham Carter,2.1344,10,True
1284,Noah Taylor,1.2263,5,True
1294,Missi Pyle,1.0533,5,True
1292,James Fox,1.0447,5,True
1295,Deep Roy,0.4897,4,True
113,Christopher Lee,1.0157,9,True
23429,Adam Godley,0.667,4,True
1293,Franziska Troegner,0.1347,1,True
1285,AnnaSophia Robb,1.5909,7,True
1286,Julia Winter,1.6673,5,True
1290,Jordan Fry,0.6956,4,True
1291,Philip Wiegratz,2.0586,4,True
1580130,Blair Dunlop,0.103,1,True
1518112,Philip Philmar,1.1024,1,True
30320,Annette Badland,1.0504,4,True
1327,Ian McKellen,2.6164,10,True
1328,Sean Astin,1.3969,8,True
65,Ian Holm,1.48,8,True
48,Sean Bean,2.8681,9,True
1329,Billy Boyd,1.1773,5,True
1330,Dominic Monaghan,1.0533,5,True
112,Cate Blanchett,2.4266,10,True
1331,Hugo Weaving,1.3881,8,True
1333,Andy Serkis,2.4381,9,True
20982,Marton Csokas,1.9393,5,True
173370,Martyn Sanderson,1.3167,1,True
1369,Bernard Hill,1.3027,5,True
1371,David Wenham,1.1373,5,True
1370,Brad Dourif,1.3375,5,True
1372,Karl Urban,2.0411,8,True
1875893,Marisa Saks,0.1138,1,True
2570125,Dylan Morris,0.0595,1,True
2570126,Ryan Morris,0.0143,1,True
180527,Lidia Porto,0.1484,1,True
53280,Tyler Posey,1.2826,8,True
58197,Shad Moss,1.5332,7,True
74618,Katrina Bowden,1.6254,7,True
61114,Kate Walsh,1.5509,8,True
6473,Kelly Lynch,0.8939,6,True
24367,John Forsythe,0.5429,8,True
36424,LL Cool J,0.4821,9,True
36423,Tom Green,0.3702,7,True
158208,Alex Trebek,0.2148,9,True
1046465,Raliegh Wilson,0.0862,1,True
71555,Andrew Wilson,2.0262,1,True
62426,Michiko Nishiwaki,1.3691,1,True
36592,Saoirse Ronan,2.2435,9,True
71580,Benedict Cumberbatch,3.6426,10,True
17477,Harriet Walter,0.7292,1,True
71586,Alfie Allen,1.4223,8,True
51325,Jérémie Renier,0.4183,1,True
17476,Peter Wight,0.3171,1,True
185464,Tilly Vosburgh,0.3949,1,True
10882,Rosamund Pike,4.9741,9,True
36662,Carey Mulligan,1.2658,8,True
66441,Talulah Riley,1.1959,7,True
36665,Simon Woods,0.8979,1,True
36669,Rupert Friend,1.9926,7,True
17521,Kelly Reilly,4.4612,8,True
36663,Claudie Blakley,0.9801,1,True
762,Ali Suliman,0.4892,1,True
766,Ashraf Barhom,0.6905,1,True
74428,Tim McGraw,0.442,8,True
171727,Kelly AuCoin,0.2571,1,True
63279,Anna Deavere Smith,0.0971,1,True
96625,Minka Kelly,1.7407,7,True
154011,Amy Hunter,0.214,1,True
6352,Jane Fonda,0.879,10,True
15424,Michael Vartan,0.4686,7,True
36802,Elaine Stritch,0.3664,1,True
92861,Tomiko Fraser,0.1528,1,True
4381510,Rochelle Flexer,0.0286,1,True
2950176,Wayne Nickel,0.0743,1,True
36810,Tamara Hope,0.4737,1,True
33532,Stark Sands,0.1563,1,True
36811,Nick Cannon,0.5323,9,True
36812,Sarah Lafleur,0.1249,1,True
36813,Onalee Ames,0.1134,1,True
36814,Diana Salvatore,0.1766,1,True
36815,Daphne Korol,0.0519,1,True
37148,Ene Oloja,0.0618,1,True
37149,"Luis Da Silva, Jr.",0.3889,1,True
37150,Blaze Foster,0.2875,1,True
37151,Rafael Sardina,0.1133,1,True
37152,Gordon MacDonald,0.4557,1,True
37154,John Magaro,1.0136,6,True
209266,Jermel Howard,0.0905,1,True
76822,Dennis L.A. White,0.0798,1,True
37205,David Vadim,0.1919,1,True
37206,Boyd Kestner,0.1361,1,True
37204,David Warshofsky,0.3146,1,True
37207,Angel David,0.638,1,True
37296,Barbara Lukešová,0.1455,1,True
1286965,Petr Ratimec,0.0453,1,True
1286966,Anna Rust,0.6176,1,True
1286967,Jeremy Robson,0.0431,1,True
1175617,Radim Kalvoda,0.0857,1,True
1244677,Martin Hofmann,0.2559,1,True
1286968,Josef Pepa Nos,0.0404,1,True
37403,Stelio Savante,0.2905,1,True
2925372,Mike Iorio,0.0777,1,True
37405,Margaret Anne Florence,0.1936,1,True
154826,Catherine Reitman,0.7123,1,True
1519297,Tara Thompson,0.0852,1,True
1630464,Angel Sing,0.0788,1,True
112143,Mark Consuelos,0.388,7,True
2005032,Kevin Townley,0.1114,1,True
2998293,Eva Veronika,0.0214,1,True
1218225,Lawrence Feeney,0.0693,1,True
2158059,Abraham Sparrow,1.4398,1,True
15887,Julia Ormond,1.1299,7,True
11068,Karina Lombard,0.5004,6,True
37430,Gordon Tootoosis,0.456,1,True
37431,John Novak,0.3048,1,True
37432,Robert Wisden,0.2853,1,True
174943,Paul Desmond,0.0993,1,True
44208,Nigel Bennett,0.3416,1,True
4515,Treat Williams,1.1344,7,True
38337,George Hearn,0.2291,1,True
38339,Paul Ronan,0.9912,1,True
37891,Simon Jones,0.3375,1,True
38338,Ashley Acarino,0.096,1,True
1533391,Kelly Singer,0.047,1,True
73287,David Wilmot,0.5482,1,True
120006,Anthony Brophy,0.4079,1,True
37438,Rip Taylor,0.2467,1,True
37439,Pierre Epstein,0.1831,1,True
72421,Joel Brooks,0.4892,1,True
1803856,Pamela Holt,0.0712,1,True
1229725,Nicholas Georgiade,0.1978,1,True
108098,Danny Zorn,0.2116,1,True
1786577,Tommy Bush,0.1673,1,True
79736,Mariclare Costello,0.1067,1,True
37470,Adrienne King,0.1942,8,True
37469,Betsy Palmer,0.403,7,True
37473,Jeannine Taylor,0.3406,6,True
37471,Harry Crosby,0.1259,5,True
37472,Laurie Bartram,0.206,5,True
190040,Mark Nelson,0.0744,1,True
1081852,Peter Brouwer,0.1431,1,True
1011510,Robbi Morgan,0.7656,1,True
170970,Rex Everhart,0.2103,1,True
174248,Ronn Carroll,0.123,1,True
1019045,Ron Millkie,0.1765,1,True
1014310,Walt Gorney,0.5425,1,True
1205570,Willie Adams,0.0429,1,True
1205571,Debra S. Hayes,0.1299,1,True
1205572,Dorothy Kobs,0.1498,1,True
15684,Paul Schneider,0.4585,1,True
39520,Garret Dillahunt,1.3172,8,True
15675,Alison Elliott,0.5554,1,True
49835,Tom Aldredge,0.2603,1,True
39518,Brooklynn Proulx,0.4891,1,True
34918,Mark Rendall,0.6126,1,True
173555,Amber Sainsbury,0.2027,1,True
41782,Manu Bennett,0.7948,7,True
1621913,Megan Franich,0.4669,1,True
173569,Chic Littlewood,0.0827,1,True
41784,Nathaniel Lees,0.2484,1,True
41785,Joel Tobeck,0.3825,1,True
167025,Kate Elliott,0.2025,1,True
1245747,Camille Keenan,0.3511,1,True
181900,Pua Magasiva,1.274,1,True
1193195,Grant Tilly,2.716,1,True
37260,Abbie Cornish,1.7075,8,True
40311,Adrian Scarborough,0.7406,1,True
118037,Christian Brassington,0.0741,1,True
1423944,Robert Cambrinus,0.2193,1,True
59081,David Threlfall,0.5114,1,True
1188323,Vidal Sancho,0.0745,1,True
80860,Jonathan Bailey,1.4391,8,True
20234,Fanny Ardant,0.6453,1,True
37758,Éric Cantona,0.5725,1,True
37759,Kathy Burke,0.2773,1,True
22063,James Frain,0.9569,7,True
37760,Kenny Doughty,0.4829,1,True
19394,Idina Menzel,0.77,10,True
38192,Rachel Covey,0.4023,1,True
42914,Emma Rose Lima,0.1983,1,True
42915,Teala Dunn,0.3671,1,True
1279550,William Huntley,0.0453,1,True
93621,Samantha Ivers,0.2579,1,True
66443,Amara Karan,0.4441,1,True
38809,Camilla Rutherford,0.3956,1,True
1797584,A. P. Singh,0.0214,1,True
1797582,Dalpat Singh,0.0362,1,True
1797586,Trudy Mathis,0.0214,1,True
1322085,Margot Gödrös,0.0362,1,True
13475,Patricia Quinn,0.2888,1,True
37892,Judy Loe,0.3147,1,True
47525,Andrew Bicknell,0.2739,1,True
37893,Andrew MacLachlan,0.11,1,True
37894,Mark Holmes,0.0892,1,True
37895,Valerie Whittington,0.0874,1,True
37896,Jennifer Franks,0.0311,1,True
37897,Imogen Bickford-Smith,0.1261,1,True
37917,Kristen Stewart,2.6095,10,True
37042,Ann Magnuson,0.2551,1,True
15865,Ian Buchanan,0.2791,1,True
36189,Paul Schulze,0.5269,1,True
59675,Mel Rodriguez,0.3496,1,True
99022,Richard Conant,0.0311,1,True
1077957,Victor Thrash,0.0261,1,True
157707,Ken Turner,0.0256,1,True
38025,Kristin Davis,0.6922,9,True
57551,Mario Cantone,0.2301,8,True
8792,Lynn Cohen,0.2941,1,True
58722,Joseph Pupo,0.2128,1,True
58355,Alexandra Fong,0.0673,1,True
1222298,Bridget Regan,2.1358,7,True
209730,Danielle Skraastad,0.2583,1,True
2814648,Wai Chan,0.0214,1,True
163808,Alberto Vazquez,0.2414,1,True
78144,Austin Williams,0.2222,1,True
88755,Jennifer Van Dyck,0.3053,1,True
1741837,Richard Hecht,0.0338,1,True
77795,Katherine Waterston,1.3986,8,True
74537,Maggie Siff,1.4544,7,True
16700,Greg Wise,0.648,1,True
1220119,Elizabeth Spriggs,0.3431,1,True
20769,Imogen Stubbs,1.2471,1,True
937907,Emilie François,0.4202,1,True
141551,Richard Lumsden,0.183,1,True
38570,Ken Jenkins,0.745,1,True
86919,Jamie Harrold,0.3806,1,True
39185,Kevin Eldon,0.4066,1,True
39187,Olivia Colman,4.6212,9,True
24265,Bill Bailey,0.441,1,True
39188,Edward Woodward,0.6969,1,True
3075,Rory McCann,0.9548,9,True
66446,Lucy Punch,1.8197,7,True
41555,Melissa Sagemiller,0.3448,1,True
122756,Dulé Hill,0.6946,8,True
145539,Bryce Cass,0.3409,1,True
41556,Omari Hardwick,0.6513,8,True
145540,Benny Ciaramello,0.263,1,True
145541,Shelby Fenner,0.3897,1,True
145542,Peter Gail,0.0505,1,True
145543,Damon Lipari,0.1488,1,True
145544,Scott Mueller,0.0281,1,True
1221888,Travis Willingham,0.5128,7,True
59177,Michael Rady,1.1188,1,True
1108830,Roger Edwards,2.0919,1,True
38940,Evan Rachel Wood,0.9912,9,True
38941,Jim Sturgess,0.8137,7,True
38942,Dana Fuchs,0.055,1,True
38943,Martin Luther,0.0978,1,True
38944,T.V. Carpio,0.3775,1,True
38945,Spencer Liff,0.1394,1,True
2436899,Lisa Dwyer Hogg,0.1777,1,True
38947,Nicholas Lumley,0.2656,1,True
38948,Michael Ryan,0.1352,1,True
38949,Angela Mounsey,0.0379,1,True
1277506,Christopher Tierney,0.0286,1,True
1232505,Curtis Holbrook,0.0577,1,True
1905287,Ellen Hornberger,0.0457,1,True
130253,Logan Marshall-Green,1.2036,7,True
39389,Titus Welliver,2.0692,8,True
39390,Michael Kenneth Williams,0.7619,9,True
86233,Madeline O'Brien,0.0517,1,True
133067,George Carroll,0.2152,1,True
1277520,Trudi Goodman,0.0239,1,True
1232599,Matthew Maher,0.3967,1,True
1722118,Jill Quigg,0.0855,1,True
13451,Jane Morris,0.264,1,True
15109,Lisa Roberts Gillan,1.1262,1,True
1345474,Jean Schertler,1.9977,1,True
210311,Tom Hines,0.1636,1,True
16897,Sidney Poitier,0.5637,10,True
44233,Mathilda May,0.7666,6,True
167561,John Cunningham,0.2616,1,True
57093,Stephen Spinella,0.2696,1,True
41249,Tess Harper,0.587,1,True
54014,David Hayman,0.6179,1,True
41742,Ravil Isyanov,0.2955,1,True
41743,Maggie Castle,0.3756,1,True
41744,Karen Kirschenbauer,0.0662,1,True
86573,Eddie Bo Smith Jr.,1.4207,1,True
39658,Sally Hawkins,1.6576,8,True
31648,Dragan Mićanović,0.225,1,True
39682,Louis Emerick,0.1327,1,True
39659,Burn Gorman,1.3648,7,True
39728,Jackson Bond,0.9912,1,True
50463,Malin Åkerman,2.1539,8,True
39729,Eric Benjamin,0.0409,1,True
39730,Susan Floyd,0.5097,1,True
143180,Alexis Raben,0.1378,1,True
61607,Adam LeFevre,0.3598,1,True
170880,Jennifer Hall,0.3423,1,True
58528,James Urbaniak,0.3985,1,True
39995,Michael Cera,1.5688,9,True
58168,Rachelle Lefevre,1.4333,8,True
40036,Taraji P. Henson,1.4383,9,True
932967,Mahershala Ali,1.5819,10,True
58953,Faune Chambers Watkins,0.4753,1,True
230995,Donna DuPlantier,0.1701,1,True
1074186,Jacob Tolano,0.0714,1,True
60884,Earl Maddox,0.0958,1,True
231274,Ed Metzger,1.0385,1,True
1074187,Danny Vinson,0.1439,1,True
40039,Josh Stewart,1.4809,1,True
41019,Wilbur Fitzgerald,1.224,1,True
126713,Elizabeth Marvel,0.992,1,True
53573,Olek Krupa,0.7333,1,True
121939,Michael Countryman,0.141,1,True
176777,Hamilton Clancy,0.1967,1,True
1455755,Pun Bandhu,0.1297,1,True
40978,Larisa Oleynik,0.7651,1,True
40979,Andrew Keegan,0.6289,1,True
40980,Susan May Pratt,0.376,1,True
1211,Larry Miller,0.8662,1,True
24521,David Leisure,0.2143,1,True
40982,Greg Jackson,0.1018,1,True
40981,Kyle Cease,0.0661,1,True
1144823,Terence Heuston,0.0338,1,True
1435471,Cameron Fraser,0.0143,1,True
53936,Melonie Díaz,0.3536,1,True
2982130,Irv Gooch,0.0322,1,True
87292,Chandler Parker,0.0795,1,True
34111,Marcus Carl Franklin,0.1111,1,True
1234888,Blake Hightower,0.1318,1,True
210,Amir Ali Said,0.2611,1,True
40250,Paul Dinello,0.1143,1,True
1308302,Heather Lawless,0.2116,1,True
103173,Kid Creole,0.0989,1,True
59841,Matt Walsh,0.4972,1,True
210829,Karolina Wydra,6.1162,1,True
43019,Patrick Baladi,0.6692,1,True
47589,Jay Villiers,0.3699,1,True
68056,Michel Voletti,0.0718,1,True
172529,Remy Auberjonois,0.1977,1,True
59281,Steven Randazzo,0.316,1,True
187973,Nilaja Sun,0.1061,1,True
100703,Ty Jones,0.0992,1,True
1218800,Darren Pettie,1.5981,1,True
23931,Mira Sorvino,1.0025,8,True
40271,Alexander Goodwin,0.1949,1,True
3753,Giancarlo Giannini,0.6668,7,True
176594,James Costa,0.1729,1,True
1114788,Javon Barnwell,0.0214,1,True
4886,Norman Reedus,2.2197,9,True
1065282,Ho Pak-Kwong,0.318,1,True
181020,Glenn Bang,0.0741,1,True
2023597,Margaret Ma,0.0362,1,True
4627486,Warna Fisher,0.0,1,True
2230918,Alan Argue,0.0071,1,True
25541,Katherine Heigl,1.6303,9,True
41087,Leslie Mann,1.813,8,True
41088,Jason Segel,0.7514,9,True
93285,Charlyne Yi,0.6902,7,True
963429,Iris Apatow,0.5092,1,True
41090,Maude Apatow,0.5317,1,True
41091,Kristen Wiig,1.7538,9,True
83586,Ken Jeong,1.5865,9,True
64342,Craig Robinson,1.0743,8,True
76878,Kathleen Mackey,0.1433,1,True
7014,Michel Perron,0.182,1,True
1466507,Andrea Sheldon,0.0456,1,True
1476892,Anana Rydvald,0.1222,1,True
2668317,Laura Mitchell,0.2482,1,True
99185,Amy Sloan,0.4967,1,True
79623,Noel Burton,0.1154,1,True
40348,Phillip Glasser,0.2624,1,True
40349,Erica Yohn,0.246,1,True
3160,Nehemiah Persoff,0.2847,6,True
40350,Amy Green,0.0461,1,True
40351,John Finnegan,0.3456,1,True
40352,Will Ryan,0.1745,1,True
25627,Hal Smith,0.6469,1,True
35349,Pat Musick,0.198,1,True
1232101,Cathianne Blore,0.0454,1,True
64951,Neil Ross,0.6328,1,True
6844,Dom DeLuise,0.9468,8,True
40376,Lymari Nadal,0.6173,1,True
23346,Armand Assante,1.2882,7,True
74615,Nicole Ari Parker,0.6767,7,True
60021,Christopher Evan Welch,0.2299,1,True
61659,Chris Messina,0.873,7,True
588323,Julio Perillán,0.1879,1,True
1303727,Ricard Salom,0.0071,1,True
28005,Maurice Sonnenberg,0.1798,1,True
1062005,Manel Barceló,0.1234,1,True
108908,Josep Maria Domènech,0.0457,1,True
1303728,Emilio de Benito,0.0214,1,True
986521,Jaume Montané,0.105,1,True
1061977,Lloll Bertran,0.0379,1,True
19826,Joel Joan,1.8255,1,True
59254,Pablo Schreiber,1.7436,8,True
7465,Carrie Preston,1.177,7,True
41293,Marian Seldes,0.2816,1,True
41295,Leon Thomas III,0.3062,1,True
41296,Aaron Staton,0.2978,1,True
41298,Jamia Simone Nash,0.0983,1,True
47085,Ronald Guttman,0.2961,1,True
1231552,Bonnie McKee,0.1354,1,True
176797,Michael Drayer,0.3868,1,True
1781806,Jamie O'Keeffe,0.08,1,True
1222175,Becki Newton,1.2612,7,True
1269707,Robert Aberdeen,1.1857,1,True
39126,Bai Ling,0.7744,7,True
3359,Laurence Olivier,0.8758,10,True
62233,Trevor Baxter,0.4766,1,True
89635,Julian Curry,0.0896,1,True
41380,Peter Law,0.0362,1,True
1379270,Jon Rumney,0.4039,1,True
986518,Khan Bonfils,0.0689,1,True
3674798,Samta Gyatso,0.0168,1,True
1525112,Louis Hilyer,0.2477,1,True
5536,Mark Wells,0.1576,1,True
10767,Barbara Hershey,1.0776,8,True
19411,Lloyd Nolan,0.8859,7,True
41516,Maureen O'Sullivan,0.9855,8,True
15886,Julia Louis-Dreyfus,2.0805,10,True
41894,Zhang Jingchu,0.9883,7,True
145633,Noémie Lenoir,0.3476,1,True
215130,Mia Tyler,0.8051,1,True
985030,Marc Hoang,1.3723,1,True
41901,Roselyn Sánchez,2.7005,8,True
10885,Kenneth Tsang,0.6993,7,True
101012,Lisa LoCicero,0.1612,1,True
73590,Meiling Melançon,0.1312,1,True
167160,Lucy Lin,0.1392,1,True
154544,Cindy Lu,0.1151,1,True
1647092,Audrey Quock,0.0761,1,True
1346930,William Duen Wai-Lun,1.8785,1,True
112984,Hau Woon-Ling,1.0203,1,True
42200,Lennie Loftin,0.279,1,True
73589,Johnny Whitworth,0.3755,1,True
53969,Luce Rains,1.2563,1,True
42201,Rio Alexander,0.2571,1,True
42203,Pat Ricotti,0.0286,1,True
21246,Corbin Bernsen,0.9777,7,True
17345,Rockmond Dunbar,1.3588,8,True
42158,Angela Lindvall,0.2715,1,True
42159,Indio Falconer Downey,0.0465,1,True
42163,Duane Carnahan,0.0286,1,True
3209,Josh Richman,0.2442,1,True
42165,Martha Hackett,0.4477,1,True
1496388,Bill McAdams Jr.,1.944,1,True
42287,Leslie Zemeckis,0.2717,1,True
42362,Eddie Deezen,0.5045,7,True
42363,Peter Scolari,0.2807,7,True
206100,Tinashe,0.2852,1,True
2018016,Brendan King,0.0387,1,True
1080274,Andy Pellick,0.0286,1,True
2018033,Josh Eli,0.0214,1,True
2018034,Mark Mendonca,0.0286,1,True
1733417,Rolondas Hendricks,0.0286,1,True
1314372,Mark Goodman,0.0627,1,True
10988,Geraldine Somerville,0.7711,8,True
42627,James Wilby,0.5052,6,True
42626,Trent Ford,0.3782,1,True
1639,Emily Watson,1.736,9,True
20766,Richard E. Grant,2.1452,8,True
1231232,Finty Williams,1.3064,1,True
43774,Daniel Roebuck,0.9843,7,True
43772,Tom Wood,0.6372,1,True
86576,Joseph F. Kosala,0.8246,1,True
43773,Andreas Katsulas,0.3979,7,True
59399,Miguel Nino,0.1818,1,True
1522099,John Drummond,0.0468,1,True
3527178,Tony Fosco,0.0357,1,True
3527180,Joseph F. Fisher,0.0409,1,True
43775,Jane Lynch,1.0611,9,True
43859,Diane Delano,0.2992,1,True
84115,Jason Weaver,0.3694,7,True
1378072,Baadja-Lyne Odums,0.2739,1,True
1509209,Walter K. Jordan,0.1097,1,True
154189,George Anthony Bell,0.1022,1,True
17305,Greg Grunberg,0.9269,8,True
2445409,Hallie Singleton,0.0214,1,True
27811,Peter Weller,2.4375,9,True
6836,Dan O'Herlihy,0.4136,6,True
30615,Robert DoQui,0.3418,6,True
44042,Felton Perry,0.3803,1,True
44043,Jesse D. Goins,0.181,1,True
100062,Del Zamora,0.145,1,True
105312,Calvin Jung,0.2996,1,True
999522,Rick Lieberman,0.052,1,True
106768,Lee de Broux,0.2507,1,True
119232,Tom Noonan,0.6781,6,True
44055,Gabriel Damon,0.59,1,True
105988,Galyn Görg,0.23,1,True
91537,Stephen Lee,0.2335,1,True
51662,Ken Lerner,0.3137,1,True
171689,Jeff McCarthy,0.1216,1,True
172725,John Doolittle,1.0024,1,True
194418,Angie Bolling,0.202,1,True
36637,Brandon Smith,0.3825,1,True
15198,John Castle,0.468,1,True
50877,Jill Hennessy,1.0427,8,True
44058,Remy Ryan Hernandez,1.085,1,True
35244,Bruce Locke,0.2662,1,True
44050,Mario Machado,0.0675,1,True
16896,James Garner,1.286,9,True
15746,Barbara Babcock,0.6366,1,True
65717,Jon Hamm,2.3607,10,True
10881,Toby Stephens,1.3758,7,True
1590757,Anne Stedman,0.1797,1,True
106128,Karen M. Waldron,1.3381,1,True
16377,Jerry Seinfeld,0.4824,10,True
52119,Megan Mullally,1.0189,9,True
50807,Michael Richards,0.6242,9,True
15110,Brooke Shields,1.3324,9,True
42740,Christopher Atkins,0.4135,8,True
10775,William Daniels,1.0712,8,True
44843,Gus Mercurio,1.2197,1,True
136853,Elva Josephson,0.2638,1,True
136854,Glenn Kohan,0.2741,1,True
1037039,Bradley Pryce,0.0557,1,True
1296157,Chad Timmerman,0.0643,1,True
136855,Gert Jacoby,0.0214,1,True
136856,Alex Hamilton,0.0168,1,True
136857,Richard Evanson,0.0239,1,True
45124,Glen Hansard,0.2397,7,True
231753,Hugh Walsh,0.3969,1,True
231754,Gerard Hendrick,0.0168,1,True
45129,Alaistair Foley,0.0143,1,True
45130,Geoff Minogue,0.1178,1,True
45131,Bill Hodnett,0.0387,1,True
45132,Danuse Ktrestova,0.0414,1,True
143859,Darren Healy,0.356,1,True
188433,Mal Whyte,0.2105,1,True
163544,Marcella Plunkett,0.5219,1,True
2210704,Niall Cleary,0.0311,1,True
5344738,Wiltold Owski,0.0214,1,True
5344739,Krzysztos Tlotka,0.0214,1,True
5344740,Tomek Glowacki,0.0071,1,True
5344741,Attila Kouvacs,0.0306,1,True
54812,Chevy Chase,1.1752,10,True
45863,Doris Roberts,0.6401,9,True
35109,Miriam Flynn,0.4955,1,True
45864,Cody Burger,0.127,1,True
45865,Ellen Hamilton Latzen,0.1519,1,True
21282,William Hickey,0.7292,7,True
58530,Mae Questel,0.3031,6,True
36821,Nicholas Guest,0.3853,1,True
52847,Joy Bryant,0.5114,7,True
93015,Drena De Niro,1.1494,1,True
58497,T.J. Cross,0.3973,1,True
80219,James Roday Rodriguez,0.4486,8,True
66554,Kadeem Hardison,0.4164,7,True
46362,Sam Witwer,0.8653,7,True
1099080,David Jensen,0.2609,2,True
52490,Robert C. Treveiler,0.5849,1,True
31535,Melissa McBride,1.0324,9,True
46593,Emile Hirsch,1.8682,9,True
46594,Brian H. Dierker,0.0866,1,True
20258,Thure Lindhardt,0.7011,1,True
46595,Signe Egholm Olsen,0.4122,1,True
2145568,Jim Gallien,0.0286,1,True
2717172,James J. O'Neill,0.0286,1,True
2717174,Malinda McCollum,0.0143,1,True
2717178,Paul Knauls,0.0143,1,True
58225,Zach Galifianakis,2.3997,10,True
13565,Steve McQueen,0.717,10,True
15666,Victor Jory,0.3675,7,True
49356,Robert Deman,0.845,1,True
49357,Bill Mumy,0.8078,7,True
993183,Ratna Assan,0.1075,1,True
16030,William Smithers,0.23,1,True
3014,Val Avery,0.2878,1,True
14069,Vic Tayback,0.3032,8,True
140345,Mills Watson,0.3124,1,True
161405,Ron Soble,0.1346,1,True
198320,E.J. André,1.0717,1,True
12543,Eileen Ryan,0.2048,1,True
1585738,Beau Daniels,0.514,1,True
46814,Dale Dickey,0.6168,1,True
29092,Bryan Brown,0.9428,7,True
46944,Michele Lee,0.3105,7,True
19889,Bob Dishy,0.278,1,True
17273,Masi Oka,0.6615,8,True
80597,Kym Whitley,0.3129,1,True
171334,Amy Hohn,0.1553,1,True
57854,Cheryl Hines,1.0694,8,True
47056,Jake Milkovich,0.0666,1,True
47057,Ryan Milkovich,0.0445,1,True
47058,Lisa Thornhill,0.7419,1,True
54782,Mary Beth Hurt,0.2615,1,True
99839,Francine York,0.4322,1,True
168797,Ruth Williamson,0.2491,1,True
66749,John F. O'Donohue,0.1547,1,True
14406,Lisa Kudrow,1.855,10,True
47296,Jeffrey Dean Morgan,4.5581,10,True
47297,James Marsters,0.7125,9,True
47298,Nellie McKay,1.0368,1,True
47777,Anne Kent,0.0874,1,True
47778,Brian McGrath,0.4521,1,True
68763,Dean Winters,0.9054,7,True
1005147,Sherie Rene Scott,0.0256,1,True
163664,Susan Blackwell,0.1872,1,True
1376588,Roger Rathburn,0.1632,1,True
49734,Fann Wong,0.4054,1,True
49735,Aidan Gillen,2.0424,9,True
1341,Donnie Yen,4.6513,9,True
195562,Alison King,0.2848,1,True
27425,Constantine Gregory,0.3399,1,True
172790,Anna-Louise Plowman,0.593,1,True
41547,Georgina Chapman,0.2374,1,True
161030,John Owens,0.3032,1,True
211847,Daisy Beaumont,0.1973,1,True
49818,Jacqueline Obradors,1.1739,1,True
1060194,Douglas Weston,0.15,1,True
144165,Ben Bode,0.1969,1,True
76539,Derek Basco,0.1586,1,True
1215588,Priscilla Inga Taylor,0.1979,1,True
111185,Long Nguyen,0.4969,1,True
92495,John Koyama,0.3415,1,True
49820,Keith Jochim,0.1719,1,True
49821,Helen Lloyd Breed,0.8517,1,True
49822,Caroline Struzik,0.0368,1,True
1524344,Michele Sincavage,0.0289,1,True
4822476,Nicol Sincavage,0.0143,1,True
2178413,Heather Coleman,0.0261,1,True
2403966,Carolyn Ditmars,0.0143,1,True
2403965,Cynthia Ditmars,0.0071,1,True
2403968,Christine Ditmars,0.0214,1,True
49827,Michael Cerveris,0.3053,1,True
157609,Richard Coca,0.6134,1,True
1070128,Salvador Sánchez,0.5426,1,True
937447,José Carlos Rodríguez,0.2399,1,True
143331,Daniel Escobar,0.1397,1,True
92309,Sherman Augustus,0.278,1,True
47769,Ingrid Rogers,0.2609,1,True
47770,Joseph Siravo,0.1749,1,True
47771,Richard Foronjy,0.2246,1,True
47772,Jorge Porcel,0.0506,1,True
39598,Frank Minucci,0.5997,1,True
41381,Sadie Frost,0.3989,7,True
47955,Florina Kendrick,0.1791,1,True
47954,Michaela Bercu,0.1069,1,True
16097,Jay Robinson,0.2913,1,True
4257,I.M. Hobson,0.2558,1,True
162940,Laurie Franks,0.0759,1,True
564083,Tatiana von Fürstenberg,1.2955,1,True
30614,Ryan Gosling,3.5017,10,True
44185,Judith Scott,0.2992,1,True
48136,Gary Carlos Cervantes,0.3722,1,True
48138,Petrea Burchard,0.1529,1,True
1127960,Garz Chan,0.078,1,True
20186,Damian Lewis,1.1758,9,True
48462,Mikey Holekamp,0.1365,1,True
48463,Reece Thompson,0.1796,1,True
48464,Joel Palmer,0.501,1,True
33049,Giacomo Baessato,0.4062,1,True
48465,Andrew Robb,0.0555,1,True
2042854,Darrin Klimek,0.0948,1,True
941988,Shauna Kain,1.6428,1,True
56137,Scott Moutter,0.0997,1,True
62498,David Kennedy,0.1393,1,True
63362,Ned Dennehy,0.4413,1,True
1041731,Rory Keenan,0.7823,1,True
67205,Terence Maynard,2.5733,1,True
1047370,Doug Cockle,0.2748,1,True
1293209,Randall Carlton,0.0327,1,True
945121,Ben Thornton,0.1207,1,True
1597372,Malcolm Douglas,0.4812,1,True
2132187,Berts Folan,0.0071,1,True
4244,Lauryn Hill,0.1955,1,True
33613,Sheryl Lee Ralph,0.3251,1,True
38832,Thomas Gottschalk,0.1808,1,True
3732285,Ryan Toby,0.1136,1,True
182691,Ron Johnson,0.1895,1,True
174966,Devin Kamin,1.317,1,True
106791,Aida Turturro,0.7013,1,True
19151,James Eckhouse,0.3811,1,True
53570,Megan Cavanagh,0.1796,1,True
52003,Kathleen Chalfant,0.3412,1,True
105000,Merle Kennedy,0.5033,1,True
1226857,Judy Collins,0.2121,1,True
1235819,Mindy Seeger,0.0557,1,True
1379101,Antoinette Peragine,0.0589,1,True
1246316,Cassandra Wilson,0.0896,1,True
134531,Anna Gunn,1.5759,9,True
77897,Tyra Banks,0.5696,9,True
59592,Izabella Miko,0.5691,1,True
87765,LeAnn Rimes,0.2892,1,True
28472,Adam Garcia,0.6548,1,True
70304,Sarah Jane Morris,0.2642,1,True
95102,Kaitlin Olson,1.0928,8,True
1221086,Susan Yeagley,0.5071,1,True
1290425,JJ Snyder,0.1361,1,True
2126812,Jill Gettelson,0.0763,1,True
1219596,Whitney Dylan,0.0975,1,True
1225896,Melody Perkins,0.7916,1,True
78729,Nathan Lane,0.7326,9,True
4976,Eric Christmas,0.4103,1,True
168331,Debra Christofferson,0.2633,1,True
115215,Camilla Søeberg,0.1746,1,True
42324,Annabelle Gurwitch,0.1177,1,True
83109,Eric Poppick,0.1424,1,True
69415,Ernie Sabella,0.305,7,True
101755,Cliff Emmich,0.1801,1,True
1229806,Melanie MacQueen,0.0845,1,True
1361427,Christopher Lohr,0.0286,1,True
117190,Jon Sklaroff,1.3859,1,True
4585938,Marsha Horan,0.0071,1,True
61178,Alia Shawkat,1.4239,8,True
51681,Alexandra Artrip,0.8418,1,True
154698,Caprice Benedetti,0.1822,1,True
174893,Annabella Price,0.4676,1,True
2987925,Lora Anne Criswell,0.0538,1,True
43476,Chloe Webb,0.6929,1,True
79007,Martha Gehman,0.2136,1,True
50094,Ken Kirzinger,0.3839,1,True
50095,Jason Ritter,1.1015,8,True
93527,Kelly Rowland,0.4131,8,True
59238,Christopher Rodriguez Marquette,0.5464,1,True
85922,Tom Butler,0.3317,1,True
39353,Kyle Labine,0.25,1,True
26089,Garry Chalk,0.632,1,True
169469,Jesse Hutch,0.7527,1,True
89248,David Kopp,0.2314,1,True
49914,Cameron Richardson,0.8826,1,True
49915,Jesse McCartney,0.598,1,True
1080067,Allison Karman,0.1257,1,True
208332,Tiara Parker,0.6315,1,True
1080068,Kira Verrastro,0.093,1,True
49916,Veronica Alicino,0.1205,1,True
46928,Beth Riesgraf,0.7609,7,True
53260,Adriane Lenox,0.4047,1,True
159398,Don Tiffany,0.1227,1,True
2827675,Lorne Green,0.0143,1,True
1228919,Kevin Symons,0.1078,1,True
8602,Alice Braga,1.7192,8,True
49918,Charlie Tahan,0.5989,1,True
53918,Salli Richardson-Whitfield,0.6253,7,True
49920,Willow Smith,0.3169,1,True
49921,Darrell Foster,0.0987,1,True
49922,Joanna Numata,0.1653,1,True
964035,Samuel Glen,0.0505,1,True
1075145,Pedro Mojica,0.0621,1,True
996224,Alexander DiPersia,0.3557,1,True
281638,James McCauley,0.2528,1,True
1781757,Anthony C. Mazza,0.0557,1,True
52043,Stuart Pankin,0.2971,1,True
5732,Henry Jones,0.5925,1,True
51551,James Handy,0.2714,1,True
162605,Kathy Kinney,0.1561,1,True
152696,Mary Carver,0.286,1,True
76239,Garette Ratliff Henson,0.4458,1,True
1573174,Marlene Katz,0.0071,1,True
140591,Jane Marla Robbins,0.1173,1,True
52052,Jessica Simpson,0.6078,9,True
8261,Willie Nelson,0.313,10,False
28638,David Koechner,0.6061,1,True
88677,Nikki Griffin,1.4361,1,True
52050,Alice Greczyn,0.3206,1,True
44935,Lynda Carter,0.8052,9,True
56251,Kevin Heffernan,0.5075,1,True
52051,Steve Lemme,0.288,1,True
53347,Michael Roof,0.3449,1,True
29068,Ben Cross,0.7944,1,True
34720,Christopher Villiers,0.4115,1,True
52375,Valentine Pelka,0.2256,1,True
186032,Colin McCormack,0.1915,1,True
107398,Stuart Bunce,0.4943,1,True
193360,Jane Robbins,0.3065,1,True
1075038,Jean Marie Coffey,0.1098,1,True
200365,Paul Kynman,0.5516,1,True
1576853,John Blakey,0.0214,1,True
11851,Om Puri,0.4611,1,True
50347,Rachel Nichols,1.5142,1,True
203734,Wynn Everett,0.4099,1,True
169476,Jud Tylor,0.3164,1,True
42515,Cyia Batten,0.4145,1,True
81839,Mozhan Navabi,1.1835,1,True
82631,Joseph Sikora,1.0987,1,True
50464,Brian Kerwin,0.315,1,True
1214403,Maulik Pancholy,0.122,1,True
50466,David Castro,0.0822,1,True
78080,Krysten Ritter,3.2537,9,True
50465,Michael Paul,0.0889,1,True
203430,Yetta Gottesman,0.1004,1,True
993689,Erin Fogel,0.1858,1,True
550851,Bern Cohen,0.1068,1,True
1254435,Peyton List,1.2649,1,True
72994,Michael Mosley,1.0411,1,True
50774,Nancy Beatty,0.1682,1,True
50775,Doug Lennox,0.6415,1,True
50776,Joe Bostick,0.7467,1,True
50777,Liz Gordon,0.4743,1,True
178058,Karen Robinson,0.5087,1,True
53577,Maxwell McCabe-Lokos,0.1139,1,True
62674,Billy Parrott,0.3235,1,True
198521,Sally Cahill,0.1141,1,True
166481,Angela Vint,0.1796,1,True
15320,Marcel Iureș,0.3774,1,True
93225,Aleksandr Baluev,0.3675,1,True
1008309,Rene Medvešek,0.4632,1,True
81830,Gary Werntz,0.2238,1,True
36631,Randall Batinkoff,0.2995,1,True
134469,Alexander Strobele,0.0571,1,True
66101,Michael Boatman,0.3384,1,True
31504,Joan Copeland,0.1776,1,True
115874,Carlos Gómez,0.2898,1,True
4640,Dejan Aćimović,1.0651,1,True
235781,Božidar Smiljanić,1.0774,1,True
1218790,Michael Maize,0.0973,1,True
92949,Timothy V. Murphy,0.7379,1,True
126875,Alicia Coppola,0.9913,1,True
25376,Joel Gretsch,0.2653,1,True
122029,Christian Camargo,1.6879,1,True
89819,Zachary Gordon,1.1019,1,True
948173,Glenn Beck,1.1388,8,True
51297,Jonah Bobo,0.8305,1,True
51298,Dax Shepard,0.8137,1,True
51300,Derek Mears,0.4,1,True
51301,Douglas Tait,0.206,1,True
51303,Jeff Wolfe,0.2777,1,True
51329,Bradley Cooper,1.59,10,True
51330,Terry Bradshaw,0.3409,1,True
51331,Tyrel Jackson Williams,0.4839,1,True
52997,Rob Corddry,0.7,1,True
54348,Kate McGregor-Stewart,0.2563,1,True
2272780,Gretchen Cleevely,0.1343,1,True
51337,Kevin Chevalia,0.2337,1,True
1765509,Benj Thall,0.1394,1,True
76031,Veronica Lauren,0.1952,1,True
387,Kim Greist,0.6016,1,True
1152489,Gary Taylor,0.0536,1,True
51338,Anne Christianson,0.0256,1,True
51339,Ted D'Arms,0.0825,1,True
120990,Don Alder,0.1465,1,True
1242308,Ed Bernard,0.1773,1,True
99754,William Phipps,0.5727,1,True
163066,Mary Marsh,1.5976,1,True
51532,John Christopher Jones,0.2297,1,True
51533,Fran Kranz,0.4262,1,True
44735,Jesse Eisenberg,1.5912,9,True
64135,Charlie McDermott,1.0865,1,True
47458,Zakes Mokae,0.4025,1,True
52142,Susan Lee Hoffman,0.1958,1,True
53005,Bruce Jarchow,0.0815,1,True
575616,Leland Hayward III,0.6525,1,True
159947,Daniel Chodos,0.0686,1,True
3211,Dale Dye,0.3203,1,True
1182975,Kara Keough,0.4379,1,True
1202980,Kurt A. Boesen,1.3384,1,True
51544,Mare Winningham,0.608,1,True
48810,Scott Paulin,0.3924,1,True
53010,John McIntire,0.6796,1,True
53011,Mary McCusker,1.0229,1,True
203022,Linda Eve Miller,0.1049,1,True
207667,Andrew Walker,0.5526,1,True
59184,Ernie Lively,0.2706,1,True
116778,Ebbe Roe Smith,0.2054,1,True
92280,Kevin Scannell,0.1455,1,True
71530,Romany Malco,0.4962,1,True
76525,Gerry Bednob,0.1509,1,True
84898,Shelley Malil,0.0863,1,True
52852,Kat Dennings,1.8123,8,True
1254592,Jordan Masterson,0.2576,1,True
1236318,Chelsea Smith,0.6451,1,True
54695,Erica Vittina Phillips,0.4664,1,True
100867,Marika Domińczyk,0.6884,1,True
1577405,Elizabeth DeCicco,1.9819,1,True
53013,Jeremy Sheffield,0.2018,1,True
11318,Holland Taylor,0.7568,1,True
3237212,Jolyon James,0.0357,1,True
59152,C. Gerod Harris,0.0641,1,True
185400,Jay Simon,0.4434,1,True
121847,Danielle Lewis,0.7586,1,True
5412784,Lucy Bermingham,0.0071,1,True
1364637,John Sackville,0.0759,1,True
1243338,George Asprey,0.4262,1,True
51609,Gemmenne de la Peña,0.2519,1,True
51610,Judith McConnell,0.2007,1,True
51611,Chris Marrs,0.1142,1,True
1139645,Dina Facklis,0.0306,1,True
2062172,J. Nicole Brooks,0.1247,1,True
1309207,Sia A. Moody,0.1755,1,True
1651130,Guy Van Swearingen,0.085,1,True
2062195,Alexander Pine,0.072,1,True
2062201,Jennifer Bills,0.0505,1,True
12988,Paul Michael Glaser,0.6618,1,True
73456,Lorna Scott,1.1079,1,True
3415547,Paige Butcher,0.0766,1,True
3461160,Tanya Sweet,0.0071,1,True
3461161,Kristine Szabo,0.0256,1,True
966053,Lorraine Nicholson,1.0216,1,True
53023,David Gulpilil,0.4642,1,True
45210,John Jarratt,0.2443,1,True
55903,Nathin Art Butler,0.0819,1,True
1265157,John Walton,0.4458,1,True
1209256,Nigel Harbach,0.1018,1,True
108924,Arthur Dignam,0.1642,1,True
144098,Sandy Gore,0.3654,1,True
23,Bill Hunter,0.3574,1,True
77335,Ben Mendelsohn,1.4933,8,True
57609,Yuen Wah,1.7029,1,True
51682,Wes Chatham,0.4196,1,True
51683,Jake McLaughlin,0.8967,1,True
51684,Mehcad Brooks,0.502,1,True
96553,Greg Serano,0.2618,1,True
51732,Rodger Boyce,0.405,1,True
51733,Ana Reeder,0.2415,1,True
51735,Zach Hopkins,0.0297,1,True
2026754,Chip Love,0.0362,1,True
109098,Eduardo Antonio Garcia,0.1242,1,True
572541,Caleb Landry Jones,1.133,1,True
168246,Donald Li,0.1118,1,True
238896,Carter Huang Chia-Ta,1.1654,1,True
97695,Peter Kwong,0.2382,1,True
53024,James Pax,0.3373,1,True
943369,Suzee Pai,0.3459,1,True
995587,Chao-Li Chi,0.1624,1,True
159078,Rummel Mor,0.0619,1,True
95190,Craig Ng,0.1253,1,True
156015,June Kyoto Lu,0.2157,1,True
51962,Bill Cosby,0.356,10,True
53122,Fran Drescher,0.7517,9,True
53123,Adam Zolotin,0.7792,1,True
28035,Irwin Corey,0.3223,1,True
59017,Jurnee Smollett,1.0695,1,True
1509841,Ashlee Lauren,0.0801,1,True
533016,Mario Yedidia,0.1403,1,True
112081,Todd Bosley,0.6253,1,True
134712,Seth Smith,1.2609,1,True
568531,Allan Rich,0.2327,1,True
96892,Shuler Hensley,0.2602,1,True
3623,Elena Anaya,1.7533,1,True
54500,Will Kemp,0.32,1,True
141492,Silvia Colloca,0.3607,1,True
74651,Josie Maran,0.297,1,True
544240,Dana Morávková,0.2092,1,True
51988,Lizzy Caplan,1.5411,8,True
51989,Jessica Lucas,0.8887,1,True
51990,T.J. Miller,1.1941,8,True
51991,Michael Stahl-David,0.4089,1,True
51993,Anjul Nigam,0.1822,1,True
51994,Margot Farley,0.1708,1,True
51995,Theo Rossi,1.4356,7,True
51996,Brian Klugman,0.3082,1,True
51997,Kelvin Yu,0.3387,1,True
51998,Liza Lapira,1.1225,1,True
51999,Lili Mirojnick,0.2622,1,True
78431,Ben Feldman,1.0366,1,True
209670,Elena Nikitina Bick,0.1838,1,True
1205127,Vakisha Coleman,0.0214,1,True
17486,Alison Pill,0.6855,1,True
52018,Britt Robertson,2.4855,1,True
52019,Marlene Lawston,0.8198,1,True
52020,Norbert Leo Butz,0.2021,1,True
14984,Jessica Hecht,1.9371,1,True
1559127,Henry Priest Miller,0.0322,1,True
4088497,Ella Miller,0.0214,1,True
1107800,CJ Adams,0.2016,1,True
357551,Amy Landecker,1.9172,1,True
52037,Robert Ri'chard,0.5476,1,True
74307,Nana Gbewonyo,0.1596,1,True
93602,Antwon Tanner,0.4743,1,True
38673,Channing Tatum,3.032,10,True
57172,Ashanti,0.2719,9,True
53185,Texas Battle,0.5604,1,True
168897,Lacey Beeman,0.7762,1,True
159913,Allison Kyler,0.1649,1,True
210815,Cindy Chiu,0.1593,1,True
131724,Adrienne Bailon-Houghton,0.5609,1,True
39556,Dana Davis,0.574,1,True
155625,Sonya Eddy,0.1952,1,True
53198,James Carpinello,0.3359,1,True
1215657,A. Russell Andrews,0.174,1,True
82415,John Pinette,0.0996,1,True
53199,Mark Collie,0.1468,1,True
53200,Marcus Johns,0.4264,1,True
1223998,Omar Avila,0.0897,1,True
582656,Russell Durham Comegys,0.1359,1,True
68109,Sheila Kelley,0.5173,1,True
72864,Tim Kelleher,0.8715,1,True
151479,Bill Saito,0.206,1,True
1226471,Tim Maculan,0.1426,1,True
19491,Stoney Westmoreland,0.5257,1,True
3272577,Lynn Ann Leveridge,0.0261,1,True
52262,Sean Maguire,0.5025,1,True
51965,Kevin Sorbo,1.2265,8,True
198150,Ike Barinholtz,0.75,1,True
78263,Lauren Walsh,0.1809,1,True
1230868,Tiffany Haddish,0.468,1,True
74290,Travis Van Winkle,0.6965,1,True
205267,Jareb Dauplaise,0.1721,1,True
56853,Phil Morris,0.4766,1,True
211662,Nicole Parker,0.2272,1,True
58957,Crista Flanagan,0.1771,1,True
205263,Hunter Clary,0.3715,1,True
1582853,Cheryl Klein,0.0261,1,True
22127,Christina Kirk,0.2061,1,True
20162,Natasha Richardson,1.3757,1,True
1411183,Marissa Matrone,0.3635,1,True
78190,Chris Eigeman,0.2724,1,True
170918,Priscilla Lopez,0.2487,1,True
121757,Maddie Corman,0.2117,1,True
176695,Sharon Wilkins,0.3012,1,True
1232500,Jayne Houdyshell,0.1742,1,True
169264,Marilyn Torres,0.2324,1,True
7039,Bruce Ramsay,0.2306,1,True
147119,Vincent Spano,0.2788,1,True
52420,John Newton,0.2919,1,True
54711,Kevin Breznahan,0.3286,1,True
172496,Sam Behrens,0.2734,1,True
52421,Christian J. Meoli,0.0864,1,True
1872737,Jake Carpenter,0.0722,1,True
52422,Michael DeLorenzo,0.4177,1,True
155282,David Cubitt,0.3003,1,True
27578,Elliot Page,1.7657,9,True
52442,Olivia Thirlby,1.3834,8,True
52457,Eileen Pedde,0.3658,1,True
52458,Daniel Clark,0.2791,1,True
1369082,Darla Fay,0.1029,1,True
85616,Aman Johal,0.0675,1,True
82791,Valerie Tian,0.7193,1,True
64914,Emily Perkins,0.3591,1,True
1093538,Kaaren de Zilva,0.1447,1,True
230868,Steven Christopher Parker,0.3181,1,True
209723,Eve Harlow,1.2999,1,True
1582007,Ashley Whillans,1.8679,1,True
6721,Piper Laurie,0.5026,1,True
45415,William Katt,0.5138,1,True
52462,Betty Buckley,0.418,1,True
11793,Priscilla Pointer,0.3409,1,True
52463,Stefan Gierasch,0.3301,1,True
52464,Doug Cox,0.1812,1,True
52465,Harry Gold,0.051,1,True
52466,Noelle North,0.1231,1,True
52467,Cindy Daly,0.3615,1,True
52564,Dillon Freasier,0.3415,1,True
52565,Hope Elizabeth Reeves,0.1083,1,True
1461,George Clooney,1.8959,10,True
1462,Tim Blake Nelson,1.2566,5,True
18686,Holly Hunter,1.5949,8,True
1465,Chris Thomas King,0.1685,4,True
1466,Charles Durning,11.1493,5,True
1467,Del Pentecost,0.5079,1,True
1010,Michael Badalucco,0.3276,4,True
1468,J.R. Horne,0.1349,1,True
1469,Brian Reddy,0.4963,1,True
1470,Wayne Duvall,0.286,4,True
1471,Ed Gale,0.3298,3,True
1472,Ray McKinnon,0.7752,4,True
1473,Daniel von Bargen,0.4722,4,True
22251,Royce D. Applegate,0.4223,1,True
16459,John McConnell,1.0192,4,True
1532,Bill Murray,1.2205,10,True
1533,Andie MacDowell,2.1026,8,True
1534,Chris Elliott,1.2409,5,True
1535,Brian Doyle-Murray,0.7854,5,True
1536,Marita Geraghty,0.5171,1,True
1537,Angela Paton,0.3525,4,True
1538,Rick Ducommun,1.013,4,True
1539,Rick Overton,0.2672,4,True
1540,Robin Duke,0.2016,1,True
1541,Carol Bivins,0.0429,1,True
1542,Willie Garson,0.6752,5,True
1318541,Les Podewell,0.0978,1,True
1674112,Rod Sell,0.0609,1,True
86571,Tom Milanovich,0.4143,1,True
1810,Heath Ledger,2.231,9,True
1812,Michelle Williams,1.6304,9,True
1813,Anne Hathaway,4.3197,10,True
1811,Randy Quaid,0.9385,5,True
1817,Linda Cardellini,2.9463,7,True
1772,Anna Faris,2.5322,7,True
10362,Roberta Maxwell,0.4458,4,True
51072,Kate Mara,2.7718,7,True
19489,Peter McRobbie,0.3495,4,True
6110,Graham Beckel,0.5486,4,True
2022523,Mary Liboiron,0.0286,1,True
65728,Scott Michael Campbell,0.6739,4,True
1816,Marty Antonini,0.5691,1,True
1081513,David Trimble,0.1483,1,True
1815,Valerie Planche,1.8189,1,True
1733,Nick Nolte,1.5049,8,True
1734,Annette O'Toole,1.9108,5,True
1735,Frank McRae,0.5012,4,True
1736,James Remar,2.3146,5,True
1737,David Patrick Kelly,0.7452,4,True
1216889,Kerry Sherman,0.2992,1,True
1740,Tara King,0.2267,1,True
1741,Greta Blackburn,0.2716,1,True
1742,Margot Rose,0.1596,1,True
1743,Denise Crosby,0.7568,4,True
154141,Olivia Brown,0.3344,1,True
2277,Loyd Catlett,1.2643,1,True
1748,William Shatner,1.3931,10,True
1749,Leonard Nimoy,1.1255,10,True
1750,DeForest Kelley,0.5522,7,True
1751,James Doohan,0.3554,7,True
1752,George Takei,0.8135,8,True
1754,Walter Koenig,0.3991,5,True
1753,Nichelle Nichols,0.4977,7,True
1756,Stephen Collins,0.578,5,True
1757,Persis Khambatta,0.2105,4,True
1755,Majel Barrett,0.6727,4,True
1759,Grace Lee Whitney,0.4308,4,True
1820,Mark Lenard,0.3337,4,True
44054,Roger Aaron Brown,0.218,4,True
178145,Gary Faga,0.0143,1,True
72658,Franklyn Seales,0.1844,1,True
1771,Giovanni Ribisi,2.189,8,True
1770,Akiko Takeshita,0.0991,1,True
1773,Kazuyoshi Minamimagoe,0.0585,1,True
1774,Kazuko Shibata,0.0609,1,True
1775,Take,0.0835,1,True
2510694,Ryuichiro Baba,0.0704,1,True
5399776,Akira Yamaguchi,0.0214,1,True
75491,Catherine Lambert,1.1742,4,True
2510695,François du Bois,0.0143,1,True
2510696,Tim Leffman,0.0168,1,True
496263,Gregory Pekar,0.0474,1,True
2189465,Richard Allen,0.0362,1,True
1037398,Diamond Yukai,0.5823,1,True
237167,Akiko Monou,1.0999,1,True
1793,Ricardo Montalban,1.2685,7,True
1794,Bibi Besch,0.2689,4,True
1795,Merritt Butrick,0.3464,4,True
1796,Kirstie Alley,1.1198,7,True
104054,Judson Scott,0.1749,1,True
87066,Ike Eisenmann,0.3057,4,True
104505,John Vargas,0.1263,1,True
1214565,John Winston,0.1836,1,True
133573,Joel Marston,2.2986,1,True
3894,Christian Bale,2.5208,10,True
6383,Aaron Eckhart,1.8651,8,True
3895,Michael Caine,3.4183,10,True
1579,Maggie Gyllenhaal,1.474,8,True
64,Gary Oldman,11.6188,10,True
53651,Monique Gabriela Curnen,0.8237,4,True
52566,Colleen Foy,0.2301,1,True
53668,David Willis,0.2008,1,True
53669,Hans Howes,0.1805,1,True
53670,Sydney McCallister,0.0714,1,True
30697,Jim Meskimen,0.3576,1,True
1505845,Erica Sullivan,0.4942,1,True
164652,Randall Carver,0.2218,1,True
52601,Sean Hayes,0.5992,9,True
52603,Alfonso Freeman,0.8253,1,True
86175,Dawn Lewis,0.4198,1,True
52602,Rob Morrow,0.6105,1,True
1073870,Brian Copeland,0.1963,1,True
47669,Rowena King,0.4885,1,True
1073868,Annton Berry Jr.,0.0704,1,True
1073869,Destiny Brownridge,0.0264,1,True
167225,Verda Bridges,0.0788,1,True
123813,Ian Anthony Dale,0.9362,1,True
1073871,Jennifer Defrancisco,0.0679,1,True
200128,Angela Gardner,0.0571,1,True
114674,Glynn Turman,0.6469,1,True
669820,Jude Akuwudike,0.1624,1,True
109383,Clint Dyer,0.1671,1,True
1721112,Paulin Fodouop,0.0718,1,True
58431,Abdul Salis,0.4443,1,True
2104778,Tosin Sanyalo,0.0286,1,True
29459,Patrick Bergin,0.5807,1,True
51805,Kevin Anderson,0.2162,1,True
53302,Elizabeth Lawrence,0.4728,1,True
40258,Kyle Secor,0.486,1,True
53303,Tony Abatemarco,0.1128,1,True
104291,Claudette Nevins,0.1921,1,True
1219367,Harley Venton,0.0788,1,True
1168438,Sandi Shackelford,0.0629,1,True
218605,Bonnie Johnson,0.6152,1,True
1168439,Graham Harrington,0.0214,1,True
125910,John Ward,0.0928,1,True
1168440,Sharon J. Robinson,0.0286,1,True
53328,Julia Sawalha,0.6454,1,True
34902,Jane Horrocks,0.5615,1,True
1074137,Lynn Ferguson,0.3603,1,True
20241,Tony Haygarth,0.3366,1,True
84927,Benjamin Whitrow,0.3816,1,True
65301,Phil Daniels,0.613,1,True
967376,Taylor Geare,0.3606,1,True
115730,Patrick John Flueger,0.9361,1,True
167862,Omid Abtahi,0.5848,1,True
103330,Navid Negahban,0.3238,1,True
105786,Arron Shiver,0.1036,1,True
1117439,Ray Prewitt,0.0457,1,True
1736793,Rebekah Wiggins,0.1425,1,True
53336,Brandon T. Jackson,0.4368,1,True
1115122,Brandon Soo Hoo,0.6205,1,True
62862,Danny McBride,1.2915,8,True
22075,Reggie Lee,0.9894,1,True
61835,Trieu Tran,0.223,1,True
57690,Jim Breuer,0.2428,1,True
3815128,Thomas A. Chantler,0.0071,1,True
3815113,Elaine A. Clark,0.0214,1,True
1812735,Roy Conrad,0.0256,1,True
1748802,Leslie Hedger,0.0214,1,True
78619,David L. Lander,0.2587,1,True
2341,Richy Müller,0.2601,1,True
39849,Werner Daehn,0.764,1,True
60705,Thomas Ian Griffith,0.5264,1,True
230176,Eve,0.3808,9,True
65240,Leila Arcieri,0.5676,1,True
1515688,Paul Landers,1.9914,1,True
1088668,Oliver Riedel,1.4399,1,True
1221007,Su Elliot,0.3356,1,True
53352,Dominique Jackson,0.1023,1,True
71070,Amanda Seyfried,4.0001,9,True
52647,Shawn Hatosy,1.2729,1,True
52645,Fernando Vargas,0.0664,1,True
52646,Vincent Kartheiser,0.8179,8,True
52648,Alex Solowitz,0.1225,1,True
52649,Alec Vigil,0.0362,1,True
52650,Frank Cassavetes,0.0879,1,True
2234762,Nicole Dubos,0.0557,1,True
52652,Regina Rice,0.0393,1,True
52653,Laura Nativo,0.0973,1,True
55085,Amber Heard,2.3756,9,True
59315,Olivia Wilde,1.4403,8,True
83701,Alex Kingston,1.059,8,True
28657,Matthew Fox,0.949,9,True
11953,Benno Fürmann,0.3364,1,True
112013,Rain,0.6317,8,True
19860,Karl Yune,0.2185,1,True
1611576,Paulie Litt,0.1893,1,True
93111,Kick Gurry,0.2464,1,True
42642,John Benfield,0.2865,1,True
114034,Christian Oliver,0.3068,1,True
53368,Scott Porter,1.1567,1,True
17093,Eduardo Noriega,0.489,1,True
24200,Leonardo Nam,0.4985,1,True
224507,Dolores Heredia,0.3439,1,True
52697,Georgia Engel,0.373,1,True
52698,Nika Futterman,0.489,1,True
52699,Danny Mann,0.3259,1,True
76136,Levon Helm,0.2768,1,True
52703,A.C. Peterson,0.5115,1,True
52704,Lane Garrison,0.485,1,True
77039,Michael St. John Smith,0.2286,1,True
62064,Chris Pine,2.9677,9,True
72208,Alicia Keys,0.4628,9,True
75620,Davenia McFadden,0.4297,1,True
52865,Garry Shandling,0.234,8,True
52866,Avril Lavigne,0.786,9,True
52867,Sami Kirkpatrick,0.0193,1,True
52868,Shane Baumel,0.1416,1,True
52869,Madison Davenport,0.9624,1,True
52878,Lisa Banes,0.3615,1,True
157459,Ellen Foley,0.3796,1,True
176337,Robert Donley,0.1419,1,True
1961092,Andrea Doven,0.06,1,True
1961101,John Graham,0.0071,1,True
52851,Paula Patton,1.3054,8,True
33655,Erika Alexander,0.6757,1,True
16427,Enrique Castillo,0.2154,1,True
52926,Mark Phinney,0.068,1,True
52924,Rich Hutchman,0.1384,1,True
53928,Shondrella Avery,0.3532,1,True
52929,Angie Harmon,1.5676,8,True
52931,Aaron Michael Drozin,0.2514,1,True
52932,Gloria Garayua,0.205,1,True
52933,Timm Sharp,0.2298,1,True
1868278,Gian Franco Tordi,0.1012,1,True
61983,Jason Marsden,1.0041,1,True
12793,Matthew Marsden,0.5908,1,True
95047,Graham McTavish,0.68,1,True
52946,Reynaldo Gallegos,0.5901,1,True
52409,Jake La Botz,0.0944,1,True
1816649,Maung Maung Khin,0.2714,1,True
97551,Cameron Pearson,0.0453,1,True
1085469,Thomas Peterson,0.0214,1,True
1296116,Tony Skarberg,0.0617,1,True
76489,James With,0.4572,1,True
1296117,Kasikorn Niyompattana,0.0286,1,True
1296118,Shaliew 'Lek' Bamrungbun,0.0143,1,True
134726,Suppakorn Kitsuwan,0.5424,1,True
57192,Spencer Locke,0.8169,1,True
57251,Linden Ashby,0.8072,1,True
183812,Jason O'Mara,0.8034,1,True
59264,Joe Hursley,0.6704,1,True
62564,Madeline Carroll,1.2263,1,True
95044,Valorie Hubbard,0.1143,1,True
54815,Steven Strait,1.03,1,True
54805,Nathanael Baring,0.1763,1,True
54806,Mo Zinal,0.1112,1,True
54807,Affif Ben Badra,0.5359,1,True
54808,Mona Hammond,0.1704,1,True
54809,Marco Khan,0.2089,1,True
54810,Reece Ritchie,0.9345,1,True
54811,Joel Fry,1.2843,1,True
143647,Joel Virgel,0.0824,1,True
964350,Kristian Beazley,0.0379,1,True
964351,Junior Oliphant,0.1023,1,True
1080044,Louise Tu'u,0.0552,1,True
1080045,Jacob Renton,0.0872,1,True
53441,Aleksa Palladino,0.2525,1,True
53448,Sarah Livingston,0.0992,1,True
53453,Blaine Horton,0.0536,1,True
21154,Lee Wilkof,0.1437,1,True
53454,Damon Gupton,0.3727,1,True
400,Geraldine Chaplin,2.0318,8,True
119684,Cristina Contes,0.2823,1,True
117654,David Sterne,0.3322,1,True
119687,Simon Merrells,0.2176,1,True
77996,Asa Butterfield,2.146,8,True
84268,Olga Fedori,0.0852,1,True
82150,Lorraine Hilton,0.1888,1,True
53483,Ahmad Khan Mahmoodzada,0.1048,1,True
53481,Atossa Leoni,0.0729,1,True
53480,Khalid Abdalla,0.1066,1,True
1010819,Elham Ehsas,0.1862,1,True
117528,Homayoun Ershadi,0.2021,1,True
1349338,Mustafa Haidari,0.1796,1,True
53482,Zekeria Ebrahimi,0.0613,1,True
1121950,Ali Danish Bakhty Ari,0.0214,1,True
1349329,Nabi Tanha,0.0526,1,True
1349331,Bahram Ehsas,0.0261,1,True
1349333,Tamim Nawabi,0.0261,1,True
1349335,Mohamad Nabi Attai,0.0261,1,True
1349327,Mir Mahmood Shah Hashimi,0.0404,1,True
1349337,Mohamad Nadir Sarwari,0.0143,1,True
53486,Carolyn Dando,0.206,1,True
1128255,Christian Ashdale,0.1522,1,True
63676,Nikki SooHoo,0.2622,1,True
105727,Jake Abel,0.4122,1,True
113926,AJ Michalka,0.4188,1,True
155081,Stink Fisher,0.2506,1,True
2247148,Evelyn Lennon,0.0988,1,True
1190554,Catherine Corcoran,1.7481,1,True
28743,John Lynch,0.8679,1,True
53515,Beatie Edney,0.8557,1,True
76109,Marie Jones,0.0281,1,True
53516,Mark Sheppard,0.5698,1,True
160964,Don Baker,0.0412,1,True
1496762,Aiden Grennell,1.3919,1,True
33401,Bosco Hogan,1.0707,1,True
53517,Nigel Havers,0.4812,1,True
53518,Christina Greatrex,0.2952,1,True
26259,Michael Feast,0.2425,1,True
47723,Ronni Ancona,0.3144,1,True
53519,Lenny Henry,0.4461,1,True
59919,Russell Brand,0.7057,9,True
1575424,James Howard,0.0987,1,True
29709,Mark Blankfield,0.3354,1,True
41125,Eric Allan Kramer,0.9904,1,True
53571,Matthew Porretta,0.1404,1,True
30364,Tracey Ullman,0.582,8,True
86151,Vladimir Mashkov,0.6666,1,True
137336,Marko Igonda,0.782,1,True
53572,Charles Malik Whitfield,0.4867,1,True
61855,Eyal Podell,0.2464,1,True
22462,Joaquim de Almeida,0.8664,1,True
1609757,Kamil Kollárik,0.1376,1,True
169920,Leon Russom,0.4854,1,True
1323218,Aernout Van Lynden,0.0071,1,True
3145487,Salaudin Bilal,0.0214,1,True
65141,Laurence Mason,0.5583,1,True
38559,Christopher Lambert,1.8896,8,True
29021,Roxanne Hart,0.7976,1,True
53584,Alan North,0.3227,1,True
4253,Jon Polito,0.7804,1,True
53585,Sheila Gish,0.3659,1,True
53587,Peter Diamond,0.1736,1,True
53588,Billy Hartman,0.9107,1,True
47808,Christopher Malcolm,0.1785,1,True
1205650,Ian Reddington,0.2105,1,True
1470179,Alistair Findlay,0.0744,1,True
53600,Renee Props,0.0995,1,True
53602,Linda Hart,0.5814,1,True
73931,Bette Midler,0.5132,9,True
25884,Mary Lynn Rajskub,0.9442,8,True
53684,Robert Smigel,0.3666,7,True
554026,David Schrempf,0.1453,1,True
554027,Seann Conway,0.0143,1,True
54428,Rico Bueno,0.1675,1,True
554028,Hazel Mailloux,0.0362,1,True
162609,Karen Kilgariff,0.15,1,True
149800,Julie Hermelin,0.0193,1,True
554029,Salvador Curiel,0.0071,1,True
554030,Jorge Barahona,0.0071,1,True
53688,Lily Cole,0.3434,7,True
1366510,Fraser Aitcheson,0.3776,1,True
158498,Bart Anderson,0.2293,1,True
1887186,Patrick Bahrich,0.2979,1,True
208146,Michael Bean,0.2703,1,True
77638,Mark Benton,0.465,1,True
189921,Moya Brady,0.3837,1,True
159575,Lisa Bunting,0.1086,1,True
1011904,Gwendoline Christie,2.6263,8,True
111924,Ryan Grantham,2.6992,1,True
5847,David Kross,0.5604,1,True
2310,Bruno Ganz,0.6082,1,True
49018,Jeanette Hain,0.8232,1,True
16783,Hannah Herzsprung,0.2366,1,True
23182,Volker Bruch,0.5633,1,True
5644,Alexandra Maria Lara,1.1136,1,True
17543,Fabian Busch,0.1854,1,True
45811,Vijessna Ferkic,0.216,1,True
19123,Susanne Lothar,0.189,1,True
3934,Burghart Klaußner,0.1686,1,True
41965,Sylvester Groth,0.5378,1,True
1071317,Moritz Grove,1.9523,1,True
54247,Aaron Yoo,0.4549,1,True
54414,Jacob Pitts,0.5155,1,True
54415,Josh Gad,1.3649,9,True
54416,Sam Golzari,0.1323,1,True
77023,Jack Gilpin,0.4855,1,True
54477,Ben Campbell,0.0286,1,True
2942661,Donna Lows,0.0214,1,True
2942662,Butch Williams,0.0071,1,True
2942663,Steven Richard Vezina,0.0071,1,True
53764,Angel Aviles,0.1885,1,True
53765,Abraham Verduzco,0.1657,1,True
53766,Albert Michel Jr.,0.1193,1,True
6897,David Alvarado,0.1447,1,True
4666,Angela Lanza,0.1709,1,True
100260,Mike Moroff,0.4369,1,True
47654,Paul McGann,0.4852,7,True
53916,Ralph Brown,0.49,1,True
53917,Danny Webb,0.7901,1,True
8399,Christopher Fairbank,0.6657,1,True
145536,Leon Herbert,0.5881,1,True
24595,Vincenzo Nicoli,0.1999,1,True
145532,Paul Brennen,0.2179,1,True
2413,Dominique Pinon,0.4235,1,True
40276,Gary Dourdan,1.1165,8,True
170146,Kim Flowers,0.3616,1,True
2221,Leland Orser,0.6888,1,True
1558116,Carolyn Campbell,0.0907,1,True
1398983,Marlene Bush,0.0998,1,True
1598,David St. James,0.1753,1,True
2826580,Rodney Mitchell,0.0286,1,True
53926,Jon Heder,0.6485,8,True
53930,Tina Majorino,1.687,1,True
53927,Aaron Ruell,0.7289,1,True
53929,Haylie Duff,0.4526,1,True
53933,Emily Kennard Dunn,0.2174,1,True
53931,Sandy Martin,0.1493,1,True
4003060,Carmen Brady,0.0168,1,True
53932,Trevor Snarr,0.286,1,True
53934,Ellen Dubin,0.2976,1,True
1613043,Samantha Marsden,0.0214,1,True
5501820,J.C. Cunningham,0.0,1,True
5501821,James Smooth,0.0071,1,True
33658,Skipp Sudduth,0.2993,1,True
20285,Féodor Atkine,0.3102,1,True
53955,Katarina Witt,0.2063,8,True
20115,Amidou,0.316,1,True
32948,Bernard Bloch,0.1377,1,True
37189,Léopoldine Serre,0.1753,1,True
54024,Nikolai Kinski,0.4655,5,True
1120509,Aoibheann O'Hara,0.0811,1,True
43170,Thomas Huber,0.0832,1,True
1120510,Weijian Liu,0.0578,1,True
238265,Maverick Quek,0.1832,1,True
1856,Ralph Herforth,0.2298,1,True
33397,Sarah Bolger,1.3579,1,True
23709,Joan Plowright,0.3907,7,True
37041,Andrew McCarthy,1.2464,8,True
8712,Jordy Benattar,0.2836,1,True
2167971,Lise Durocher-Viens,0.0805,1,True
8321,Tod Fennell,0.177,1,True
1122326,Mariah Inger,0.4858,1,True
72048,Kyle Switzer,0.0907,1,True
62821,Tyler Patrick Jones,0.2456,1,True
54159,Myra Carter,0.1856,1,True
26930,Amy Morton,0.4387,1,True
26919,Jenny Powell,0.1516,1,True
156395,Anne Gee Byrd,0.1997,1,True
2315424,Luis Oropeza,0.0431,1,True
1007,Don Creech,0.2633,1,True
154207,Kiva Dawson,1.0642,1,True
52783,Rachel Bilson,3.5632,9,True
41883,Max Thieriot,1.2557,1,True
115729,Teddy Dunn,0.4391,1,True
1184028,Michael Winther,0.0978,1,True
27427,Massimiliano Pazzaglia,0.393,1,True
81097,Shawn Roberts,0.4371,1,True
1386253,Brandon Caruso,0.0886,1,True
1386254,Luciano Rauso,0.0505,1,True
1386255,Daniel Caruso,0.0214,1,True
582716,Kevin Quinn,0.4499,1,True
1074628,Elyse Mirto,0.1253,1,True
1237614,Suzanne Rico,0.0994,1,True
79086,Kent Shocknek,0.2095,1,True
101026,Rene Rivera,0.2934,1,True
44830,Deborah Rush,0.6212,1,True
54587,Amanda Swisten,0.4254,1,True
54588,Nikki Ziering,0.2077,1,True
6564,Lawrence Pressman,0.3937,1,True
1226404,Antoinette Spolar,0.1529,1,True
26973,John White,0.4656,1,True
54598,Jake Siegel,0.2231,1,True
26975,Steve Talley,0.5716,1,True
27004,Meghan Heffern,0.5784,1,True
1323454,Nick Nicotera,0.5608,1,True
95137,Jonathan Keltz,0.385,1,True
203097,Bradford Anderson,0.0575,1,True
1845717,Lexie Galante,0.1033,1,True
66558,Christine Barger,0.1659,1,True
212429,Italia Ricci,1.6923,1,True
2754387,Moshana Halbert,0.2353,1,True
76696,Sarah Power,0.702,1,True
166518,Dan Petronijevic,0.3259,1,True
1833004,Vas Saranga,0.139,1,True
1223726,Robbie Amell,2.1842,1,True
29774,Dan Lauria,0.5433,1,True
34408,Stana Katic,1.9966,9,True
559643,Seychelle Gabriel,0.6609,1,True
59220,Dan Gerrity,0.0957,1,True
1406570,Kimberly Cox,0.0398,1,True
37934,André 3000,0.5651,9,True
63522,Sofía Vergara,1.2674,10,True
55275,Jernard Burks,0.172,1,True
1239341,Shawn Singleton,0.052,1,True
45749,Thekla Reuten,0.4186,1,True
54476,Jordan Prentice,0.5225,1,True
42998,Elizabeth Berrington,0.9296,1,True
211413,Mark Donovan,0.3816,1,True
145299,Éric Godon,0.2305,1,True
72857,Anna Madeley,1.0837,1,True
588742,Theo Stevenson,0.216,1,True
1210044,Olivier Bonjour,0.0862,1,True
1210042,Rudy Blomme,0.0338,1,True
54495,Khleo Thomas,0.5824,1,True
31903,Henry Winkler,1.0322,10,True
70243,Eartha Kitt,0.3987,9,True
54498,Brenden Jefferson,0.1621,1,True
54496,Jake M. Smith,0.2131,1,True
54497,Byron Cotton,0.7156,1,True
121453,Miguel Castro,0.4507,1,True
52939,Max Kasch,0.7468,1,True
987572,Zane Holtz,0.4662,1,True
54499,Briana Evigan,0.7117,7,True
58368,Robert Hoffman,0.5676,1,True
54502,Cassie Ventura,0.6047,1,True
54503,Adam Sevani,0.5418,7,True
54506,Black Thomas,0.2082,1,True
232499,Harry Shum Jr.,0.9692,8,True
63674,Kate Lacey,0.1537,1,True
101687,Alison Faulk,0.1489,1,True
203683,Sonja Sohn,0.8075,7,True
54505,Telisha Shaw,0.1166,1,True
54504,Danielle Polanco,0.0658,1,True
1189078,Mari Koda,0.2422,1,True
2506090,Delia Goncalvez,0.0214,1,True
44240,Roddy Piper,0.3585,8,True
41229,Meg Foster,2.4359,1,True
54565,Raymond St. Jacques,0.3554,1,True
1172156,Jason Robards III,0.1893,1,True
104059,Susan Barnes,0.4646,1,True
58623,Sy Richardson,0.2221,1,True
1485654,Wendy Brainard,0.0842,1,True
1485655,Lucille Meredith,0.1304,1,True
158986,Susan Blanchard,0.3091,1,True
1485656,Dana Bratton,0.0143,1,True
20173,Don McKellar,0.2214,1,True
70209,Yūsuke Iseya,0.877,1,True
72764,Yoshino Kimura,0.6027,1,True
8598,Douglas Silva,0.3136,1,True
1372457,Daniel Zettel,0.1263,1,True
72765,Mitchell Nye,0.0575,1,True
2443315,Jason Bermingham,0.1102,1,True
1524644,Eduardo Semerjian,0.0946,1,True
54645,Nia Vardalos,0.5641,9,True
53647,Lainie Kazan,0.6513,8,True
14884,Michael Constantine,0.5959,7,True
8263,Andrea Martin,0.627,7,True
54651,Joey Fatone,0.2886,8,True
54649,Louis Mandylor,0.785,1,True
54646,Christina Eleusiniotis,0.0997,1,True
54647,Marita Zouravlioff,0.0214,1,True
54650,Gerry Mendicino,0.1606,1,True
54648,Bess Meisler,0.2292,1,True
54652,Fiona Reid,0.3941,1,True
1202716,Frank Falcone,0.0939,1,True
87055,Karen Disher,0.2183,1,True
1239793,Eunice Cho,0.0786,1,True
60734,Harrison Fahn,0.1245,1,True
23211,Maile Flanagan,0.3973,1,True
1214603,Jason Fricchione,0.144,1,True
95691,Kelly Keaton,0.1327,1,True
125025,Joey King,4.7753,9,True
11892,Paul Sanchez,0.2464,1,True
55433,Lari White,0.1834,1,True
55434,Leonid Citer,0.0859,1,True
55435,David Allen Brooks,0.1516,1,True
55436,Semion Sudarikov,0.0461,1,True
55437,Peter Von Berg,0.1622,1,True
55438,Dmitri S. Boudrine,0.0894,1,True
12538,Nick Searcy,0.5518,1,True
1007561,Michael Forest,0.3352,1,True
51537,Lauren Birkell,0.3192,1,True
156774,Viveka Davis,0.2161,1,True
54691,Christopher Mintz-Plasse,1.4291,8,True
54692,Martha MacIsaac,0.1872,7,True
53208,Aviva Baumann,0.5491,1,True
21131,Joe Lo Truglio,0.9666,1,True
54694,Clement Blake,0.365,1,True
54696,Joe Nuñez,0.2426,1,True
54697,Dave Franco,3.196,9,True
54698,Marcella Lentz-Pope,0.1429,1,True
54699,Scott Gerbacia,0.1355,1,True
8319,Nick Brimble,0.7992,1,True
1039998,Soo Drouet,0.1759,1,True
8323,Daniel Newman,0.7546,1,True
96585,Daniel Peacock,0.3468,1,True
141521,Walter Sparrow,0.7274,1,True
1179385,Harold Innocent,0.1023,1,True
140029,Jack Wild,0.623,7,True
72985,Ramón Rodríguez,0.6408,1,True
103554,Isabel Lucas,0.8644,1,True
67206,Andrew Howard,0.947,1,True
22767,Alfonso Arau,0.3736,1,True
940922,Jorge Cervera Jr.,0.13,1,True
42146,Kai Wulff,0.252,1,True
116137,Abel Franco,0.1171,1,True
54814,Philip Gordon,0.1922,1,True
1376537,Michael Wren,0.0541,1,True
52848,Isla Fisher,2.0849,9,True
54817,Liane Balaban,0.4032,1,True
1142303,An Nguyen,0.0404,1,True
204679,Emily Wickersham,0.8357,1,True
182280,Daniel Eric Gold,0.2079,1,True
113245,Adam Ferrara,0.2191,1,True
54853,Lori Cardille,0.2476,1,True
54854,Terry Alexander,0.1593,1,True
54855,Joseph Pilato,0.1979,1,True
54856,Jarlath Conroy,0.0643,1,True
54857,Anthony DiLeo Jr.,0.0956,1,True
54858,Richard Liberty,0.2057,1,True
54859,Sherman Howard,0.3309,1,True
170150,Ralph Marrero,0.0979,1,True
15057,John Amplas,0.1834,1,True
1090356,Phillip G. Kellams,0.0261,1,True
107373,Taso N. Stavrakis,0.1054,1,True
31118,Don Brockett,0.0688,1,True
1090362,William Cameron,0.0613,1,True
1813083,Deborah Carter,0.0214,1,True
28848,Sean Pertwee,0.705,7,True
93477,Peter Marinker,0.2752,1,True
1052953,Holley Chant,0.0941,1,True
575916,Barclay Wright,0.1062,1,True
189445,Robert Jezek,0.1512,1,True
41819,Sarah Wynter,0.6303,1,True
87073,Rodney Rowland,0.4564,1,True
58406,Ken Pogue,0.2166,1,True
1218926,Colin Cunningham,0.2695,1,True
117085,Wanda Cannon,0.4479,1,True
378849,Taylor Reid,0.2335,1,True
131649,Jennifer Gareis,0.175,1,True
33355,Steve Bacic,0.7053,1,True
55084,Sean Faris,0.5424,7,True
55086,Cam Gigandet,1.4157,8,True
55089,Evan Peters,2.8337,9,True
25834,Leslie Hope,1.0857,7,True
55090,Wyatt Smith,0.5364,1,True
55091,Neil Brown Jr.,0.5029,1,True
55092,Lauren Leech,0.3672,1,True
143718,Tilky Jones,0.2756,1,True
1899818,Steven Crowley,0.0787,1,True
94854,Tom Nowicki,0.7829,1,True
1507154,Chele André,0.0416,1,True
98394,Affion Crockett,0.3252,1,True
1814491,Chris Lindsay,0.0859,1,True
55097,Nate Hartley,0.503,1,True
71726,Casey Boersma,0.1639,1,True
181553,Dylan Boersma,0.1124,1,True
79024,Beth Littleford,0.2839,1,True
204462,Janet Varney,0.3403,1,True
105788,Lisa Lampanelli,0.1182,1,True
1061111,Bill O'Neill,0.0683,1,True
76131,Karen Duffy,0.4151,1,True
153459,Hank Brandt,0.4361,1,True
1074689,Brad Lockerman,0.1204,1,True
65020,Victoria Rowell,0.4727,1,True
77547,Brady Bluhm,0.226,1,True
181486,Joe Baker,0.2952,1,True
1853164,Kathryn Frick,0.0143,1,True
52304,Stephen Furst,0.3864,7,True
55194,Mark Metcalf,0.5573,7,True
55196,Mary Louise Weller,0.3491,7,True
55197,Martha Smith,0.2571,7,True
55198,James Daughton,0.159,7,True
21561,Tim Matheson,1.5193,8,True
55192,Verna Bloom,0.589,1,True
2558,Cesare Danova,0.2631,1,True
55314,Kimberly Elise,0.5584,1,True
62842,Eddie Griffin,0.716,1,True
55317,Heather Wahlquist,0.4197,1,True
55315,Daniel E. Smith,0.741,1,True
76526,David Thornton,0.7161,1,True
73035,Paul Johansson,0.6947,1,True
52057,Obba Babatundé,0.5469,1,True
55254,Frederique van der Wal,0.076,1,True
1475,Musetta Vander,0.3454,1,True
55255,Sofia Eng,0.541,1,True
31647,Garcelle Beauvais,0.3555,1,True
53778,E.J. Callahan,0.2086,1,True
71562,Buck Taylor,0.746,1,True
69502,James Lashly,0.1565,1,True
55256,Julie Ann Emery,6.6081,1,True
55257,Adam Arkin,1.3707,1,True
55258,Robinne Lee,0.3024,1,True
203809,Nathan Lee Graham,0.2154,1,True
19856,Navia Nguyen,0.1597,1,True
59257,Maria Thayer,0.5192,1,True
21399,Ron Silver,0.3667,1,True
39977,Michael Michele,0.8364,1,True
55259,Paul Rodríguez,0.2626,1,True
55265,Jonathan Silverman,0.6201,1,True
55266,Catherine Mary Stewart,0.5493,1,True
55267,Terry Kiser,0.7193,1,True
41262,Don Calfa,0.7446,1,True
55268,Catherine Parks,0.3838,1,True
55269,Eloise DeJoria,0.2112,1,True
1221149,Gregory Salata,0.1258,1,True
168320,Louis Giambalvo,0.4265,1,True
1254685,Margaret Hall,0.0387,1,True
2002598,Timothy Perez,0.0,1,True
2002604,Mark Kenneth Smaltz,0.1005,1,True
2002646,Polly Segal,0.0143,1,True
1976790,Robert L. Horen,0.0071,1,True
31364,Sarah Douglas,0.7874,1,True
66613,Leueen Willoughby,0.0944,1,True
1697241,Robin Pappas,0.0607,1,True
591881,Roger Kemp,0.0409,1,True
120725,Yu Rongguang,2.7734,1,True
554278,Brandon Merrill,0.4057,1,True
25527,Jason Connery,0.6617,1,True
43933,Adrien Dorval,0.403,1,True
123972,Stacy Grant,0.5821,1,True
119757,Kate Luyben,0.596,1,True
180467,Rad Daly,0.2933,1,True
20005,Moira Kelly,0.7941,8,True
53283,Jonathan Taylor Thomas,0.7084,9,True
56043,Niketa Calame-Harris,0.1135,1,True
58074,Madge Sinclair,0.4419,1,True
723462,Zoe Leader,0.0564,1,True
19655,James D'Arcy,1.5807,1,True
47643,Robert Pugh,0.3411,1,True
229672,Lee Ingleby,0.6707,1,True
215661,Max Pirkis,0.5412,1,True
1032202,Max Benitz,0.0764,1,True
219496,Edward Woodall,0.1464,1,True
25658,Chris Larkin,0.3254,1,True
26131,George Innes,0.3263,1,True
1077820,Jack Randall,0.0214,1,True
1077821,Richard Pates,0.0214,1,True
53828,Jennifer Carpenter,2.939,9,True
11831,Mary Black,0.1633,1,True
60606,Julian Christopher,0.4233,1,True
27112,Terence Kelly,0.1586,1,True
134608,Katie Keating,0.3914,1,True
1285527,Taylor Hill,0.0918,1,True
239271,Jeremy Strong,0.6496,9,True
171633,Victoria Clark,0.1604,1,True
164494,Cornell Womack,0.1566,1,True
75607,Curtis McClarin,0.1597,1,True
47775,Marc Anthony,0.7178,9,True
380767,Cynthia Roman,0.0214,1,True
1232610,Theo Kogan,1.4544,1,True
614230,Betty Miller,1.8506,1,True
12150,Maximilian Schell,0.2789,1,True
454973,Laura Innes,0.5383,8,True
58724,Rya Kihlstedt,1.1678,1,True
27659,Tim Woodward,0.2364,1,True
55578,Steve Nicolson,0.6362,1,True
55581,George Anton,0.3649,1,True
55582,James Francis Ginty,0.0801,1,True
55584,Ingvar E. Sigurðsson,0.5738,1,True
55585,Sam Spruell,0.5734,1,True
55586,Sam Redford,0.4995,1,True
55587,Peter Stebbings,0.4558,1,True
55588,Roman Podhora,0.3422,1,True
55591,Tygh Runyan,1.3073,1,True
40259,Malcolm-Jamal Warner,1.5178,8,True
55637,Brian Hooks,0.153,1,True
77553,David Roberts,0.0872,1,True
28036,Michael Mulheren,0.1944,1,True
33184,Rohan Nichol,0.252,1,True
964221,Roger Sciberras,0.048,1,True
1075052,Elizabeth Connolly,0.0536,1,True
1530759,Harli Ames,0.0731,1,True
11825,Maggie Grace,1.5442,9,True
49278,Olivier Rabourdin,0.3402,1,True
55776,Holly Valance,0.9415,1,True
49947,Gérard Watkins,0.0707,1,True
234921,Arben Bajraktaraj,0.2835,1,True
55775,Katie Cassidy,1.3832,8,True
230400,Radivoje Bukvić,0.4773,1,True
143389,Nicolas Giraud,0.236,1,True
562155,Jalil Naciri,0.163,1,True
44736,Goran Kostić,0.1621,1,True
118478,Joel Fabiani,0.2259,1,True
78102,David Anthony Higgins,0.5644,1,True
3356300,Adam C. Flores,0.0071,1,True
90039,Chip Zien,0.2142,1,True
1206174,Michaella Bassey,0.0745,1,True
1206175,Paul Joseph Bernardo,0.0143,1,True
6497,Naseeruddin Shah,0.2375,1,True
81295,Shane West,0.6015,8,True
42307,Peta Wilson,0.7784,7,True
56778,Stuart Townsend,0.6406,1,True
43034,Tom Goodman-Hill,0.8406,1,True
953987,Rudolf Pellar,0.0834,1,True
27416,Robert Willox,0.1938,1,True
21014,Robert Orr,0.0839,1,True
25677,Joel Kirby,0.0523,1,True
51382,Chris Parnell,0.7213,7,True
2545502,Scot Robinson,0.1378,1,True
55709,Darcy Donavan,0.1249,1,True
2666262,Renee Weldon,0.0729,1,True
91612,Arie Verveen,0.1494,1,True
55861,Kirk Acevedo,1.0406,7,True
55907,Lucy Gutteridge,0.8047,1,True
55037,Jeremy Kemp,0.3828,1,True
55908,Harry Ditson,0.2194,1,True
55910,Tristram Jellinek,0.0877,1,True
55911,Billy J. Mitchell,0.1666,1,True
95095,Gertan Klauber,0.2013,1,True
26261,John Sharp,0.2278,1,True
55567,Alexandra Paul,0.4684,8,True
41219,Christine Belford,0.3054,1,True
55929,William Ostrander,0.5189,1,True
54127,David Spielberg,0.2611,1,True
55931,Stuart Charno,0.243,1,True
55932,Marc Poppel,0.6819,1,True
55933,Robert Darnell,0.0557,1,True
1545187,Douglas Warhit,0.1105,1,True
47461,Michael Preston,0.2978,1,True
121417,Max Phipps,0.2041,1,True
933020,Kjell Nilsson,0.2065,1,True
933021,Emil Minty,0.6102,1,True
83771,William Zappa,0.3154,1,True
94785,Arkie Whiteley,0.3335,1,True
181831,Steve J. Spears,0.1488,1,True
933022,Syd Heylen,0.0473,1,True
220357,Moira Claux,0.1032,1,True
152565,David Downer,0.0441,1,True
933023,David Slingsby,0.6154,1,True
118933,Kristoffer Greaves,0.7924,1,True
58758,Deobia Oparei,0.1922,1,True
27632,Ben Daniels,0.8363,1,True
1074678,Yao Chin,0.0505,1,True
25670,Robert Russell,0.2136,1,True
210711,Ian Hughes,0.0239,1,True
113241,Sara Houghton,0.179,1,True
1747320,Blanka Jarošová,1.302,1,True
29091,Mia Sara,1.986,8,True
21369,Gloria Reuben,1.1529,8,True
61543,Scott Bellis,0.0915,1,True
116047,Jason Schombing,0.45,1,True
42317,Scott Lawrence,0.2489,1,True
69614,Brad Loree,0.1671,1,True
173310,Shane Kelly,0.1187,1,True
946657,Richard Faraci,0.1527,1,True
58293,Alex McArthur,0.5203,1,True
155560,Rod McLachlan,0.0868,1,True
167566,Michael Potts,0.2215,1,True
164002,Jim Sterling,0.0441,1,True
177247,Rich Hebert,0.0368,1,True
203950,Brian J. Williams,0.2414,1,True
1074164,Cece Neber Labao,0.0357,1,True
42721,Saxon Trainor,0.1389,1,True
1232170,Sage Allen,0.1465,1,True
56045,Matthew Davis,0.9085,1,True
22126,Jessica Cauffiel,0.4723,1,True
151384,Meredith Scott Lynn,0.4867,1,True
21462,Raquel Welch,1.6548,9,True
952336,Samantha Lemole,0.3036,1,True
56456,James Read,1.0245,1,True
336,Xzibit,0.3379,9,True
42374,Nicki Aycox,0.7457,7,True
32749,Alex Diakun,0.324,1,True
112633,Fagin Woodcock,0.0478,1,True
112634,Marco Niccoli,0.0143,1,True
112635,Carrie Ruscheinsky,0.2356,1,True
112636,Spencer Maybee,0.102,1,True
112637,Veronika Hadravá,0.1406,1,True
112638,Denis Krasnogolov,0.0143,1,True
8186,Miko Hughes,0.7535,7,True
53963,Robert Stanton,0.2775,1,True
156038,Lindsey Ginter,0.1918,1,True
27116,Kevin Conway,0.3261,1,True
946447,Kelley Hazen,0.1176,1,True
56057,Malachi Pearson,0.6039,1,True
86434,Joe Alaskey,0.2365,6,True
159788,Joe Nipote,0.213,1,True
50398,Devon Sawa,1.6419,9,True
88599,Chauncey Leopardi,0.4582,7,True
147496,Spencer Vrooman,0.5526,1,True
158037,Jessica Wesson,0.5479,1,True
131667,Ben Stein,0.408,8,True
59075,Lee Oakes,0.4992,1,True
260536,Wolf Christian,0.053,1,True
544311,Eva Vejmělková,0.4136,1,True
1074679,Milan Bahul,0.3042,1,True
1074681,Sandra Kovacicova,0.0336,1,True
1074682,Kyle Cohen,0.0143,1,True
56513,Catherine Sutherland,0.4216,1,True
94509,Colton James,0.2939,1,True
61111,Tara Subkoff,0.3429,1,True
145151,Bradley Pierce,0.357,7,True
58563,David Alan Grier,0.5871,8,True
46530,Adam Hann-Byrd,0.7066,7,True
56523,Laura Bell Bundy,0.3663,1,True
56522,Gillian Barber,0.8315,1,True
1000304,Brandon Obray,0.0507,1,True
1234882,Cyrus Thiedeke,0.198,1,True
1076551,Gary Joseph Thorup,0.286,1,True
1480246,Leonard Zola,0.0453,1,True
23880,Steven Seagal,2.2578,9,True
58646,Damian Chapa,0.4123,1,True
32289,Andy Romano,0.4094,1,True
54123,Patrick O'Neal,0.4344,1,True
49877,Nick Mancuso,0.3028,1,True
62032,Duane Davis,0.29,1,True
65334,Michael Des Barres,0.3463,1,True
1464036,David McKnight,0.0847,1,True
71566,Richard Andrew Jones,1.2506,1,True
55467,Stephen Campbell Moore,0.6741,1,True
202760,Andrew Brooke,0.3163,1,True
56098,Michael Jibson,0.1619,1,True
55473,Georgia Taylor,0.3366,1,True
2968,Richard Lintern,0.5866,1,True
15202,Peter Bowles,0.2255,1,True
56100,Alistair Petrie,0.6118,1,True
56097,Alki David,0.1149,1,True
56103,Hattie Morahan,0.9159,1,True
109650,Julian Lewis Jones,0.2961,1,True
62231,Rupert Frazer,0.2095,1,True
47441,Jameson Parker,0.2696,1,True
184436,Anne Marie Howard,0.5612,1,True
554008,Ann Yen,0.07,1,True
159131,Ken Wright,0.0822,1,True
9786,Jessie Lawrence Ferguson,0.1642,1,True
130581,Thom Bray,0.8949,1,True
35824,Alice Cooper,0.2563,9,True
56123,Danny Kamekona,0.2141,1,True
29381,Nobu McCarthy,0.2316,1,True
56120,Yuji Okumoto,0.6131,1,True
56121,Joey Miyashima,0.2629,1,True
1080062,Arsenio Trinidad,0.3277,1,True
56122,Marc Hayashi,0.1218,1,True
56118,Charlie Tanimoto,0.0429,1,True
80109,Marla Sokoloff,0.6006,1,True
56128,Kristy Swanson,0.9276,8,True
75316,Hal Sparks,0.322,1,True
129122,Charlie O'Connell,0.1543,1,True
1410250,Christian Middelthon,0.0491,1,True
1541994,Dave Bannick,0.0482,1,True
1172439,James Vincent,0.0676,1,True
129661,Bob Clendenin,0.2199,1,True
149824,Kevin Christy,0.2211,1,True
173784,Kristoffer Ryan Winters,0.2763,1,True
56152,Kari Wuhrer,1.167,1,True
55547,Matt Czuchry,1.4594,8,True
67850,Riley Smith,0.5192,1,True
1583088,Randi Klein,0.0441,1,True
1583087,Terey Summers,0.0143,1,True
56153,Scott Terra,0.3908,1,True
156980,Jane Edith Wilson,0.1091,1,True
117564,Jack Moore,0.0698,1,True
1154284,Roy Gaintner,0.0143,1,True
1281449,Jessica Morton,0.1338,1,True
72637,Bob Neill,0.6776,1,True
1470030,Caroline Bossi,0.0698,1,True
20480,Taylor Momsen,0.7062,8,True
58549,Bill Irwin,0.6556,1,True
167661,Josh Ryan Evans,0.2468,1,True
168415,Lacey Kohl,0.1339,1,True
155983,Rachel Winfree,0.3799,1,True
239979,Nadja Pionilla,0.0847,1,True
69225,Q'orianka Kilcher,1.6486,1,True
56159,Dana Carvey,0.4289,9,True
13445,Tia Carrere,2.3535,8,True
56933,Donna Dixon,0.4557,1,True
58198,Chris Farley,0.8051,9,True
55557,Michael DeLuise,0.4494,1,True
18977,Ed O'Neill,0.8752,9,True
37935,Steven Tyler,0.5308,9,True
235984,Joe Perry,0.1538,8,True
59410,Bob Odenkirk,4.0259,9,True
51857,Tim Meadows,1.2918,8,True
46423,Olivia d'Abo,1.401,1,True
543204,Susan Sullivan,1.0155,1,True
1077879,Raci Alexander,0.103,1,True
1077880,Jennifer Garrett,0.0441,1,True
1007869,Kelleia Sheerin,0.0677,1,True
1077881,Cassie Creasy,0.0143,1,True
86565,Lucina Paquet,0.0943,1,True
158833,Sydney Penny,0.7876,1,True
62033,Doug McGrath,0.1929,1,True
4304,John Russell,0.6492,1,True
152670,Fran Ryan,0.5372,1,True
1895862,Graham Paul,1.9694,1,True
1512992,Chuck Lafont,0.1794,1,True
70903,Marc Warren,1.3156,1,True
18283,Dato Bakhtadze,0.3685,1,True
23440,Konstantin Khabenskiy,0.6049,1,True
73457,Chris Pratt,3.5071,9,True
73458,Sophiya Haque,0.0722,1,True
1297390,Mark O'Neal,0.0766,1,True
56265,Dale Midkiff,0.398,1,True
56266,Fred Gwynne,0.6042,8,True
56267,Brad Greenquist,0.2734,1,True
175553,Blaze Berdahl,0.2285,1,True
1117928,Mara Clark,0.0732,1,True
111710,Kavi Raz,0.1794,1,True
115767,Mary Louise Wilson,0.2452,1,True
1117929,Andrew Hubatsek,1.2389,1,True
1117930,Liz Davies,0.0629,1,True
1117931,Kara Dalke,0.0214,1,True
2939844,Lisa Stathoplos,0.0143,1,True
28744,Jacqueline McKenzie,0.3838,1,True
141808,Daniel Rey,0.3375,1,True
67351,Brent Roam,0.0429,1,True
60953,Erinn Bartlett,0.5206,1,True
1214567,Dan Thiel,0.0818,1,True
141810,Sabrina Geerinckx,0.1427,1,True
58184,Jane Curtin,0.6594,8,True
96595,Grant Shaud,0.4759,1,True
60741,April Winchell,0.4211,1,True
129297,Jerry Sroka,0.2145,1,True
33654,Breckin Meyer,1.2799,8,True
169349,Evan Arnold,0.1669,1,True
33501,Mark Christopher Lawrence,0.1968,1,True
78303,Jimmy Kimmel,0.4963,9,True
81326,Jerry Hauck,0.2674,1,True
21125,Richard Kind,0.9237,7,True
1158306,Vanessa Campbell,0.0786,1,True
96310,Daamen J. Krall,0.2089,1,True
56356,Gina Philips,0.5614,1,True
56357,Jonathan Breck,0.2871,1,True
39015,Eileen Brennan,0.5737,1,True
215118,Jeffrey William Evans,0.0457,1,True
943484,Patrick Cherry,0.074,1,True
948289,Jon Beshara,0.0932,1,True
168703,Avis-Marie Barnes,0.0754,1,True
163220,Steve Raulerson,0.2233,1,True
945612,Tom Tarantini,0.9134,1,True
78116,William Haze,0.2196,1,True
955081,Chris Shepardson,0.0804,1,True
1218149,Brennan Brown,0.5127,1,True
143260,Nicholas Alexander,0.1873,1,True
120253,Tony Bentley,0.2108,1,True
143261,Michael Beasley,0.3533,1,True
86276,Sean Boyd,0.1784,1,True
16460,Marcus Lyle Brown,0.1662,1,True
1061053,Ana Villafañe,0.3313,1,True
571230,Dameon Clarke,0.2623,1,True
1503756,Clay Chamberlin,0.0871,1,True
1319345,David Stanford,1.2585,1,True
66658,Jae Head,0.9939,1,True
66634,David Mattey,0.2497,1,True
2799682,Maetrix Fitten,0.4291,1,True
66623,Hayley Marie Norman,0.2618,1,True
2799680,Dorothy Cecchi,0.0873,1,True
2799681,Michelle Lemon,0.0071,1,True
60677,Brad Leland,0.2141,1,True
147960,Jason Manuel Olazabal,0.2527,1,True
59739,Otto Sanchez,0.1425,1,True
9290,Henry Rollins,0.7411,8,True
76799,Rey Hernandez,0.1611,1,True
2522236,Dennis Greene,1.6815,1,True
27448,Rocky Carroll,0.6648,1,True
104503,Scott Burkholder,0.1279,1,True
132729,Eric Bruskotter,0.265,1,True
76546,Rick Schroder,0.7403,8,True
59300,Marcello Thedford,0.0973,1,True
2082731,Henry Mortensen,1.3585,1,True
56857,Peter Facinelli,1.5481,8,True
45827,Ashley Greene,1.2782,8,True
84215,Jackson Rathbone,0.9647,8,True
59252,Nikki Reed,1.267,8,True
34502,Kellan Lutz,1.177,8,True
53755,Elizabeth Reaser,1.1441,8,True
84214,Taylor Lautner,0.9908,9,True
84225,Gil Birmingham,1.705,7,True
84223,Anna Kendrick,1.9865,9,True
84224,Christian Serratos,1.2579,8,True
25836,Sarah Clarke,1.1262,7,True
83002,Jessica Chastain,3.1105,9,True
1715121,Hunter McCracken,0.0264,1,True
1034681,Tye Sheridan,0.9063,1,True
1715124,Laramie Eppler,0.1384,1,True
158231,Will Wallace,0.1469,1,True
3470789,Jessica Fuselier,0.0143,1,True
3470797,Kelly Koonce,0.0143,1,True
3470799,Bryce Boudoin,0.0297,1,True
3470802,Kameron Vaughn,0.0143,1,True
3470805,Cole Cockburn,0.0214,1,True
1715128,Dustin Allen,0.0143,1,True
23958,Jeremy Sisto,1.1915,7,True
23975,Lee Garlington,0.6018,1,True
163439,Sarah Ann Morris,0.3478,1,True
203867,Joeanna Sayler,0.2625,1,True
1216701,"Meghan, Duchess of Sussex",0.9316,10,False
1062644,Conrad Bluth,0.2954,1,True
164945,Sarah Shahi,3.0502,8,True
70767,Drea de Matteo,1.2029,8,True
61658,Ja Rule,0.6833,8,True
156590,Currie Graham,1.1079,1,True
1192492,Aisha Hinds,0.5879,1,True
25389,Peter Bryant,0.4035,1,True
65808,Fulvio Cecere,0.2442,1,True
67704,Hugh Dillon,0.3997,1,True
190917,Tig Fong,0.1769,1,True
56485,Jacqueline Kim,0.2074,1,True
21366,Roma Maffia,0.3916,1,True
49958,Rosemary Forsyth,0.4082,1,True
8266,Suzie Plakson,0.4419,1,True
50402,Nicholas Sadler,0.2019,1,True
156306,Anneliza Scott,0.2726,1,True
3694729,Rohana Razali,0.0641,1,True
2530961,Anne Flanagan,0.0143,1,True
16434,Kate Williamson,0.0888,1,True
18616,David Morrissey,1.1051,1,True
56542,Addison Timlin,1.2327,1,True
71010,Tom Conti,0.7004,1,True
56543,Sandra Bee,0.0214,1,True
57830,Rachael Blake,0.2018,1,True
45588,Clare Higgins,0.6966,1,True
56551,Ashley Laurence,0.7201,7,True
56552,Sean Chapman,0.3949,1,True
24737,Oliver Smith,0.1607,1,True
56553,Robert Hines,0.2031,1,True
73040,Doug Bradley,0.2974,7,True
56561,Grace Kirby,0.6213,1,True
56559,Nicholas Vince,0.4009,1,True
56560,Simon Bamford,0.1513,1,True
57597,Ron Dean,0.5767,4,True
2037,Cillian Murphy,3.3012,9,True
101015,Chin Han,0.4846,4,True
21316,Nestor Carbonell,1.3675,5,True
21315,Eric Roberts,2.0692,5,True
13939,Ritchie Coster,0.7053,4,True
1904,Anthony Michael Hall,1.2005,7,True
87957,Keith Szarabajka,0.3534,4,True
64856,Michael Jai White,2.2379,5,True
20372,Edison Chen,2.2637,5,True
147895,Charles Venn,1.6381,4,True
83854,David Dastmalchian,1.6515,5,True
29617,Paul Birchard,1.8962,1,True
126316,Roger Monk,1.2069,1,True
1819,Robin Curtis,0.2266,1,True
3362,Judith Anderson,2.3173,5,True
65568,James B. Sikking,0.4027,4,True
1077695,Phillip R. Allen,0.0887,1,True
88094,Robert Hooks,0.318,4,True
14101,John Larroquette,0.7636,5,True
1829,Carl Steven,0.6977,1,True
1892,Matt Damon,4.4262,10,True
1893,Casey Affleck,1.4544,8,True
1894,Scott Caan,1.3095,5,True
1898,Eddie Jemison,0.6851,4,True
1897,Bernie Mac,0.9493,5,True
1900,Shaobo Qin,0.2788,1,True
1895,Carl Reiner,0.5353,5,True
155206,Cecelia Ann Birt,0.1389,1,True
1296511,Paul L. Nolan,0.0486,1,True
1077235,Carol Florence,0.4482,1,True
2630277,Lori Galinski,0.1026,1,True
4301,Angie Dickinson,1.7359,7,True
559695,Larry Merchant,1.4144,1,True
1920,Winona Ryder,2.9707,10,True
1902,Dianne Wiest,1.5082,8,True
1907,Kathy Baker,0.7705,5,True
1908,Robert Oliveri,0.8342,4,True
1909,Conchata Ferrell,1.1161,5,True
1910,Caroline Aaron,1.3755,4,True
1911,Dick Anthony Williams,0.2032,4,True
1912,O-Lan Jones,0.496,1,True
1905,Vincent Price,0.767,8,True
1903,Alan Arkin,1.2186,8,True
1913,Susan Blommaert,0.6168,4,True
1914,Linda Perri,0.4407,1,True
1915,John Davidson,0.3274,4,True
1916,Biff Yeager,0.1737,1,True
1922,Catherine Zeta-Jones,2.6799,10,True
1896,Don Cheadle,1.8469,9,True
1925,Vincent Cassel,2.2337,8,True
1926,Eddie Izzard,0.7612,7,True
1923,Robbie Coltrane,1.0346,5,True
15440,Jared Harris,2.1605,7,True
1951,Elisabeth Shue,2.4066,8,True
1952,Jeffrey Weissman,0.3609,1,True
12826,Charles Fleischer,0.2701,4,True
1434975,E. Casanova Evans,0.1962,1,True
1434976,Jay Koch,0.1162,1,True
1434978,Charles Gherardi,0.1443,1,True
68851,Ricky Dean Logan,0.2067,1,True
1955,Darlene Vogel,0.3901,1,True
1980,Mary McCormack,0.7446,5,True
1981,Alfre Woodard,1.0338,8,True
1982,Ajay Naidu,0.4095,4,True
1983,Vincent Laresca,0.3269,4,True
1984,Kimberly Scott,0.3416,4,True
1985,Saul Williams,0.076,4,True
1986,Peter Gerety,0.6494,4,True
1987,Melanee Murray,0.0873,1,True
1989,Celia Weston,0.7846,4,True
1990,Brian Howe,0.4139,4,True
33832,Greg Lewis,0.1102,1,True
42316,John Toles-Bey,0.2286,1,True
84497,Aaron Paul,2.4862,9,True
2021,Jane Wyatt,0.224,5,True
2647,Robert Ellenstein,0.3787,4,True
24046,John Schuck,0.589,4,True
2112,Brock Peters,0.4178,4,True
2022,Catherine Hicks,0.4813,4,True
1219391,Michael Snyder,0.0453,1,True
2047,Danny Glover,1.4543,9,True
2048,Gary Busey,1.3054,5,True
2049,Rubén Blades,0.3348,4,True
2051,María Conchita Alonso,0.5374,4,True
2053,Bill Paxton,1.3207,8,True
2055,Robert Davi,1.0192,5,True
2059,Adam Baldwin,1.4353,5,True
2062,Kent McCord,0.4118,4,True
2064,"Morton Downey, Jr.",0.1914,4,True
2067,Calvin Lockhart,0.347,4,True
14328,Steve Kahan,0.4108,4,True
24969,Henry Kingi,1.5491,4,True
2069,Corey Rand,0.0987,1,True
2072,Lilyan Chauvin,0.1872,4,True
87401,Paulo Tocha,3.7306,1,True
95797,Vonte Sweet,1.0465,1,True
2039,Brendan Gleeson,2.2061,8,True
2058,Megan Burns,0.4732,4,True
2040,Christopher Eccleston,0.8564,8,True
56567,Dina Spybey-Waters,0.2455,1,True
6437,Ben Shenkman,0.3059,1,True
74073,Rosalind Chao,0.8666,1,True
220064,Kerris Dorsey,0.3711,1,True
59786,Alyssa Shafer,0.4671,1,True
1079782,Gabrielle Made,0.6891,1,True
1124108,William Caploe,0.0256,1,True
170882,Shulie Cowen,0.2985,1,True
2706155,Alan Desatti,1.0968,1,True
20187,Camryn Manheim,0.9172,1,True
58643,Linda Emond,0.4327,1,True
73204,Kate Hewlett,0.3503,1,True
2355423,Zoe Heath,0.0563,1,True
17257,Elina Löwensohn,0.5089,1,True
1375609,Warren Belle,0.3653,1,True
28164,Charles Grodin,0.7632,1,True
64857,Wendy Phillips,0.1972,1,True
27544,Tom Irwin,0.3534,1,True
1409893,Danielle DuClos,0.166,1,True
154727,Tom McCleister,0.2477,1,True
1580500,Mary Gillis,0.3259,1,True
56618,Brian Murray,0.5908,1,True
24368,Roscoe Lee Browne,0.5485,1,True
65598,Tony Jay,0.4105,1,True
1398839,Austin Majors,0.1744,1,True
31167,Elizabeth Mitchell,1.8854,8,True
71861,Liliana Mumy,0.5754,1,True
2441662,Danielle Woodman,0.21,1,True
38674,Aisha Tyler,0.8771,1,True
21105,Jay Thomas,0.3992,1,True
1457246,Christopher Attadia,0.3375,1,True
2441663,Curtis Butchart,0.0311,1,True
56658,Daniel Studi,0.2126,1,True
56659,Jeff LeBeau,0.3551,1,True
35095,John Rubano,0.1266,1,True
80416,Richard McGonagle,0.2314,1,True
175511,Matt Levin,0.1686,1,True
149775,Adam Paul,0.2247,1,True
214516,Robert Cait,0.0771,1,True
1057324,Meredith Wells,0.0256,1,True
42376,Zahn McClarnon,1.0247,1,True
175468,Michael Horse,0.3137,1,True
25703,Lake Bell,1.0979,1,True
58224,Jason Sudeikis,1.7126,9,True
55253,Michelle Krusiec,0.3658,1,True
115981,Ricky Garcia,0.0434,1,True
95875,Andy Daly,0.4472,1,True
143717,Benita Robledo,0.2235,1,True
56734,Chloë Grace Moretz,5.017,9,True
129713,Mia Stallard,0.4071,1,True
56733,Danny Mora,0.1518,1,True
152411,Karen Elizabeth Austin,0.136,1,True
56732,Fernanda Romero,0.2433,1,True
83423,Heather Doerksen,0.2897,1,True
52291,Tegan Moss,0.4203,1,True
56730,Cole Sprouse,1.0411,8,True
95686,Dylan Sprouse,1.0371,8,True
33489,Josh Mostel,0.4655,1,True
12219,Jon Stewart,0.3136,10,False
111679,Edmund Lyndeck,0.1005,1,True
59244,Tania Saulnier,0.4638,1,True
56749,Don Thompson,0.358,1,True
77898,Brenda James,0.6062,1,True
172995,Jennifer Copping,0.4105,1,True
51856,Jenna Fischer,1.3995,9,True
105864,Haig Sutherland,0.421,1,True
2989908,William MacDonald,0.0261,1,True
1219552,Iris Quinn,0.7159,1,True
205934,Matreya Fedor,0.3999,1,True
2494687,Amber Lee Bartlett,0.0143,1,True
56750,Xantha Radley,0.3396,1,True
53117,Dustin Milligan,0.7593,1,True
98329,Mark Torgl,1.6156,1,True
1219172,Belinda Metz,0.2382,1,True
1225982,Connor Christopher Levins,0.2127,1,True
61323,Dan Ziskie,0.2285,1,True
116048,Michael David Simms,0.14,1,True
60605,Dexter Bell,0.1196,1,True
61187,Daniel Bacon,0.6524,1,True
59245,Laara Sadiq,0.5565,1,True
27110,Malcolm Stewart,0.357,1,True
63217,Mae LaBorde,0.0658,1,True
87588,Carlos Mencia,0.1583,1,True
1237248,Roy Jenkins,0.0872,1,True
159396,Stephanie Courtney,0.2652,1,True
1242819,Nicol Paone,0.1252,1,True
1473788,Miranda May,0.8108,1,True
93927,Kathy Lamkin,0.227,1,True
52605,Eva Longoria,1.5007,9,True
13947,Biff McGuire,0.2169,1,True
56779,Barbara Eda-Young,0.4054,1,True
56780,Cornelia Sharpe,0.5422,1,True
1330739,John Medici,0.4602,1,True
1757711,Norman Ornellas,0.0214,1,True
197486,Edward Grover,0.8631,1,True
129663,Hank Garrett,0.0859,1,True
159948,Damien Leake,0.1713,1,True
943611,Joseph Bova,0.1447,1,True
1675036,Gene Gross,0.0893,1,True
554628,Ed Crowley,1.3323,1,True
53714,Rachel McAdams,2.4023,9,True
142215,Tyrone Giordano,0.5954,1,True
31137,Brian J. White,0.7798,1,True
1226796,Savannah Stehlin,0.1271,1,True
2892219,Robert Dioguardi,0.0214,1,True
1238682,Carol Locatell,0.1423,1,True
2792686,Ginna Carter,0.0687,1,True
56918,Imogen Boorman,0.3083,1,True
119968,Barbie Wilde,0.1249,1,True
58475,Angus MacInnes,0.3847,1,True
1382394,Ron Travis,0.0311,1,True
327357,Catherine Chevalier,0.3992,1,True
1859081,Deborah Joel,0.0256,1,True
56902,John Witherspoon,0.3986,1,True
56903,Tracy Morgan,0.5406,9,True
106979,Anthony Harrison,0.112,1,True
35476,Brittany Daniel,0.5347,1,True
162610,Fred Stoller,0.2976,1,True
108551,Anastacia,0.115,1,True
17346,Robin Tunney,2.8469,8,True
19222,Rachel True,0.3303,1,True
15286,Christine Taylor,0.8772,1,True
211998,Nathaniel Marston,0.1324,1,True
44301,Cliff DeYoung,0.624,1,True
42123,Assumpta Serna,0.4395,1,True
152355,Jeanine Jackson,0.132,1,True
101396,Brenda Strong,0.4889,1,True
1583603,Elizabeth Guber,0.1289,1,True
1296678,Jennifer Greenhut,0.1575,1,True
156421,Arthur Senzy,0.1597,1,True
126418,Howie Long,0.1658,1,True
62548,Casey Biggs,0.2395,1,True
141582,Jeffrey Stephan,0.0264,1,True
32290,Brenda Bakke,0.7964,1,True
1000228,Jerry Haleva,0.1367,1,True
92811,David Wohl,0.1468,1,True
54430,Michael Colyar,0.0939,1,True
162606,Ryan Stiles,0.543,1,True
1123116,Rosemary Johnston,0.0865,1,True
174894,Ben Lemon,0.2599,1,True
1986483,Buck McDancer,0.0923,1,True
1828228,Larry Lindsey,0.0239,1,True
25944,Larry Poindexter,0.2371,1,True
177214,Page Kennedy,0.3368,1,True
97446,James DuMont,0.4109,1,True
60023,Joe Viterelli,1.8326,1,True
57096,Maynard Eziashi,0.1468,1,True
88059,Tommy Davidson,0.2733,1,True
93952,Danny Daniels,0.3246,1,True
172354,Damon Standifer,0.1198,1,True
158324,Andrew Steel,0.5535,1,True
139680,Kristin Norton,1.175,1,True
22123,Jordana Brewster,1.5956,8,True
25872,Laura Harris,0.9125,1,True
57108,Usher,0.2476,10,False
34543,Summer Phoenix,0.4882,1,True
4093,Ray Walston,0.5192,1,True
14833,Harold Gould,0.698,1,True
37712,Dana Elcar,0.4757,1,True
1220923,Dimitra Arliss,0.2655,1,True
98927,Robert Earl Jones,0.5343,1,True
157936,James Sloyan,0.2612,1,True
15988,Charles Dierkop,0.5718,1,True
110436,Lee Paul,0.115,1,True
57119,Sinbad,0.4555,8,True
14104,Phil Hartman,0.3267,9,True
129317,Robert Conrad,0.6091,1,True
981033,E.J. De la Pena,0.2094,1,True
35159,Laraine Newman,0.4099,7,True
1410997,Justin Chapman,0.186,1,True
188377,Daniel Riordan,0.1179,1,True
2254302,Jeff L. Deist,0.0416,1,True
37422,Jan Rubeš,0.2947,1,True
84685,Brent Jennings,0.3354,1,True
162568,Frederick Rolf,0.1864,1,True
554627,John Garson,0.0297,1,True
87051,Beverly May,0.0286,1,True
132078,DJ Qualls,1.3833,1,True
43120,Andy Dick,0.8105,1,True
52117,Horatio Sanz,0.205,1,True
51456,Rhoda Griffis,0.203,1,True
21129,Marla Sucharetza,0.4587,1,True
57136,Ryan Merriman,0.8852,1,True
20176,Kris Lemche,0.4518,1,True
57137,Alexz Johnson,0.319,1,True
37700,Sam Easton,0.221,1,True
59926,Jesse Moss,0.2462,1,True
33336,Gina Holden,0.683,1,True
27775,Chelan Simmons,0.7759,1,True
58370,Amanda Crew,1.0906,1,True
59247,Maggie Ma,0.2331,1,True
77052,Ecstasia Sanders,0.3093,1,True
33339,Jody Racicot,0.271,1,True
2237846,Dylan Basu,0.0746,1,True
69128,Nelly,0.0955,9,True
69127,Michael Irvin,0.1231,1,True
60954,Bill Romanowski,0.7082,1,True
87400,Brian Bosworth,0.3699,7,True
65236,Bill Goldberg,0.3368,8,True
135352,Kevin Nash,0.366,7,True
2225,Todd Holland,1.0702,1,True
3664,Sandra Bernhard,0.4164,6,True
39780,Frank Stallone Jr.,0.3705,1,True
1220006,Donald Burton,0.2179,1,True
81726,Lorraine Toussaint,0.5859,1,True
1089879,Stefano Molinari,0.2302,1,True
27392,Enrico Lo Verso,0.1652,1,True
57171,Jesse Metcalfe,0.8714,7,True
54830,Sophia Bush,1.2155,9,True
110927,Penn Badgley,1.5006,9,True
1448691,Terrell J. Ramsey,0.1492,1,True
172888,Patricia Drake,0.2243,1,True
3492714,Amanda Li,0.0398,1,True
189718,Jeffrey Ballard,0.3866,1,True
117997,Dean Wray,0.2969,1,True
592872,Johnny Cuthbert,0.3907,1,True
26660,Richard Kiley,0.3257,1,True
59451,David Gallagher,0.5644,6,True
106976,Ashley Buccille,0.1768,1,True
166606,Tony Genaro,0.3037,1,True
33836,Sean O'Bryan,0.5547,1,True
51583,Mitchel Musso,0.4599,6,True
57191,Sam Lerner,0.3854,1,True
42288,Woody Schultz,0.0695,1,True
1077841,Ian McConnel,0.0707,1,True
61403,Erik Walker,0.153,1,True
80419,Kellie Bright,0.2727,1,True
559814,Paul Clayton,0.0915,1,True
147255,Tony Way,0.5315,1,True
292249,Barbara New,0.1027,1,True
57197,Gina La Piana,0.1938,1,True
57198,Dana de Celis,0.0851,1,True
1231420,Martin Ball,0.1069,1,True
143892,Steffan Rhodri,1.1547,1,True
1094407,Jacqueline Castro,1.4886,1,True
57250,Robin Shou,0.4885,7,True
57252,Trevor Goddard,0.4334,1,True
57253,Chris Casamassa,0.2312,1,True
57254,François Petit,0.1589,1,True
57255,Keith Cooke,0.157,1,True
156186,Gregory McKinney,0.1838,1,True
1216726,Steven Ho,0.1366,1,True
1116836,Lloyd Kino,0.4723,1,True
2321681,Kenneth Edwards,0.088,1,True
16927,Gérard Depardieu,1.2348,10,True
57298,Anne Parillaud,0.9292,9,True
73937,Judith Godrèche,0.3491,7,True
38331,Edward Atterton,0.3634,1,True
180906,David Lowe,0.1003,1,True
553208,Brigitte Boucher,0.1912,1,True
553209,Matthew Jocelyn,0.0409,1,True
146490,Karine Belly,0.2001,1,True
553210,Emmanuel Guttierez,0.0214,1,True
10839,Leonor Varela,1.1367,8,True
57278,Kate Beahan,0.4417,1,True
21245,Greta Scacchi,1.4511,8,True
14105,Stephanie Faracy,0.6663,5,True
60393,Forrest Landis,0.649,5,True
117824,Assaf Cohen,0.1658,1,True
61854,Shane Edelman,0.144,1,True
61555,Haley Ramm,0.5037,6,True
66743,Matt Bomer,1.7663,8,True
22675,Damon Wayans,0.737,9,True
27008,Chelsea Field,0.7612,6,True
37043,Taylor Negron,0.3972,5,True
6774,Joe Santos,0.3361,5,True
72408,Clarence Felder,0.343,5,True
197061,Bill Medley,0.1202,1,True
57312,Zack Norman,0.1051,1,True
236686,Manuel Ojeda,0.1224,1,True
1178195,Eve Smith,0.253,1,True
140586,Joe Nesnow,0.1286,1,True
103565,José Chávez,0.7282,6,True
587901,Evita Muñoz 'Chachita',0.2462,1,True
1704799,Camillo García,0.0239,1,True
1486678,Rodrigo Puebla,0.1832,1,True
83841,Paco Morayta,0.172,1,True
1069537,Jorge Zamora,0.0679,1,True
64343,John Ales,0.3768,1,True
182726,Patricia Wilson,0.0862,1,True
59019,Jamal Mixon,0.8819,6,True
1077909,Nichole McAuley,0.2131,1,True
154874,Hamilton von Watts,0.1105,1,True
166838,Tony Carlin,0.1271,1,True
179954,Quinn Duffy,0.5256,1,True
154214,Montell Jordan,0.0684,7,True
193580,Doug Williams,0.0534,1,True
10427,Anne Archer,1.0445,8,True
40393,Dean Jones,0.7049,7,True
3382,Hope Lange,2.103,8,True
75201,Tom Tammi,0.368,1,True
47886,Jorge Luke,1.1253,1,True
86489,Blanca Guerra,1.2081,6,True
57340,Steven Brand,0.3225,1,True
1228834,Sherri Howard,0.1355,1,True
11024,Kelly Hu,1.4562,7,True
106730,Branscombe Richmond,0.4867,3,True
33688,Conrad Roberts,0.1056,2,True
15998,Joseph Ruskin,0.2108,3,True
60653,Esteban Cueto,0.2502,2,True
24968,Nils Allen Stewart,0.8597,4,True
1906,Scott L. Schwartz,0.1306,2,True
57345,Alessandro Gassmann,0.4699,3,True
57346,Kate Nauta,0.6433,3,True
1340888,Shannon Briggs,0.3254,4,True
2639902,Raymond Tong,0.0441,1,True
2389613,George Kapetan,0.0256,1,True
1292260,Gregg Weiner,0.0828,2,True
2639903,Gregg Davis,0.0071,1,True
82662,AnnaLynne McCord,0.6037,6,True
57349,Bubba Smith,0.7092,5,True
57350,Donovan Scott,0.3284,3,True
57351,George Gaynes,0.5234,4,True
57352,Andrew Rubin,0.1693,2,True
57353,David Graf,0.5696,4,True
57354,Debralee Scott,0.2508,3,True
57356,Bruce Mahler,0.2425,3,True
57358,Brant von Hoffman,0.7861,3,True
186816,Marion Ramsey,0.1787,3,True
28238,David Hasselhoff,1.2321,9,True
202062,Joseph Castanon,0.2423,2,True
134235,Jake Hoffman,0.4098,4,True
1225804,Tatum McCann,0.2883,2,True
37089,Cameron Monaghan,2.2975,7,True
61402,Elliott Cho,1.3516,4,True
57371,Jeff Cohen,0.3376,4,True
57372,Kerri Green,0.326,4,True
17495,Martha Plimpton,1.0049,6,True
64120,John Matuszak,0.3211,4,True
49944,Anne Ramsey,0.4771,4,True
445708,Keith Walker,0.44,2,True
1838342,Curt Hanson,0.0628,1,True
42745,Steve Antin,0.2257,3,True
172851,Ray Galletti,0.3932,2,True
62717,Rekha Sharma,0.3363,3,True
534315,Tom Scholte,0.5416,3,True
1502726,Ermanno De Biagi,1.3517,3,True
57374,Diego Sieres,0.3136,2,True
80494,José María de Tavira,0.24,2,True
1077815,Emiliano Guerra,0.0524,1,True
956973,Yolanda Orizaga,0.0389,1,True
58637,William Marquez,0.1005,2,True
941030,Pedro Altamirano,0.0788,1,True
224508,Luisa Huertas,0.2618,2,True
1077816,María Fernández Cruz,0.0596,1,True
57387,Leo Fitzpatrick,0.4294,3,True
57389,Justin Pierce,0.5271,3,True
2102585,Yakira Peguero,0.4249,2,True
2490488,Atabey Rodriguez,0.0642,1,True
1658247,Harold Hunter,0.2894,3,True
1187713,Sajan Bhagat,0.0662,1,True
131299,Joseph Chan,0.0071,1,True
1187720,Johnathan Staci Kim,0.0289,1,True
1187721,Adriane Brown,0.0071,1,True
1187714,Billy Valdes,0.0256,1,True
1187715,Billy Waldeman,0.0398,1,True
1187716,Javier Nunez,0.1222,2,True
13028,Nicholas Pryor,0.4474,4,True
1220746,Shera Danese,0.7133,4,True
97943,Raphael Sbarge,0.7483,5,True
1227239,Sarah Partridge,0.0791,2,True
156592,Nathan Davis,0.3988,3,True
2134013,Scott Harlan,1.3882,3,True
2458636,Sheila Keenan,0.0071,1,True
33713,Jordan Lund,0.1895,2,True
102580,William Utay,0.2018,3,True
1346510,Don Fischer,0.2659,2,True
1720435,Scott McKenna,0.0143,1,True
1657324,Virginia Morris,0.0598,1,True
1105000,Jayne Luke,0.8545,3,True
1720436,David K. Schroeder,0.0672,1,True
103933,Tico Wells,0.1556,2,True
114271,Robert Trebor,0.1985,3,True
158825,Simon Rhee,0.316,3,True
2981356,Monty Laird,1.0206,3,True
51580,Janine Turner,0.9027,5,True
51799,Craig Fairbrass,0.2553,3,True
30369,Michelle Joyner,0.461,3,True
948644,Trey Brownell,0.0579,1,True
41464,Scott Mechlowicz,0.5191,4,True
49961,Michelle Trachtenberg,1.9744,7,True
57404,Travis Wester,0.3713,3,True
946090,Jessica Boehrs,0.4547,3,True
8979,Patrick Malahide,0.4188,4,True
50175,Patrick Rapold,0.367,2,True
55751,Kristin Kreuk,2.582,7,True
57402,Cathy Meils,0.0474,1,True
57403,Nial Iskhakov,0.1416,2,True
5038851,J. Adams,0.0239,1,True
5038852,Christopher Baird,0.0261,1,True
34901,Joanna Lumley,1.2108,6,True
57409,Ana de la Reguera,1.3422,5,True
57410,Héctor Jiménez,0.7827,4,True
57411,Darius Rose,0.1224,2,True
57412,Moisés Arias,0.77,5,True
57413,Carlos Maycotte,0.0651,1,True
57414,Richard Montoya,0.0673,1,True
57415,César Barrón,0.1087,2,True
57416,Rafael Montalvo,0.0331,1,True
57417,Julio Sandoval,0.0286,1,True
2927764,Ventura Lahoz,0.0143,1,True
2927765,Felipe Jesus Hernandez,0.0071,1,True
1550983,Enrique Muñoz,0.0811,1,True
1215979,Carla Jimenez,0.336,3,True
2927766,Agustin Rey,0.0892,1,True
57418,Marcia Strassman,0.2531,4,True
57419,Kristine Sutherland,0.3847,5,True
57421,Thomas Wilson Brown,0.809,4,True
57420,Amy O'Neill,0.2067,3,True
30865,Lou Cutell,0.2324,3,True
132371,Craig Richard Nelson,0.2762,3,True
182416,Laura Waterbury,0.1139,2,True
4416946,Trevor Galtress,0.0143,1,True
3547506,Martin Aylett,0.0286,1,True
1459,Tina Turner,0.2602,10,False
57424,Helen Buday,0.6119,3,True
97985,Angelo Rossitto,0.3283,4,True
1001970,Adam Cockburn,0.1776,2,True
10025,Frank Thring,0.3541,4,True
952227,Paul Larsson,0.1602,2,True
220829,Angry Anderson,0.223,3,True
127135,Robert Grubb,0.3578,3,True
938578,George Spartels,0.4349,3,True
79376,Edwin Hodgeman,0.8823,3,True
187134,Bob Hornery,0.0659,1,True
1125226,Andrew Oh,0.0362,1,True
138580,Ollie Hall,0.2108,2,True
1125227,Lee Rice,0.0404,1,True
66160,Twink Caplan,0.3117,4,True
46393,Roseanne Barr,0.1866,8,True
3803259,Lorne Sussman,0.0404,1,True
3803260,Megan Milner,0.0286,1,True
5445828,Georgia Keithley,0.0143,1,True
5445836,Nikki Graham,0.0071,1,True
3803264,Danny Pringle,0.0429,1,True
63469,Paul Kim Jr.,0.1721,2,True
1662254,Marion Calvert,0.0505,1,True
20090,David Moreland,0.7218,3,True
2922372,Shaun P. O'Hagan,0.0071,1,True
161932,Jim Rash,0.4229,5,True
1367112,Dave Engfer,0.093,1,True
57428,Michael Landes,1.1453,5,True
58374,James Kirk,0.3803,3,True
51937,Jonathan Cherry,0.3661,3,True
56825,Sarah Carter,0.7373,5,True
90132,Alejandro Rae,0.462,3,True
65772,Shaun Sipos,0.4786,4,True
41436,Andrew Airlie,0.3083,3,True
158587,Christina Jastrzembska,0.4654,3,True
80352,Noel Fisher,1.3159,6,True
39782,Paul L. Smith,0.4726,4,True
6462,Denver Pyle,1.3432,6,True
109577,Clint Black,0.2087,7,True
95082,Leo Gordon,0.5366,4,True
177100,Vincent Castellanos,0.7053,3,True
57449,Jodhi May,1.0659,5,True
57448,Eric Schweig,0.5922,4,True
54,Maurice Roëves,0.3031,3,True
1066171,Edward Blatchford,0.1968,2,True
134061,Tracey Ellis,0.4067,3,True
1066172,Justin M. Rice,0.0453,1,True
975164,Dennis Banks,0.0875,2,True
57453,Finn Carter,0.7149,4,True
67015,Michael Gross,0.834,6,True
21986,Reba McEntire,0.5989,8,True
52141,Robert Jayne,0.5705,4,True
14794,Charlotte Stewart,0.2449,4,True
70782,Richard Marcus,0.1441,2,True
158052,Conrad Bachmann,0.1742,2,True
79744,Sunshine Parker,0.2122,2,True
1193342,Michael Dan Wagner,0.1967,2,True
65765,Rocco Sisto,0.2067,2,True
62715,Robert Miano,0.1574,3,True
361969,Walt MacPherson,0.1352,2,True
57514,Erica Leerhsen,0.4575,3,True
71565,Heather Kafka,0.2159,2,True
132054,Terrence Evans,0.122,2,True
985344,Marietta Marich,0.1241,2,True
1819624,Mamie Meek,0.1148,1,True
18892,Goldie Hawn,0.98,10,True
51755,Ian Ogilvy,0.9094,5,True
68528,Adam Storke,1.95,4,True
17225,Michelle Johnson,0.8072,5,True
77015,William Frankfather,0.3171,3,True
44052,John Ingle,0.3091,3,True
43115,Clement von Franckenstein,0.1224,2,True
155031,Jim Jansen,0.3661,2,True
91495,Mimi Kennedy,0.3238,4,True
74276,Cindy Pickett,0.8035,4,True
90198,Lyman Ward,0.2859,3,True
119230,Del Close,0.1141,3,True
80990,Virginia Capers,0.4056,3,True
124603,Larry Jenkins,0.536,2,True
2833138,Lisa Bellard,0.0214,1,True
238825,Rah Digga,0.1007,4,True
1003356,Alec Roberts,0.3275,1,True
62911,JR Bourne,0.6948,5,True
105791,Charles Andre,0.7308,1,True
79343,Laura Mennell,0.3996,4,True
132345,Kathryn Anderson,0.702,1,True
198287,Craig Olejnik,1.3892,4,True
1546589,Shawna Loyer,0.4441,1,True
114894,C. Ernst Harth,0.1886,2,True
59373,Mélanie Thierry,0.8121,5,True
47825,Jérôme Le Banner,0.2026,3,True
62439,David Belle,0.5896,4,True
59374,Radek Brůna,0.0987,1,True
25726,Jan Unger,0.0932,1,True
132069,Abraham Belaga,0.8588,1,True
1237646,David Gasman,0.1408,2,True
1513403,Gary Cowan,0.0352,1,True
1674911,Lemmy Constantine,0.0214,1,True
1218108,Mary Randle,0.915,1,True
64515,Pablo Espinosa,0.0922,1,True
1041923,Jeffrey Scaperrotta,0.1828,1,True
3201710,Sarah Bowles,0.0168,1,True
3201711,Kelli Scott,0.0143,1,True
65641,Brande Roderick,0.545,4,True
60952,Molly Sims,0.3698,5,True
1776391,G.T. Holme,0.0362,1,True
1496467,Jeffrey Lorenzo,0.1025,1,True
32597,Dylan McDermott,0.8841,7,True
37937,Gregory Alan Williams,0.4609,4,True
93349,Jim Curley,0.0506,1,True
1205108,Sally Hughes,0.0847,1,True
56576,Steve Hytner,0.2391,3,True
44619,Bob Schott,0.1875,1,True
1788791,Juan A. Riojas,0.0766,1,True
172280,Elsa Raven,0.2723,3,True
100563,Ben Davidson,0.4275,4,True
98473,Cassandra Gava,0.609,3,True
4330,Gerry Lopez,0.1863,3,True
100564,Valérie Quennessen,0.3311,3,True
30963,Luis Barboo,0.2365,2,True
2615856,Leslie Foldvary,0.1789,1,True
4556290,Gary Herman,0.0322,1,True
88537,Erik Holmey,0.1172,1,True
57554,Joan Lunden,0.084,6,True
21985,Mary Jo Smith,0.2857,1,True
67778,Jonathan Lipnicki,0.547,6,True
61959,Jeremy Suarez,0.4685,5,True
1076193,Jared Jussim,0.0214,1,True
1076194,Benjamin Kimball Smith,0.0988,1,True
183716,Ingrid Beer,0.0538,1,True
109579,Jann Wenner,0.0777,4,True
1276777,Lamont Johnson,1.2011,3,True
57574,Shauna Macdonald,0.432,4,True
57576,Alex Reid,0.4427,3,True
53998,Nora-Jane Noone,0.3862,3,True
944315,Leslie Simpson,0.3427,1,True
95023,Oliver Milburn,0.279,3,True
998202,Molly Kayll,0.1634,2,True
94956,Craig Conway,0.3681,3,True
1599262,Tristan Matthiae,0.0538,1,True
3492492,Mark Cronfield,0.0214,1,True
3492493,Stephen Lamb,0.0261,1,True
3492494,Catherine Dyson,0.0143,1,True
3492495,Julie Ellis,0.0143,1,True
1840375,Sophie Trott,0.1236,1,True
57147,Paul Hogan,1.1468,8,True
57166,Linda Kozlowski,0.7176,6,True
42841,John Meillon,0.5237,4,True
57593,Ernie Dingo,0.2417,3,True
1607,Juan Fernández,0.2856,2,True
118937,Dennis Boutsikaris,0.7502,4,True
954286,Steve Rackman,0.3497,2,True
955204,Gerry Skilton,0.3386,1,True
1188985,Jim Holt,1.1267,1,True
76190,Alec Wilson,0.9195,1,True
1904687,Maggie Blinco,0.2524,1,True
175533,Michael Bower,0.1461,1,True
68836,Pat Kilbane,0.1384,4,True
179019,Michelle Wolff,0.1321,1,True
1216510,Stephanie Hodge,0.3208,1,True
1266372,Alexandre Manning,0.0552,1,True
1548237,Asio Highsmith,0.1019,1,True
28846,Alexander Skarsgård,1.6191,8,True
33663,Donald Trump,0.8652,10,False
45101,Harrison Page,0.3925,3,True
115888,Lisa Pelikan,0.3685,3,True
57663,Deborah Rennard,0.6462,3,True
222508,Michel Qissi,1.0497,3,True
128191,Billy Blanks,0.2437,5,True
89485,Tony Halme,0.1245,3,True
1597142,James Brewster Thompson,0.074,1,True
1181001,Paco Christian Prieto,0.2449,2,True
1193284,George McDaniel,0.3083,2,True
2731584,Ash Adams,0.0362,1,True
4334,Kelly Slater,0.2075,6,True
108333,Rob Machado,1.9391,5,True
963069,Selema Masekela,0.1476,1,True
68863,Dana Belben,0.0322,1,True
1114051,Reed Buck,0.068,1,True
2474218,Reese Elowe,0.0071,1,True
59018,Michael J. Pagan,0.8964,2,True
2576682,Ronn Munro,0.0721,1,True
2630707,Cynthia Hayden,0.051,1,True
1227538,Ray Xifo,0.1299,1,True
171969,Tony Michael Donnelly,0.1279,1,True
2300877,Tara Carnes,0.0431,1,True
20211,John Getz,0.7018,4,True
57626,Joy Boushel,0.4685,2,True
105298,George Chuvalo,0.1087,2,True
180878,Michael Copeman,0.4521,2,True
1030612,Carol Lazare,0.3437,1,True
1030869,Shawn Hewitt,0.0143,1,True
57628,Wim Snape,0.3737,2,True
57629,Steve Huison,0.1226,2,True
29698,Paul Barber,0.2257,3,True
33679,Emily Woof,0.3938,3,True
186025,Deirdre Costello,0.4417,2,True
1335635,Paul Butterworth,0.0948,1,True
20246,Dave Hill,0.2132,2,True
235361,Bruce Jones,0.2039,2,True
201013,Andrew Livingston,0.0379,1,True
1335636,Vinny Dhillon,0.5116,2,True
1335637,Kate Layden,0.0604,1,True
1226596,Grant Rosenmeyer,0.4576,3,True
57772,Jonah Meyerson,0.0744,2,True
1916913,Aram Aslanian-Persico,0.0338,1,True
1916914,Amedeo Turturro,0.0286,1,True
1218930,Eli Gabay,0.1768,2,True
1235480,Larry Musser,0.1151,1,True
2658100,Bart the Bear,0.1654,3,True
1748609,Brian Arnold,0.0847,1,True
1896022,David Lindstedt,0.0239,1,True
77279,Gina Ravera,0.4131,3,True
111872,Helen Martin,0.2546,4,True
4996,Tatyana Ali,0.5474,6,True
51188,Darrell Larson,0.2298,2,True
552526,Andre B. Blake,0.3238,2,True
148114,Herbert Russell,0.3693,2,True
2622216,Jack Eagle,0.0,1,True
4411342,Lu Sierra,0.0409,1,True
2622219,Lauma Zemzare,0.0533,1,True
2622221,Holly Schenck,0.0286,1,True
2622222,Michelle Stone,0.0281,1,True
2622224,Annett Esser,0.0071,1,True
235507,Naama Kates,1.268,2,True
40389,Bernadette Peters,0.645,8,True
14730,Angela Lansbury,1.2192,9,True
77355,Rick Jones,0.3644,2,True
69504,Debra Mooney,0.429,4,True
142533,Charity James,0.2591,2,True
58828,Liz Callaway,0.1128,3,True
45586,Magda Szubanski,0.4161,4,True
45386,Mary Stein,0.2103,2,True
21104,Glenne Headly,0.524,6,True
212913,Nathan Kress,0.4617,5,True
11157,Myles Jeffrey,0.2128,3,True
2198541,Julie Godfrey,0.0286,1,True
2108110,Janet Foye,0.0286,1,True
4512850,Pamela Hawkins,0.0717,1,True
61351,Paul Livingston,0.1001,1,True
3131591,Kim Story,0.0537,1,True
58032,Jessica Campbell,0.1312,3,True
58045,Molly Hagan,1.0327,4,True
996758,Delaney Driscoll,0.3759,2,True
1015780,Frankie Ingrassia,0.191,1,True
2356470,Loren Nelson,0.0214,1,True
37059,Nicholas D'Agosto,1.0893,4,True
2682353,Emily Martin,0.0071,1,True
17198,Megan Dodds,0.6895,4,True
35257,Timothy West,0.2655,5,True
1439728,Kate Lansbury,0.2523,3,True
17479,Matyelok Gibbs,0.1886,3,True
83548,Peter Gunn,0.1439,2,True
14812,Jeanne Moreau,0.6478,8,True
19429,Bruce Lee,0.9789,10,True
82832,Jim Kelly,0.2439,6,True
65971,Sek Kin,0.5716,4,True
161795,Ahna Capri,0.3529,3,True
131170,Robert Wall,0.4551,4,True
115916,Angela Mao Ying,0.9775,6,True
230538,Betty Chung,0.2597,2,True
58123,Bolo Yeung Sze,0.8899,6,True
544964,Geoffrey Weeks,0.1303,1,True
62414,Yuen Biao,4.8302,7,True
125128,Marlene Clark,0.3089,3,True
62410,Sammo Hung Kam-Bo,1.4728,7,True
119460,Paul Chung Fat,1.3347,5,True
83629,Tai Bo,1.0115,4,True
103982,Ja'net DuBois,0.1287,5,True
59231,Joel David Moore,0.5818,5,True
1214427,Chris Williams,0.2372,2,True
74931,Jamal Duff,0.2288,2,True
987739,Al Kaplon,0.0595,1,True
51576,Chuck Norris,1.068,9,True
30695,Mary Kay Bergman,0.3612,4,True
1445164,Jesse Brant Howell,0.0536,1,True
1450712,Anthony Cross-Thomas,0.077,1,True
1229781,Franchesca Clifford,0.0863,1,True
1229804,Bruce Howell,0.1436,1,True
1229787,Jennifer Howell,0.131,1,True
21290,Dave Foley,0.7386,7,True
936973,Nick Rhodes,0.0942,4,True
5503,Gabrielle Anwar,2.36,6,True
88748,Richard Venture,0.2032,3,True
571251,Rochelle Oliver,0.1611,2,True
1800161,Margaret Eginton,0.0921,2,True
82923,Bérénice Bejo,0.6108,5,True
32559,Scott Handy,0.8988,2,True
1784372,Leagh Conwell,0.0885,2,True
67567,Christopher Cazenove,0.2016,4,True
79885,Steven O'Donnell,0.22,3,True
1334297,Jonathan Slinger,0.1012,3,True
1019,Mads Mikkelsen,3.3895,8,True
56614,Ray Stevenson,2.7378,7,True
77292,Sean Gilder,0.4541,4,True
8397,Charlie Creed-Miles,0.4293,4,True
93211,David Murray,0.3082,3,True
85142,Paul Ben-Victor,0.7532,5,True
120875,Frankie J. Allison,0.1382,3,True
1236548,Joe J. Garcia,0.0671,2,True
69298,Michael McGlone,0.3968,4,True
129419,Richard Zeman,0.2776,3,True
129420,Olivia Birkelund,0.2032,3,True
129421,Gary Swanson,0.0978,2,True
63342,James Bulleit,0.0765,2,True
60910,Frank Fontaine,0.5847,4,True
62760,Zena Grey,0.2179,3,True
64102,Christopher Adamson,0.2118,3,True
106765,Joanna Miles,0.3815,4,True
9296,Balthazar Getty,0.4956,5,True
113908,Ian Dury,0.1487,4,True
36901,Martin McDougall,0.2445,3,True
57669,Natalie Imbruglia,0.2472,6,True
18025,Ben Miller,1.5868,6,True
47931,Tasha de Vasconcelos,0.1829,3,True
61540,Douglas McFerran,0.1321,3,True
58778,Nina Young,0.4279,3,True
131767,Rowland Davies,0.0985,2,True
131768,Philippa Fordham,0.048,2,True
30444,Tim Berrington,0.1246,3,True
131769,Simon Bernstein,0.0214,2,True
17265,Hayden Panettiere,1.9964,8,True
89784,Phyllis Diller,0.2996,7,True
57674,Alexa PenaVega,0.8279,6,True
71467,Matt O'Leary,0.5513,5,True
82785,Emily Osment,1.8688,7,True
28933,Jean Stapleton,0.4052,7,True
43894,Hallee Hirsh,0.4213,5,True
58771,Katie Finneran,0.3488,5,True
32479,Bonnie Bartlett,0.5195,5,True
39753,Hugh O'Brian,0.288,6,True
555081,David Efron,0.4482,3,True
12483,Peter Dvorsky,0.2233,3,True
41739,Robert Harper,0.2806,4,True
42083,Roger Callard,2.1672,3,True
18364,George Segal,0.693,7,True
2345553,Jason Schaller,0.094,2,True
1760967,Jaryd Waterhouse,0.2272,2,True
1411716,Jacob Haines,0.0662,2,True
2345555,Christopher Aydon,0.0623,2,True
15863,Don S. Davis,0.705,5,True
2345559,Louis Heckerling,0.0856,2,True
60613,Brenda Crichlow,0.3734,4,True
152406,Andrea Mann,0.1282,3,True
57700,Brandon Lee,0.4875,7,True
57701,Rochelle Davis,1.4766,4,True
42649,Sofia Shinas,0.301,3,True
73132,Marco Rodríguez,0.3425,3,True
2019085,Kim Sykes,0.0969,2,True
58873,Dan Fogler,1.2643,6,True
61409,Laura Kightlinger,0.2738,4,True
171743,Lori Tan Chinn,0.9442,4,True
175037,Leigh French,0.2414,3,True
58478,Kevin Nealon,0.4085,7,True
135353,Conrad Goode,0.182,3,True
1230173,Nancy Carell,0.5244,6,True
61059,Roberto Sosa,0.2736,3,True
69865,Jesús Ochoa,0.1652,3,True
55105,Gero Camilo,0.2431,3,True
942967,Mario Zaragoza,0.1709,3,True
1181464,Charles Paraventi,0.0759,2,True
243046,Carmen Salinas,0.3286,4,True
2065738,Esteban de La Trinidad,0.0256,2,True
23877,Angelina Peláez,0.2815,3,True
39213,Keir O'Donnell,0.52,5,True
43479,David Conrad,0.6538,6,True
180327,Jennifer Alden,0.1264,3,True
22128,Geoff Stults,0.6852,5,True
59263,Diora Baird,1.4496,5,True
154095,DeJuan Guy,0.3036,3,True
980863,Marianna Elliott,0.2759,3,True
170662,Ria Pavia,0.1638,3,True
2760067,Mark Daniels,0.0071,2,True
2022026,Lisa Ann Poggi,0.0429,2,True
1208428,Adam Philipson,0.4578,3,True
115786,Eric Edwards,1.0728,4,True
101286,Carolyn Lowery,0.6534,3,True
3258915,Barbara Alston,0.0261,2,True
1669577,Sarina C. Grant,0.2307,1,True
57855,JoJo,0.3533,4,True
52775,Kristin Chenoweth,0.8083,7,True
978698,Chloe Sonnenfeld,0.379,2,True
59243,Alex Ferris,0.2191,2,True
153783,Richard Ian Cox,0.2361,3,True
1232481,Erika-Shaye Gair,0.1916,2,True
978699,Veronika Sztopa,0.0429,1,True
42708,Rob LaBelle,0.5296,3,True
9309,Richard Pryor,0.7827,9,True
37368,Annie Ross,0.2006,4,True
43805,Pamela Stephenson,0.2982,4,True
14060,Robert Vaughn,0.8311,7,True
2355447,Nancy Roberts,0.0143,1,True
14107,Graham Stark,0.1874,3,True
135182,Henry Woolf,0.0791,2,True
1231167,Gordon Rollings,0.0852,1,True
108489,Peter Wear,0.0677,1,True
1151357,Justin Case,0.0822,1,True
43442,Kerr Smith,0.7186,5,True
58392,Kristen Cloke,0.5602,4,True
40377,Roger Guenveur Smith,0.3973,3,True
86397,Chad Donella,0.6922,4,True
72440,Brendan Fehr,0.8211,5,True
118007,Forbes Angus,0.1867,2,True
81802,Lisa Marie Caruk,0.339,2,True
64897,Barbara Tyson,0.1649,3,True
5135054,Tim Wheater,0.0143,1,True
124086,David Doty,0.4158,2,True
1179646,Kresh Novakovic,0.1748,2,True
1698607,Bart Tangredi,0.142,1,True
1698609,Michael Straka,0.0857,1,True
13605,Joseph Rigano,0.3326,3,True
2102159,Richard C. Castellano,0.0641,1,True
162149,Kyle Sabihy,0.2843,2,True
164221,Rebecca Schull,0.432,4,True
54887,Elizabeth Bracco,1.5944,5,True
26662,Jennifer O'Neill,0.4291,5,True
57880,Stephen Lack,1.2589,4,True
36173,Lawrence Dane,0.3071,3,True
20175,Robert A. Silverman,0.1849,2,True
224076,Lee Broker,0.0604,1,True
175213,Mavor Moore,0.0878,2,True
1081825,Adam Ludwig,0.0327,1,True
44165,Murray Cruchley,0.0662,1,True
1383289,Fred Döderlein,0.0613,1,True
1081827,Géza Kovács,0.3111,2,True
1081828,Sonny Forbes,0.061,1,True
1081829,Jérôme Tiberghien,0.1377,1,True
199835,Denis Lacroix,0.0704,1,True
2714966,Elizabeth Mudry,0.0496,1,True
1392546,Roland Nincheri,2.0204,2,True
57893,Raquel Castro,0.4585,3,True
59620,Gemma Arterton,2.178,7,True
55412,Steve Toussaint,0.307,4,True
52890,Richard Coyle,0.639,5,True
32556,Ronald Pickup,0.6618,5,True
587354,Gísli Örn Garðarsson,0.2402,2,True
15913,Claudio Pacifico,0.1948,2,True
169691,Thomas DuPont,0.1173,1,True
1074616,"Vladimir ""Furdo"" Furdik",0.5797,2,True
37366,Linda Blair,1.325,8,True
5248,Lee J. Cobb,0.7846,8,True
65433,William O'Malley,0.1318,2,True
57921,Kitty Winn,0.2312,3,True
14016,Jack MacGowran,0.3787,4,True
26600,Rudolf Schündler,0.183,2,True
982340,Gina Petrushka,0.1,1,True
119716,Robert Symonds,0.0967,2,True
589090,Arthur Storch,0.0776,1,True
1052762,Thomas Bermingham,0.0593,1,True
2204437,Vasiliki Maliaros,0.1179,1,True
16476,Larry Drake,0.2765,5,True
57959,Nelson Mashita,0.1159,2,True
95209,Rafael H. Robledo,0.1067,1,True
182210,Dan Bell,0.4225,2,True
100461,Nicholas Worth,0.2847,3,True
109670,Said Faraj,0.4012,2,True
1677323,Nathan Jung,0.0614,1,True
64025,T.J. Lowther,0.7111,3,True
177049,Paul Hewitt,0.0969,1,True
159381,Jennifer Griffin,0.2323,2,True
1079606,Leslie Flowers,0.0461,1,True
1079607,Belinda Flowers,0.0361,1,True
1079608,Jay Whiteaker,0.0673,1,True
1079609,Taylor Suzanna McBride,0.0214,1,True
1079610,Christopher Reagan Ammons,0.0239,1,True
37946,Aitana Sánchez-Gijón,0.3954,4,True
5401,Anthony Quinn,0.7626,9,True
7353,Angélica Aragón,0.3435,4,True
1194312,Evangelina Elizondo,0.0606,1,True
15800,Don Amendolia,0.0852,2,True
2950336,Juan Jiménez,0.0214,1,True
26995,Gregory Paul Martin,0.1003,1,True
62595,Mary Pat Gleason,0.2184,4,True
85869,John Dennis Johnston,0.3768,2,True
9293,Ivory Ocean,0.2695,2,True
152943,Macon McCalman,0.2296,3,True
58016,Anna Friel,1.0086,7,True
58019,Ethan Embry,1.2604,5,True
58014,Rossif Sutherland,1.4106,4,True
58012,David La Haye,0.1872,2,True
43612,Christian Tessier,0.2606,2,True
185731,Lawrence Taylor,0.1062,2,True
77896,Bill Bellamy,0.2548,4,True
51359,Lela Rochon,0.3426,3,True
13567,Ann-Margret,0.7302,8,True
19189,Elizabeth Berkley,1.0127,7,True
21798,Johnny Messner,0.5907,4,True
1053927,Chad Smith,0.0495,1,True
91607,Paul Francis,0.1121,1,True
105762,Jimmy Jean-Louis,0.3838,4,True
1378251,Awaovieyi Agie,0.2323,1,True
8631,Nancy Olson,0.3163,4,True
21474,Leslie Stefanson,0.9476,4,True
201291,Malcolm Brownson,0.0214,1,True
1075044,Benjamin Brock,0.0338,1,True
43364,Dakin Matthews,0.4473,3,True
1075045,Zack Zeigler,0.0143,1,True
24293,Doris Belack,0.2083,3,True
1178373,Peter Gatto,0.0505,1,True
1178374,Amy Lawrence,0.0071,1,True
152409,Florence Paterson,0.1063,1,True
2218466,Robin Collins,0.0474,1,True
1248215,Corrie Clark,0.1183,1,True
1178114,Rebecca Toolan,0.1879,1,True
3972000,Curt Willington,0.0281,1,True
58119,Austin O'Brien,0.8819,4,True
40176,Art Carney,0.3973,6,True
106836,Alonna Shaw,0.3625,2,True
106837,Cory Everson,0.5596,3,True
70591,Philip Chan,0.9797,3,True
102883,Woo Fung,0.489,2,True
32340,Kamel Krifa,0.455,2,True
1785844,Peter Malota,0.4459,1,True
1225042,Sarah-Jane Varley,0.0492,1,True
2819052,Eugene Choy,0.0691,1,True
188773,David Lea,0.1895,1,True
119647,To Wai-Wo,1.3345,2,True
69718,Jon Cryer,1.4,8,True
4041,William O'Leary,0.4468,2,True
34981,Efrem Zimbalist Jr.,0.4262,5,True
83364,Rino Thunder,0.102,1,True
132726,Mark Arnott,0.0714,1,True
93345,Ryan Cutrona,0.2089,2,True
1312327,Bill Laimbeer,2.0128,3,True
58136,Christine Cavanaugh,0.2355,4,True
1080206,Evelyn Krape,0.0632,1,True
1080207,Michael Edward-Stevens,0.1163,1,True
1229258,Charles Bartlett,0.1028,1,True
1080208,Zoe Burton,0.0362,1,True
1080209,Wade Hayward,0.0214,1,True
179816,Gemini Barnett,1.2205,2,True
58147,Jascha Washington,0.4708,2,True
1226697,Carl Wright,0.0618,1,True
1400838,Phyllis Applegate,0.1457,1,True
44822,Starletta DuPois,0.2795,3,True
149425,Nicole Prescott,0.1387,1,True
83600,Tichina Arnold,0.4899,5,True
44994,Arsenio Hall,0.2422,7,True
155783,Shari Headley,0.6207,4,True
44795,Louie Anderson,0.2416,6,True
100653,Vanessa Bell Calloway,0.3856,4,True
58150,Stacey Dash,0.3529,5,True
49002,Donald Faison,0.5312,6,True
58151,Elisa Donovan,0.675,5,True
75689,Aida Linares,0.1226,2,True
30881,Justin Walker,0.671,3,True
2070119,Sabastian Rashidi,0.0885,1,True
2070121,Herb Hall,0.0297,1,True
40680,Julie Brown,0.6109,5,True
108869,Gloria Delaney,0.149,2,True
42124,Oleg Vidov,0.1625,3,True
1190224,Savely Kramarov,0.2101,2,True
1855006,Dana Kaminski,0.8501,2,True
939703,Mojo Nixon,0.0404,2,True
160427,Francesca P. Roberts,0.2395,2,True
559432,Sylvia Harman,0.0461,1,True
1229200,Desiree Marie Velez,0.0818,1,True
106949,Andrea Powell,0.5658,2,True
2891290,Heather Pendergast,0.0071,1,True
58181,Wilt Chamberlain,0.3014,6,True
2459940,Bruce Fleischer,0.0387,1,True
26557,Ferdy Mayne,0.2903,3,True
31171,Julie Bowen,1.9386,7,True
170802,Bob Barker,0.3532,8,True
17494,Dennis Dugan,0.8227,5,True
59196,Joe Flaherty,0.2495,4,True
392685,Lee Trevino,0.0589,3,True
1024638,Verne Lundquist,0.0362,2,True
191857,Jared Van Snellenberg,0.9921,2,True
106789,Ken Camroux-Taylor,0.1984,1,True
116277,Nathalie Kelley,1.5039,4,True
116278,Brian Tee,0.9503,5,True
52477,Zachery Ty Bryan,0.371,4,True
162367,Jason Tobin,0.3106,2,True
120923,Keiko Kitagawa,1.9031,6,True
1670874,Damien Marzette,0.1086,1,True
60390,Trula M. Marcus,1.3119,3,True
